[2026-09-03T02:15:59+00:00] start  so=61f02a02345f3b2e27cef45de8ade0c2  mask=0xf0  freq=299
--- board ---
  cpu0 gov=performance min=1008000
  cpu4 gov=performance min=1200000
  cpu6 gov=performance min=1200000
  npu clk=600000000
--- both events co-exist without multiplexing (want two counts, no <not counted>) ---

 Performance counter stats for 'system wide':

           1408429      armv8_cortex_a76/cpu_cycles/                                          
            528047      armv8_cortex_a76/inst_retired/                                        

       1.002768269 seconds time elapsed

[2026-09-03T02:16:01+00:00] warmup
[2026-09-03T02:17:23+00:00] record
[2026-09-03T02:24:00+00:00] record rc=0 wall=397s  data=34786620B
[ perf record: Woken up 130 times to write data ]
Failed to open /proc/schedstat
[ perf record: Captured and wrote 33.159 MB <data>/trackd27-a76ipc12b/a76.data (554796 samples) ]
--- ARM t/s (compare against trackd24's 21.19 and the published pinned 21.11) ---
| gemma4 ?B F16                  |  22.18 GiB |    11.91 B | ROCKET     |  -1 |       4 |          pp2048 |         21.12 ± 0.06 |
=== per-event sample counts (perf report prints one section per event) ===
# To display the perf.data header info, please use --header/--header-only options.
#
#
# Total Lost Samples: 0
#
# Samples: 307K of event 'armv8_cortex_a76/cpu_cycles/'
# Event count (approx.): 1344251933585
#
# Overhead  Command        
# ........  ...............
#
    93.06%  llama-bench    
     3.70%  swapper        
     1.05%  irq/70-fdac0000
     1.04%  irq/71-fdad0000
     0.97%  irq/69-fdab0000
     0.05%  :-1            
     0.03%  kworker/4:1-eve
     0.02%  kcompactd0     
     0.01%  kworker/5:2-eve
     0.01%  kworker/6:2-mm_
     0.01%  migration/7    
     0.01%  kworker/7:2-eve
     0.01%  migration/5    
     0.00%  sshd-auth      
     0.00%  migration/6    
     0.00%  ksoftirqd/4    
     0.00%  sshd-session   
     0.00%  systemd        
     0.00%  systemd-journal
     0.00%  pgrep          
     0.00%  .NET TP Worker 
     0.00%  kworker/u32:3-p
     0.00%  kworker/u32:0-f
     0.00%  kworker/u32:1-f
     0.00%  migration/4    
     0.00%  ksoftirqd/7    
     0.00%  dhcpcd-run-hook
     0.00%  systemd-logind 
     0.00%  ksoftirqd/6    
     0.00%  grep           
     0.00%  dbus-daemon    
     0.00%  kthreadd       
     0.00%  perf           


# Samples: 246K of event 'armv8_cortex_a76/inst_retired/'
# Event count (approx.): 1706239255395
#
# Overhead  Command        
# ........  ...............
#
    97.03%  llama-bench    
     2.21%  swapper        
     0.25%  irq/69-fdab0000
     0.24%  irq/71-fdad0000
     0.22%  irq/70-fdac0000
     0.01%  kcompactd0     
     0.01%  :-1            
     0.01%  sshd-auth      
=== dso, BOTH events (READ THIS BEFORE ANY SYMBOL VIEW) ===
# To display the perf.data header info, please use --header/--header-only options.
#
#
# Total Lost Samples: 0
#
# Samples: 307K of event 'armv8_cortex_a76/cpu_cycles/'
# Event count (approx.): 1344251933585
#
# Overhead  Shared Object           
# ........  ........................
#
    42.15%  libggml-rocket.so       
    21.48%  [kernel.kallsyms]       
    17.44%  libggml-cpu.so          
     9.03%  libc.so.6               
     7.48%  libm.so.6               
     1.24%  libggml-base.so.0.20.2  
     0.89%  libgomp.so.1.0.0        
     0.11%  libllama.so.0.1.2       
     0.10%  [rocket]                
     0.04%  [vdso]                  
     0.02%  libstdc++.so.6.0.36     
     0.01%  libllama-bench-impl.so  
     0.01%  ld-linux-aarch64.so.1   
     0.00%  sshd-auth               
     0.00%  libcrypto.so.3          
     0.00%  libsystemd-shared-261.so
     0.00%  [drm_shmem_helper]      
     0.00%  libsystemd-core-261.so  
     0.00%  libpam.so.0.85.1        
     0.00%  libdbus-1.so.3.38.3     
     0.00%  dbus-daemon             
     0.00%  sshd-session            


# Samples: 246K of event 'armv8_cortex_a76/inst_retired/'
# Event count (approx.): 1706239255395
#
# Overhead  Shared Object           
# ........  ........................
#
    32.15%  libggml-cpu.so          
    27.17%  libggml-rocket.so       
    18.30%  [kernel.kallsyms]       
    14.57%  libm.so.6               
     2.84%  libc.so.6               
     2.48%  libggml-base.so.0.20.2  
     2.21%  libgomp.so.1.0.0        
     0.10%  libllama.so.0.1.2       
     0.07%  [rocket]                
     0.05%  libstdc++.so.6.0.36     
     0.03%  libllama-bench-impl.so  
     0.02%  [vdso]                  
     0.01%  sshd-auth               
     0.00%  [drm_shmem_helper]      
     0.00%  ld-linux-aarch64.so.1   
     0.00%  libsystemd-shared-261.so
     0.00%  libcrypto.so.3          
     0.00%  sshd-session            
     0.00%  libdbus-1.so.3.38.3     
=== dso,symbol top 60, BOTH events ===
# To display the perf.data header info, please use --header/--header-only options.
#
#
# Total Lost Samples: 0
#
# Samples: 307K of event 'armv8_cortex_a76/cpu_cycles/'
# Event count (approx.): 1344251933585
#
# Overhead  Shared Object             Symbol                                                                                                                                                                                                                                                                                                                                                                                                                                                                                                                                                                                                                                                                                                                                                                                                                                                                                                                                                                                                                                                           IPC   [IPC Coverage]
# ........  ........................  ...............................................................................................................................................................................................................................................................................................................................................................................................................................................................................................................................................................................................................................................................................................................................................................................................................................................................................................................................................................................................................................................................................................................................................................................................................................................................................................................................................................................................................................................................................................................................................................................................................................................................................................................  ....................
#
    11.00%  libggml-rocket.so         [.] mm_pack_weights                                                                                                                                                                                                                                                                                                                                                                                                                                                                                                                                                                                                                                                                                                                                                                                                                                                                                                                                                                                                                                                                                                                                                                                                                                                                                                                                                                                                                                                                                                                                                                                                                                                                                              -      -            
    10.45%  libggml-rocket.so         [.] mm_pack_weights_seg                                                                                                                                                                                                                                                                                                                                                                                                                                                                                                                                                                                                                                                                                                                                                                                                                                                                                                                                                                                                                                                                                                                                                                                                                                                                                                                                                                                                                                                                                                                                                                                                                                                                                          -      -            
     7.18%  libm.so.6                 [.] expf                                                                                                                                                                                                                                                                                                                                                                                                                                                                                                                                                                                                                                                                                                                                                                                                                                                                                                                                                                                                                                                                                                                                                                                                                                                                                                                                                                                                                                                                                                                                                                                                                                                                                                         -      -            
     6.30%  [kernel.kallsyms]         [k] 0xffffd473d4e57450                                                                                                                                                                                                                                                                                                                                                                                                                                                                                                                                                                                                                                                                                                                                                                                                                                                                                                                                                                                                                                                                                                                                                                                                                                                                                                                                                                                                                                                                                                                                                                                                                                                                                           -      -            
     6.25%  libggml-cpu.so            [.] ggml_compute_forward_flash_attn_ext_tiled(ggml_compute_params const*, ggml_tensor*, int, int)                                                                                                                                                                                                                                                                                                                                                                                                                                                                                                                                                                                                                                                                                                                                                                                                                                                                                                                                                                                                                                                                                                                                                                                                                                                                                                                                                                                                                                                                                                                                                                                                                -      -            
     5.50%  [kernel.kallsyms]         [k] 0xffffd473d4e574d0                                                                                                                                                                                                                                                                                                                                                                                                                                                                                                                                                                                                                                                                                                                                                                                                                                                                                                                                                                                                                                                                                                                                                                                                                                                                                                                                                                                                                                                                                                                                                                                                                                                                                           -      -            
     4.82%  libggml-cpu.so            [.] ggml_compute_forward_glu                                                                                                                                                                                                                                                                                                                                                                                                                                                                                                                                                                                                                                                                                                                                                                                                                                                                                                                                                                                                                                                                                                                                                                                                                                                                                                                                                                                                                                                                                                                                                                                                                                                                                     -      -            
     4.25%  libggml-rocket.so         [.] rocket_mm_batch_run                                                                                                                                                                                                                                                                                                                                                                                                                                                                                                                                                                                                                                                                                                                                                                                                                                                                                                                                                                                                                                                                                                                                                                                                                                                                                                                                                                                                                                                                                                                                                                                                                                                                                          -      -            
     3.12%  libggml-rocket.so         [.] host_softmax_rows                                                                                                                                                                                                                                                                                                                                                                                                                                                                                                                                                                                                                                                                                                                                                                                                                                                                                                                                                                                                                                                                                                                                                                                                                                                                                                                                                                                                                                                                                                                                                                                                                                                                                            -      -            
     3.10%  libggml-rocket.so         [.] feat_scatter_into                                                                                                                                                                                                                                                                                                                                                                                                                                                                                                                                                                                                                                                                                                                                                                                                                                                                                                                                                                                                                                                                                                                                                                                                                                                                                                                                                                                                                                                                                                                                                                                                                                                                                            -      -            
     2.73%  libc.so.6                 [.] 0x00000000000a64d0                                                                                                                                                                                                                                                                                                                                                                                                                                                                                                                                                                                                                                                                                                                                                                                                                                                                                                                                                                                                                                                                                                                                                                                                                                                                                                                                                                                                                                                                                                                                                                                                                                                                                           -      -            
     2.70%  libggml-rocket.so         [.] mm_compute_kacc                                                                                                                                                                                                                                                                                                                                                                                                                                                                                                                                                                                                                                                                                                                                                                                                                                                                                                                                                                                                                                                                                                                                                                                                                                                                                                                                                                                                                                                                                                                                                                                                                                                                                              -      -            
     2.66%  libggml-rocket.so         [.] fa_mask_scores                                                                                                                                                                                                                                                                                                                                                                                                                                                                                                                                                                                                                                                                                                                                                                                                                                                                                                                                                                                                                                                                                                                                                                                                                                                                                                                                                                                                                                                                                                                                                                                                                                                                                               -      -            
     2.60%  [kernel.kallsyms]         [k] 0xffffd473d620bea4                                                                                                                                                                                                                                                                                                                                                                                                                                                                                                                                                                                                                                                                                                                                                                                                                                                                                                                                                                                                                                                                                                                                                                                                                                                                                                                                                                                                                                                                                                                                                                                                                                                                                           -      -            
     2.55%  libc.so.6                 [.] 0x00000000000a64cc                                                                                                                                                                                                                                                                                                                                                                                                                                                                                                                                                                                                                                                                                                                                                                                                                                                                                                                                                                                                                                                                                                                                                                                                                                                                                                                                                                                                                                                                                                                                                                                                                                                                                           -      -            
     2.49%  [kernel.kallsyms]         [k] 0xffffd473d6211fd0                                                                                                                                                                                                                                                                                                                                                                                                                                                                                                                                                                                                                                                                                                                                                                                                                                                                                                                                                                                                                                                                                                                                                                                                                                                                                                                                                                                                                                                                                                                                                                                                                                                                                           -      -            
     2.43%  libggml-cpu.so            [.] ggml_compute_forward_rms_norm_mul_fused                                                                                                                                                                                                                                                                                                                                                                                                                                                                                                                                                                                                                                                                                                                                                                                                                                                                                                                                                                                                                                                                                                                                                                                                                                                                                                                                                                                                                                                                                                                                                                                                                                                                      -      -            
     1.79%  libggml-rocket.so         [.] ggml_backend_rocket_flash_attn(ggml_backend_rocket_context*, ggml_tensor*)                                                                                                                                                                                                                                                                                                                                                                                                                                                                                                                                                                                                                                                                                                                                                                                                                                                                                                                                                                                                                                                                                                                                                                                                                                                                                                                                                                                                                                                                                                                                                                                                                                   -      -            
     1.23%  libggml-cpu.so            [.] ggml_compute_forward_add_non_quantized                                                                                                                                                                                                                                                                                                                                                                                                                                                                                                                                                                                                                                                                                                                                                                                                                                                                                                                                                                                                                                                                                                                                                                                                                                                                                                                                                                                                                                                                                                                                                                                                                                                                       -      -            
     1.19%  libggml-rocket.so         [.] rocket_pack_activations(float const*, unsigned short*, long, long, float*)                                                                                                                                                                                                                                                                                                                                                                                                                                                                                                                                                                                                                                                                                                                                                                                                                                                                                                                                                                                                                                                                                                                                                                                                                                                                                                                                                                                                                                                                                                                                                                                                                                   -      -            
     1.17%  [kernel.kallsyms]         [k] 0xffffd473d4f1d324                                                                                                                                                                                                                                                                                                                                                                                                                                                                                                                                                                                                                                                                                                                                                                                                                                                                                                                                                                                                                                                                                                                                                                                                                                                                                                                                                                                                                                                                                                                                                                                                                                                                                           -      -            
     0.96%  libggml-cpu.so            [.] ggml_cpu_fp32_to_fp16                                                                                                                                                                                                                                                                                                                                                                                                                                                                                                                                                                                                                                                                                                                                                                                                                                                                                                                                                                                                                                                                                                                                                                                                                                                                                                                                                                                                                                                                                                                                                                                                                                                                                        -      -            
     0.95%  libc.so.6                 [.] 0x00000000000a64c4                                                                                                                                                                                                                                                                                                                                                                                                                                                                                                                                                                                                                                                                                                                                                                                                                                                                                                                                                                                                                                                                                                                                                                                                                                                                                                                                                                                                                                                                                                                                                                                                                                                                                           -      -            
     0.95%  libc.so.6                 [.] 0x00000000000a64c8                                                                                                                                                                                                                                                                                                                                                                                                                                                                                                                                                                                                                                                                                                                                                                                                                                                                                                                                                                                                                                                                                                                                                                                                                                                                                                                                                                                                                                                                                                                                                                                                                                                                                           -      -            
     0.93%  libc.so.6                 [.] 0x00000000000a7458                                                                                                                                                                                                                                                                                                                                                                                                                                                                                                                                                                                                                                                                                                                                                                                                                                                                                                                                                                                                                                                                                                                                                                                                                                                                                                                                                                                                                                                                                                                                                                                                                                                                                           -      -            
     0.85%  libggml-base.so.0.20.2    [.] ggml_fp32_to_fp16                                                                                                                                                                                                                                                                                                                                                                                                                                                                                                                                                                                                                                                                                                                                                                                                                                                                                                                                                                                                                                                                                                                                                                                                                                                                                                                                                                                                                                                                                                                                                                                                                                                                                            -      -            
     0.60%  libggml-rocket.so         [.] rocket_unpack_output_seg(unsigned short const*, long, long, float*, long, long, float const*)                                                                                                                                                                                                                                                                                                                                                                                                                                                                                                                                                                                                                                                                                                                                                                                                                                                                                                                                                                                                                                                                                                                                                                                                                                                                                                                                                                                                                                                                                                                                                                                                                -      -            
     0.51%  libggml-cpu.so            [.] ggml_compute_forward_mul                                                                                                                                                                                                                                                                                                                                                                                                                                                                                                                                                                                                                                                                                                                                                                                                                                                                                                                                                                                                                                                                                                                                                                                                                                                                                                                                                                                                                                                                                                                                                                                                                                                                                     -      -            
     0.45%  libggml-cpu.so            [.] void ggml_compute_forward_rope_flt<float>(ggml_compute_params const*, ggml_tensor*, bool)                                                                                                                                                                                                                                                                                                                                                                                                                                                                                                                                                                                                                                                                                                                                                                                                                                                                                                                                                                                                                                                                                                                                                                                                                                                                                                                                                                                                                                                                                                                                                                                                                    -      -            
     0.37%  libggml-base.so.0.20.2    [.] ggml_fp16_to_fp32                                                                                                                                                                                                                                                                                                                                                                                                                                                                                                                                                                                                                                                                                                                                                                                                                                                                                                                                                                                                                                                                                                                                                                                                                                                                                                                                                                                                                                                                                                                                                                                                                                                                                            -      -            
     0.35%  [kernel.kallsyms]         [k] 0xffffd473d621a4ec                                                                                                                                                                                                                                                                                                                                                                                                                                                                                                                                                                                                                                                                                                                                                                                                                                                                                                                                                                                                                                                                                                                                                                                                                                                                                                                                                                                                                                                                                                                                                                                                                                                                                           -      -            
     0.34%  libggml-rocket.so         [.] expf@plt                                                                                                                                                                                                                                                                                                                                                                                                                                                                                                                                                                                                                                                                                                                                                                                                                                                                                                                                                                                                                                                                                                                                                                                                                                                                                                                                                                                                                                                                                                                                                                                                                                                                                                     -      -            
     0.34%  libgomp.so.1.0.0          [.] 0x0000000000022440                                                                                                                                                                                                                                                                                                                                                                                                                                                                                                                                                                                                                                                                                                                                                                                                                                                                                                                                                                                                                                                                                                                                                                                                                                                                                                                                                                                                                                                                                                                                                                                                                                                                                           -      -            
     0.32%  libgomp.so.1.0.0          [.] 0x000000000002244c                                                                                                                                                                                                                                                                                                                                                                                                                                                                                                                                                                                                                                                                                                                                                                                                                                                                                                                                                                                                                                                                                                                                                                                                                                                                                                                                                                                                                                                                                                                                                                                                                                                                                           -      -            
     0.30%  libggml-rocket.so         [.] rocket_unpack_output(unsigned short const*, float*, long, long, float const*)                                                                                                                                                                                                                                                                                                                                                                                                                                                                                                                                                                                                                                                                                                                                                                                                                                                                                                                                                                                                                                                                                                                                                                                                                                                                                                                                                                                                                                                                                                                                                                                                                                -      -            
     0.23%  libggml-cpu.so            [.] ggml_compute_forward_rms_norm                                                                                                                                                                                                                                                                                                                                                                                                                                                                                                                                                                                                                                                                                                                                                                                                                                                                                                                                                                                                                                                                                                                                                                                                                                                                                                                                                                                                                                                                                                                                                                                                                                                                                -      -            
     0.23%  libggml-rocket.so         [.] mm_pack_input                                                                                                                                                                                                                                                                                                                                                                                                                                                                                                                                                                                                                                                                                                                                                                                                                                                                                                                                                                                                                                                                                                                                                                                                                                                                                                                                                                                                                                                                                                                                                                                                                                                                                                -      -            
     0.20%  libggml-cpu.so            [.] ggml_cpu_fp16_to_fp32                                                                                                                                                                                                                                                                                                                                                                                                                                                                                                                                                                                                                                                                                                                                                                                                                                                                                                                                                                                                                                                                                                                                                                                                                                                                                                                                                                                                                                                                                                                                                                                                                                                                                        -      -            
     0.19%  libc.so.6                 [.] getenv                                                                                                                                                                                                                                                                                                                                                                                                                                                                                                                                                                                                                                                                                                                                                                                                                                                                                                                                                                                                                                                                                                                                                                                                                                                                                                                                                                                                                                                                                                                                                                                                                                                                                                       -      -            
     0.19%  libggml-cpu.so            [.] ggml_vec_dot_f16                                                                                                                                                                                                                                                                                                                                                                                                                                                                                                                                                                                                                                                                                                                                                                                                                                                                                                                                                                                                                                                                                                                                                                                                                                                                                                                                                                                                                                                                                                                                                                                                                                                                                             -      -            
     0.15%  libggml-cpu.so            [.] ggml_vec_soft_max_f32                                                                                                                                                                                                                                                                                                                                                                                                                                                                                                                                                                                                                                                                                                                                                                                                                                                                                                                                                                                                                                                                                                                                                                                                                                                                                                                                                                                                                                                                                                                                                                                                                                                                                        -      -            
     0.15%  [kernel.kallsyms]         [k] 0xffffd473d4ee4f14                                                                                                                                                                                                                                                                                                                                                                                                                                                                                                                                                                                                                                                                                                                                                                                                                                                                                                                                                                                                                                                                                                                                                                                                                                                                                                                                                                                                                                                                                                                                                                                                                                                                                           -      -            
     0.13%  libggml-rocket.so         [.] ggml_fp16_to_fp32@plt                                                                                                                                                                                                                                                                                                                                                                                                                                                                                                                                                                                                                                                                                                                                                                                                                                                                                                                                                                                                                                                                                                                                                                                                                                                                                                                                                                                                                                                                                                                                                                                                                                                                                        -      -            
     0.12%  libc.so.6                 [.] 0x00000000000a64b4                                                                                                                                                                                                                                                                                                                                                                                                                                                                                                                                                                                                                                                                                                                                                                                                                                                                                                                                                                                                                                                                                                                                                                                                                                                                                                                                                                                                                                                                                                                                                                                                                                                                                           -      -            
     0.11%  libgomp.so.1.0.0          [.] 0x0000000000022778                                                                                                                                                                                                                                                                                                                                                                                                                                                                                                                                                                                                                                                                                                                                                                                                                                                                                                                                                                                                                                                                                                                                                                                                                                                                                                                                                                                                                                                                                                                                                                                                                                                                                           -      -            
     0.11%  [kernel.kallsyms]         [k] 0xffffd473d4f04ef4                                                                                                                                                                                                                                                                                                                                                                                                                                                                                                                                                                                                                                                                                                                                                                                                                                                                                                                                                                                                                                                                                                                                                                                                                                                                                                                                                                                                                                                                                                                                                                                                                                                                                           -      -            
     0.10%  libgomp.so.1.0.0          [.] 0x000000000002276c                                                                                                                                                                                                                                                                                                                                                                                                                                                                                                                                                                                                                                                                                                                                                                                                                                                                                                                                                                                                                                                                                                                                                                                                                                                                                                                                                                                                                                                                                                                                                                                                                                                                                           -      -            
     0.10%  libc.so.6                 [.] 0x00000000000a64f0                                                                                                                                                                                                                                                                                                                                                                                                                                                                                                                                                                                                                                                                                                                                                                                                                                                                                                                                                                                                                                                                                                                                                                                                                                                                                                                                                                                                                                                                                                                                                                                                                                                                                           -      -            
     0.09%  libm.so.6                 [.] sincosf32                                                                                                                                                                                                                                                                                                                                                                                                                                                                                                                                                                                                                                                                                                                                                                                                                                                                                                                                                                                                                                                                                                                                                                                                                                                                                                                                                                                                                                                                                                                                                                                                                                                                                                    -      -            
     0.09%  libc.so.6                 [.] 0x00000000000a64b8                                                                                                                                                                                                                                                                                                                                                                                                                                                                                                                                                                                                                                                                                                                                                                                                                                                                                                                                                                                                                                                                                                                                                                                                                                                                                                                                                                                                                                                                                                                                                                                                                                                                                           -      -            
     0.09%  libggml-rocket.so         [.] gen_matmul_fp16                                                                                                                                                                                                                                                                                                                                                                                                                                                                                                                                                                                                                                                                                                                                                                                                                                                                                                                                                                                                                                                                                                                                                                                                                                                                                                                                                                                                                                                                                                                                                                                                                                                                                              -      -            
     0.09%  [kernel.kallsyms]         [k] 0xffffd473d62092dc                                                                                                                                                                                                                                                                                                                                                                                                                                                                                                                                                                                                                                                                                                                                                                                                                                                                                                                                                                                                                                                                                                                                                                                                                                                                                                                                                                                                                                                                                                                                                                                                                                                                                           -      -            
     0.09%  [kernel.kallsyms]         [k] 0xffffd473d4fac388                                                                                                                                                                                                                                                                                                                                                                                                                                                                                                                                                                                                                                                                                                                                                                                                                                                                                                                                                                                                                                                                                                                                                                                                                                                                                                                                                                                                                                                                                                                                                                                                                                                                                           -      -            
     0.08%  libm.so.6                 [.] 0x000000000005626c                                                                                                                                                                                                                                                                                                                                                                                                                                                                                                                                                                                                                                                                                                                                                                                                                                                                                                                                                                                                                                                                                                                                                                                                                                                                                                                                                                                                                                                                                                                                                                                                                                                                                           -      -            
     0.08%  libggml-rocket.so         [.] gen_matmul_task.constprop.0                                                                                                                                                                                                                                                                                                                                                                                                                                                                                                                                                                                                                                                                                                                                                                                                                                                                                                                                                                                                                                                                                                                                                                                                                                                                                                                                                                                                                                                                                                                                                                                                                                                                                  -      -            
     0.07%  [kernel.kallsyms]         [k] 0xffffd473d61d76c4                                                                                                                                                                                                                                                                                                                                                                                                                                                                                                                                                                                                                                                                                                                                                                                                                                                                                                                                                                                                                                                                                                                                                                                                                                                                                                                                                                                                                                                                                                                                                                                                                                                                                           -      -            
     0.06%  libm.so.6                 [.] 0x000000000005624c                                                                                                                                                                                                                                                                                                                                                                                                                                                                                                                                                                                                                                                                                                                                                                                                                                                                                                                                                                                                                                                                                                                                                                                                                                                                                                                                                                                                                                                                                                                                                                                                                                                                                           -      -            
     0.06%  libc.so.6                 [.] 0x00000000000a649c                                                                                                                                                                                                                                                                                                                                                                                                                                                                                                                                                                                                                                                                                                                                                                                                                                                                                                                                                                                                                                                                                                                                                                                                                                                                                                                                                                                                                                                                                                                                                                                                                                                                                           -      -            
     0.06%  [kernel.kallsyms]         [k] 0xffffd473d621a1ac                                                                                                                                                                                                                                                                                                                                                                                                                                                                                                                                                                                                                                                                                                                                                                                                                                                                                                                                                                                                                                                                                                                                                                                                                                                                                                                                                                                                                                                                                                                                                                                                                                                                                           -      -            
     0.06%  libm.so.6                 [.] 0x0000000000056264                                                                                                                                                                                                                                                                                                                                                                                                                                                                                                                                                                                                                                                                                                                                                                                                                                                                                                                                                                                                                                                                                                                                                                                                                                                                                                                                                                                                                                                                                                                                                                                                                                                                                           -      -            
     0.06%  [kernel.kallsyms]         [k] 0xffffd473d6210864                                                                                                                                                                                                                                                                                                                                                                                                                                                                                                                                                                                                                                                                                                                                                                                                                                                                                                                                                                                                                                                                                                                                                                                                                                                                                                                                                                                                                                                                                                                                                                                                                                                                                           -      -            
     0.04%  [kernel.kallsyms]         [k] 0xffffd473d4fd42dc                                                                                                                                                                                                                                                                                                                                                                                                                                                                                                                                                                                                                                                                                                                                                                                                                                                                                                                                                                                                                                                                                                                                                                                                                                                                                                                                                                                                                                                                                                                                                                                                                                                                                           -      -            
     0.04%  [vdso]                    [.] __kernel_clock_gettime                                                                                                                                                                                                                                                                                                                                                                                                                                                                                                                                                                                                                                                                                                                                                                                                                                                                                                                                                                                                                                                                                                                                                                                                                                                                                                                                                                                                                                                                                                                                                                                                                                                                                       -      -            
     0.04%  libc.so.6                 [.] ioctl                                                                                                                                                                                                                                                                                                                                                                                                                                                                                                                                                                                                                                                                                                                                                                                                                                                                                                                                                                                                                                                                                                                                                                                                                                                                                                                                                                                                                                                                                                                                                                                                                                                                                                        -      -            
     0.04%  libc.so.6                 [.] strncmp                                                                                                                                                                                                                                                                                                                                                                                                                                                                                                                                                                                                                                                                                                                                                                                                                                                                                                                                                                                                                                                                                                                                                                                                                                                                                                                                                                                                                                                                                                                                                                                                                                                                                                      -      -            
     0.04%  libc.so.6                 [.] 0x00000000000a64f8                                                                                                                                                                                                                                                                                                                                                                                                                                                                                                                                                                                                                                                                                                                                                                                                                                                                                                                                                                                                                                                                                                                                                                                                                                                                                                                                                                                                                                                                                                                                                                                                                                                                                           -      -            
     0.03%  [kernel.kallsyms]         [k] 0xffffd473d4f301dc                                                                                                                                                                                                                                                                                                                                                                                                                                                                                                                                                                                                                                                                                                                                                                                                                                                                                                                                                                                                                                                                                                                                                                                                                                                                                                                                                                                                                                                                                                                                                                                                                                                                                           -      -            
     0.03%  [kernel.kallsyms]         [k] 0xffffd473d4fa8308                                                                                                                                                                                                                                                                                                                                                                                                                                                                                                                                                                                                                                                                                                                                                                                                                                                                                                                                                                                                                                                                                                                                                                                                                                                                                                                                                                                                                                                                                                                                                                                                                                                                                           -      -            
     0.03%  [kernel.kallsyms]         [k] 0xffffd473d4fa8198                                                                                                                                                                                                                                                                                                                                                                                                                                                                                                                                                                                                                                                                                                                                                                                                                                                                                                                                                                                                                                                                                                                                                                                                                                                                                                                                                                                                                                                                                                                                                                                                                                                                                           -      -            
     0.03%  [kernel.kallsyms]         [k] 0xffffd473d621a280                                                                                                                                                                                                                                                                                                                                                                                                                                                                                                                                                                                                                                                                                                                                                                                                                                                                                                                                                                                                                                                                                                                                                                                                                                                                                                                                                                                                                                                                                                                                                                                                                                                                                           -      -            
     0.03%  [kernel.kallsyms]         [k] 0xffffd473d61da2b0                                                                                                                                                                                                                                                                                                                                                                                                                                                                                                                                                                                                                                                                                                                                                                                                                                                                                                                                                                                                                                                                                                                                                                                                                                                                                                                                                                                                                                                                                                                                                                                                                                                                                           -      -            
     0.03%  [rocket]                  [k] rocket_job_hw_submit.part.0                                                                                                                                                                                                                                                                                                                                                                                                                                                                                                                                                                                                                                                                                                                                                                                                                                                                                                                                                                                                                                                                                                                                                                                                                                                                                                                                                                                                                                                                                                                                                                                                                                                                                  -      -            
     0.03%  [kernel.kallsyms]         [k] 0xffffd473d4fa8144                                                                                                                                                                                                                                                                                                                                                                                                                                                                                                                                                                                                                                                                                                                                                                                                                                                                                                                                                                                                                                                                                                                                                                                                                                                                                                                                                                                                                                                                                                                                                                                                                                                                                           -      -            
     0.03%  [kernel.kallsyms]         [k] 0xffffd473d62088b4                                                                                                                                                                                                                                                                                                                                                                                                                                                                                                                                                                                                                                                                                                                                                                                                                                                                                                                                                                                                                                                                                                                                                                                                                                                                                                                                                                                                                                                                                                                                                                                                                                                                                           -      -            
     0.03%  [kernel.kallsyms]         [k] 0xffffd473d51e42f4                                                                                                                                                                                                                                                                                                                                                                                                                                                                                                                                                                                                                                                                                                                                                                                                                                                                                                                                                                                                                                                                                                                                                                                                                                                                                                                                                                                                                                                                                                                                                                                                                                                                                           -      -            
     0.03%  [kernel.kallsyms]         [k] 0xffffd473d4fa828c                                                                                                                                                                                                                                                                                                                                                                                                                                                                                                                                                                                                                                                                                                                                                                                                                                                                                                                                                                                                                                                                                                                                                                                                                                                                                                                                                                                                                                                                                                                                                                                                                                                                                           -      -            
     0.03%  libllama.so.0.1.2         [.] std::_Hashtable<std::pair<std::__cxx11::basic_string<char, std::char_traits<char>, std::allocator<char> >, std::__cxx11::basic_string<char, std::char_traits<char>, std::allocator<char> > >, std::pair<std::pair<std::__cxx11::basic_string<char, std::char_traits<char>, std::allocator<char> >, std::__cxx11::basic_string<char, std::char_traits<char>, std::allocator<char> > > const, int>, std::allocator<std::pair<std::pair<std::__cxx11::basic_string<char, std::char_traits<char>, std::allocator<char> >, std::__cxx11::basic_string<char, std::char_traits<char>, std::allocator<char> > > const, int> >, std::__detail::_Select1st, std::equal_to<std::pair<std::__cxx11::basic_string<char, std::char_traits<char>, std::allocator<char> >, std::__cxx11::basic_string<char, std::char_traits<char>, std::allocator<char> > > >, llama_vocab::impl::pair_hash, std::__detail::_Mod_range_hashing, std::__detail::_Default_ranged_hash, std::__detail::_Prime_rehash_policy, std::__detail::_Hashtable_traits<true, false, true> >::_M_find_before_node(unsigned long, std::pair<std::__cxx11::basic_string<char, std::char_traits<char>, std::allocator<char> >, std::__cxx11::basic_string<char, std::char_traits<char>, std::allocator<char> > > const&, unsigned long) const [clone .isra.0]                                                                                                                                                                                                                                                                                                                                                                                               -      -            
     0.02%  [kernel.kallsyms]         [k] 0xffffd473d620c5b4                                                                                                                                                                                                                                                                                                                                                                                                                                                                                                                                                                                                                                                                                                                                                                                                                                                                                                                                                                                                                                                                                                                                                                                                                                                                                                                                                                                                                                                                                                                                                                                                                                                                                           -      -            
     0.02%  [rocket]                  [k] rocket_ioctl_submit                                                                                                                                                                                                                                                                                                                                                                                                                                                                                                                                                                                                                                                                                                                                                                                                                                                                                                                                                                                                                                                                                                                                                                                                                                                                                                                                                                                                                                                                                                                                                                                                                                                                                          -      -            
     0.02%  libllama.so.0.1.2         [.] llama_vocab::impl::load(llama_model_loader&, LLM_KV const&)                                                                                                                                                                                                                                                                                                                                                                                                                                                                                                                                                                                                                                                                                                                                                                                                                                                                                                                                                                                                                                                                                                                                                                                                                                                                                                                                                                                                                                                                                                                                                                                                                                                  -      -            
     0.02%  [kernel.kallsyms]         [k] 0xffffd473d5a71848                                                                                                                                                                                                                                                                                                                                                                                                                                                                                                                                                                                                                                                                                                                                                                                                                                                                                                                                                                                                                                                                                                                                                                                                                                                                                                                                                                                                                                                                                                                                                                                                                                                                                           -      -            
     0.02%  [rocket]                  [k] rocket_ioctl_prep_bo                                                                                                                                                                                                                                                                                                                                                                                                                                                                                                                                                                                                                                                                                                                                                                                                                                                                                                                                                                                                                                                                                                                                                                                                                                                                                                                                                                                                                                                                                                                                                                                                                                                                                         -      -            
     0.02%  libc.so.6                 [.] 0x00000000000a64f4                                                                                                                                                                                                                                                                                                                                                                                                                                                                                                                                                                                                                                                                                                                                                                                                                                                                                                                                                                                                                                                                                                                                                                                                                                                                                                                                                                                                                                                                                                                                                                                                                                                                                           -      -            
     0.02%  [kernel.kallsyms]         [k] 0xffffd473d4e574cc                                                                                                                                                                                                                                                                                                                                                                                                                                                                                                                                                                                                                                                                                                                                                                                                                                                                                                                                                                                                                                                                                                                                                                                                                                                                                                                                                                                                                                                                                                                                                                                                                                                                                           -      -            
     0.02%  [kernel.kallsyms]         [k] 0xffffd473d5b69e5c                                                                                                                                                                                                                                                                                                                                                                                                                                                                                                                                                                                                                                                                                                                                                                                                                                                                                                                                                                                                                                                                                                                                                                                                                                                                                                                                                                                                                                                                                                                                                                                                                                                                                           -      -            
     0.02%  [kernel.kallsyms]         [k] 0xffffd473d4e56368                                                                                                                                                                                                                                                                                                                                                                                                                                                                                                                                                                                                                                                                                                                                                                                                                                                                                                                                                                                                                                                                                                                                                                                                                                                                                                                                                                                                                                                                                                                                                                                                                                                                                           -      -            
     0.02%  [kernel.kallsyms]         [k] 0xffffd473d521c8e8                                                                                                                                                                                                                                                                                                                                                                                                                                                                                                                                                                                                                                                                                                                                                                                                                                                                                                                                                                                                                                                                                                                                                                                                                                                                                                                                                                                                                                                                                                                                                                                                                                                                                           -      -            
     0.02%  libc.so.6                 [.] 0x00000000000a64e8                                                                                                                                                                                                                                                                                                                                                                                                                                                                                                                                                                                                                                                                                                                                                                                                                                                                                                                                                                                                                                                                                                                                                                                                                                                                                                                                                                                                                                                                                                                                                                                                                                                                                           -      -            
     0.02%  [kernel.kallsyms]         [k] 0xffffd473d521c89c                                                                                                                                                                                                                                                                                                                                                                                                                                                                                                                                                                                                                                                                                                                                                                                                                                                                                                                                                                                                                                                                                                                                                                                                                                                                                                                                                                                                                                                                                                                                                                                                                                                                                           -      -            
     0.02%  libggml-rocket.so         [.] rocket_bo_prep                                                                                                                                                                                                                                                                                                                                                                                                                                                                                                                                                                                                                                                                                                                                                                                                                                                                                                                                                                                                                                                                                                                                                                                                                                                                                                                                                                                                                                                                                                                                                                                                                                                                                               -      -            
     0.02%  libllama.so.0.1.2         [.] std::__detail::_Map_base<std::__cxx11::basic_string<char, std::char_traits<char>, std::allocator<char> >, std::pair<std::__cxx11::basic_string<char, std::char_traits<char>, std::allocator<char> > const, int>, std::allocator<std::pair<std::__cxx11::basic_string<char, std::char_traits<char>, std::allocator<char> > const, int> >, std::__detail::_Select1st, std::equal_to<std::__cxx11::basic_string<char, std::char_traits<char>, std::allocator<char> > >, std::hash<std::__cxx11::basic_string<char, std::char_traits<char>, std::allocator<char> > >, std::__detail::_Mod_range_hashing, std::__detail::_Default_ranged_hash, std::__detail::_Prime_rehash_policy, std::__detail::_Hashtable_traits<true, false, true>, true>::operator[](std::__cxx11::basic_string<char, std::char_traits<char>, std::allocator<char> > const&)                                                                                                                                                                                                                                                                                                                                                                                                                                                                                                                                                                                                                                                                                                                                                                                                                                                                -      -            
     0.02%  [kernel.kallsyms]         [k] 0xffffd473d61da1c4                                                                                                                                                                                                                                                                                                                                                                                                                                                                                                                                                                                                                                                                                                                                                                                                                                                                                                                                                                                                                                                                                                                                                                                                                                                                                                                                                                                                                                                                                                                                                                                                                                                                                           -      -            
     0.02%  [kernel.kallsyms]         [k] 0xffffd473d4fa82d0                                                                                                                                                                                                                                                                                                                                                                                                                                                                                                                                                                                                                                                                                                                                                                                                                                                                                                                                                                                                                                                                                                                                                                                                                                                                                                                                                                                                                                                                                                                                                                                                                                                                                           -      -            
     0.01%  libggml-rocket.so         [.] rkt_chain_pack                                                                                                                                                                                                                                                                                                                                                                                                                                                                                                                                                                                                                                                                                                                                                                                                                                                                                                                                                                                                                                                                                                                                                                                                                                                                                                                                                                                                                                                                                                                                                                                                                                                                                               -      -            
     0.01%  [kernel.kallsyms]         [k] 0xffffd473d5b693a8                                                                                                                                                                                                                                                                                                                                                                                                                                                                                                                                                                                                                                                                                                                                                                                                                                                                                                                                                                                                                                                                                                                                                                                                                                                                                                                                                                                                                                                                                                                                                                                                                                                                                           -      -            
     0.01%  libc.so.6                 [.] clock_gettime                                                                                                                                                                                                                                                                                                                                                                                                                                                                                                                                                                                                                                                                                                                                                                                                                                                                                                                                                                                                                                                                                                                                                                                                                                                                                                                                                                                                                                                                                                                                                                                                                                                                                                -      -            
     0.01%  [kernel.kallsyms]         [k] 0xffffd473d61f7c00                                                                                                                                                                                                                                                                                                                                                                                                                                                                                                                                                                                                                                                                                                                                                                                                                                                                                                                                                                                                                                                                                                                                                                                                                                                                                                                                                                                                                                                                                                                                                                                                                                                                                           -      -            
     0.01%  [kernel.kallsyms]         [k] 0xffffd473d4e563a0                                                                                                                                                                                                                                                                                                                                                                                                                                                                                                                                                                                                                                                                                                                                                                                                                                                                                                                                                                                                                                                                                                                                                                                                                                                                                                                                                                                                                                                                                                                                                                                                                                                                                           -      -            
     0.01%  [kernel.kallsyms]         [k] 0xffffd473d4f7bfbc                                                                                                                                                                                                                                                                                                                                                                                                                                                                                                                                                                                                                                                                                                                                                                                                                                                                                                                                                                                                                                                                                                                                                                                                                                                                                                                                                                                                                                                                                                                                                                                                                                                                                           -      -            
     0.01%  [kernel.kallsyms]         [k] 0xffffd473d51b7594                                                                                                                                                                                                                                                                                                                                                                                                                                                                                                                                                                                                                                                                                                                                                                                                                                                                                                                                                                                                                                                                                                                                                                                                                                                                                                                                                                                                                                                                                                                                                                                                                                                                                           -      -            
     0.01%  [kernel.kallsyms]         [k] 0xffffd473d4e5744c                                                                                                                                                                                                                                                                                                                                                                                                                                                                                                                                                                                                                                                                                                                                                                                                                                                                                                                                                                                                                                                                                                                                                                                                                                                                                                                                                                                                                                                                                                                                                                                                                                                                                           -      -            
     0.01%  [kernel.kallsyms]         [k] 0xffffd473d526975c                                                                                                                                                                                                                                                                                                                                                                                                                                                                                                                                                                                                                                                                                                                                                                                                                                                                                                                                                                                                                                                                                                                                                                                                                                                                                                                                                                                                                                                                                                                                                                                                                                                                                           -      -            
     0.01%  [kernel.kallsyms]         [k] 0xffffd473d4f7be7c                                                                                                                                                                                                                                                                                                                                                                                                                                                                                                                                                                                                                                                                                                                                                                                                                                                                                                                                                                                                                                                                                                                                                                                                                                                                                                                                                                                                                                                                                                                                                                                                                                                                                           -      -            
     0.01%  [kernel.kallsyms]         [k] 0xffffd473d5175304                                                                                                                                                                                                                                                                                                                                                                                                                                                                                                                                                                                                                                                                                                                                                                                                                                                                                                                                                                                                                                                                                                                                                                                                                                                                                                                                                                                                                                                                                                                                                                                                                                                                                           -      -            
     0.01%  [kernel.kallsyms]         [k] 0xffffd473d620c5a4                                                                                                                                                                                                                                                                                                                                                                                                                                                                                                                                                                                                                                                                                                                                                                                                                                                                                                                                                                                                                                                                                                                                                                                                                                                                                                                                                                                                                                                                                                                                                                                                                                                                                           -      -            
     0.01%  libllama.so.0.1.2         [.] std::_Hashtable<std::pair<std::__cxx11::basic_string<char, std::char_traits<char>, std::allocator<char> >, std::__cxx11::basic_string<char, std::char_traits<char>, std::allocator<char> > >, std::pair<std::pair<std::__cxx11::basic_string<char, std::char_traits<char>, std::allocator<char> >, std::__cxx11::basic_string<char, std::char_traits<char>, std::allocator<char> > > const, int>, std::allocator<std::pair<std::pair<std::__cxx11::basic_string<char, std::char_traits<char>, std::allocator<char> >, std::__cxx11::basic_string<char, std::char_traits<char>, std::allocator<char> > > const, int> >, std::__detail::_Select1st, std::equal_to<std::pair<std::__cxx11::basic_string<char, std::char_traits<char>, std::allocator<char> >, std::__cxx11::basic_string<char, std::char_traits<char>, std::allocator<char> > > >, llama_vocab::impl::pair_hash, std::__detail::_Mod_range_hashing, std::__detail::_Default_ranged_hash, std::__detail::_Prime_rehash_policy, std::__detail::_Hashtable_traits<true, false, true> >::_M_insert_unique_node(unsigned long, unsigned long, std::__detail::_Hash_node<std::pair<std::pair<std::__cxx11::basic_string<char, std::char_traits<char>, std::allocator<char> >, std::__cxx11::basic_string<char, std::char_traits<char>, std::allocator<char> > > const, int>, true>*, unsigned long)                                                                                                                                                                                                                                                                                                                                                   -      -            
     0.01%  libggml-rocket.so         [.] ggml_fp32_to_fp16@plt                                                                                                                                                                                                                                                                                                                                                                                                                                                                                                                                                                                                                                                                                                                                                                                                                                                                                                                                                                                                                                                                                                                                                                                                                                                                                                                                                                                                                                                                                                                                                                                                                                                                                        -      -            
     0.01%  [kernel.kallsyms]         [k] 0xffffd473d4f7bfb0                                                                                                                                                                                                                                                                                                                                                                                                                                                                                                                                                                                                                                                                                                                                                                                                                                                                                                                                                                                                                                                                                                                                                                                                                                                                                                                                                                                                                                                                                                                                                                                                                                                                                           -      -            
     0.01%  [kernel.kallsyms]         [k] 0xffffd473d51e4308                                                                                                                                                                                                                                                                                                                                                                                                                                                                                                                                                                                                                                                                                                                                                                                                                                                                                                                                                                                                                                                                                                                                                                                                                                                                                                                                                                                                                                                                                                                                                                                                                                                                                           -      -            
     0.01%  [kernel.kallsyms]         [k] 0xffffd473d515169c                                                                                                                                                                                                                                                                                                                                                                                                                                                                                                                                                                                                                                                                                                                                                                                                                                                                                                                                                                                                                                                                                                                                                                                                                                                                                                                                                                                                                                                                                                                                                                                                                                                                                           -      -            
     0.01%  [kernel.kallsyms]         [k] 0xffffd473d5a736b0                                                                                                                                                                                                                                                                                                                                                                                                                                                                                                                                                                                                                                                                                                                                                                                                                                                                                                                                                                                                                                                                                                                                                                                                                                                                                                                                                                                                                                                                                                                                                                                                                                                                                           -      -            
     0.01%  [kernel.kallsyms]         [k] 0xffffd473d51b4254                                                                                                                                                                                                                                                                                                                                                                                                                                                                                                                                                                                                                                                                                                                                                                                                                                                                                                                                                                                                                                                                                                                                                                                                                                                                                                                                                                                                                                                                                                                                                                                                                                                                                           -      -            
     0.01%  [kernel.kallsyms]         [k] 0xffffd473d523d23c                                                                                                                                                                                                                                                                                                                                                                                                                                                                                                                                                                                                                                                                                                                                                                                                                                                                                                                                                                                                                                                                                                                                                                                                                                                                                                                                                                                                                                                                                                                                                                                                                                                                                           -      -            
     0.01%  [kernel.kallsyms]         [k] 0xffffd473d5186c4c                                                                                                                                                                                                                                                                                                                                                                                                                                                                                                                                                                                                                                                                                                                                                                                                                                                                                                                                                                                                                                                                                                                                                                                                                                                                                                                                                                                                                                                                                                                                                                                                                                                                                           -      -            
     0.01%  [kernel.kallsyms]         [k] 0xffffd473d51b404c                                                                                                                                                                                                                                                                                                                                                                                                                                                                                                                                                                                                                                                                                                                                                                                                                                                                                                                                                                                                                                                                                                                                                                                                                                                                                                                                                                                                                                                                                                                                                                                                                                                                                           -      -            
     0.01%  [kernel.kallsyms]         [k] 0xffffd473d4f7c010                                                                                                                                                                                                                                                                                                                                                                                                                                                                                                                                                                                                                                                                                                                                                                                                                                                                                                                                                                                                                                                                                                                                                                                                                                                                                                                                                                                                                                                                                                                                                                                                                                                                                           -      -            
     0.01%  [kernel.kallsyms]         [k] 0xffffd473d61f7c34                                                                                                                                                                                                                                                                                                                                                                                                                                                                                                                                                                                                                                                                                                                                                                                                                                                                                                                                                                                                                                                                                                                                                                                                                                                                                                                                                                                                                                                                                                                                                                                                                                                                                           -      -            
     0.01%  [kernel.kallsyms]         [k] 0xffffd473d521bb54                                                                                                                                                                                                                                                                                                                                                                                                                                                                                                                                                                                                                                                                                                                                                                                                                                                                                                                                                                                                                                                                                                                                                                                                                                                                                                                                                                                                                                                                                                                                                                                                                                                                                           -      -            
     0.01%  [kernel.kallsyms]         [k] 0xffffd473d4fd45a8                                                                                                                                                                                                                                                                                                                                                                                                                                                                                                                                                                                                                                                                                                                                                                                                                                                                                                                                                                                                                                                                                                                                                                                                                                                                                                                                                                                                                                                                                                                                                                                                                                                                                           -      -            
     0.01%  [kernel.kallsyms]         [k] 0xffffd473d5232848                                                                                                                                                                                                                                                                                                                                                                                                                                                                                                                                                                                                                                                                                                                                                                                                                                                                                                                                                                                                                                                                                                                                                                                                                                                                                                                                                                                                                                                                                                                                                                                                                                                                                           -      -            
     0.01%  [kernel.kallsyms]         [k] 0xffffd473d519b044                                                                                                                                                                                                                                                                                                                                                                                                                                                                                                                                                                                                                                                                                                                                                                                                                                                                                                                                                                                                                                                                                                                                                                                                                                                                                                                                                                                                                                                                                                                                                                                                                                                                                           -      -            
     0.01%  libllama.so.0.1.2         [.] void set_input_kq_mask_impl<unsigned short, true, true, false, false>(args_set_input_kq_mask const&, unsigned short*)                                                                                                                                                                                                                                                                                                                                                                                                                                                                                                                                                                                                                                                                                                                                                                                                                                                                                                                                                                                                                                                                                                                                                                                                                                                                                                                                                                                                                                                                                                                                                                                        -      -            
     0.01%  [kernel.kallsyms]         [k] 0xffffd473d513d4b0                                                                                                                                                                                                                                                                                                                                                                                                                                                                                                                                                                                                                                                                                                                                                                                                                                                                                                                                                                                                                                                                                                                                                                                                                                                                                                                                                                                                                                                                                                                                                                                                                                                                                           -      -            
     0.01%  [kernel.kallsyms]         [k] 0xffffd473d4fa81c8                                                                                                                                                                                                                                                                                                                                                                                                                                                                                                                                                                                                                                                                                                                                                                                                                                                                                                                                                                                                                                                                                                                                                                                                                                                                                                                                                                                                                                                                                                                                                                                                                                                                                           -      -            
     0.01%  [kernel.kallsyms]         [k] 0xffffd473d5269744                                                                                                                                                                                                                                                                                                                                                                                                                                                                                                                                                                                                                                                                                                                                                                                                                                                                                                                                                                                                                                                                                                                                                                                                                                                                                                                                                                                                                                                                                                                                                                                                                                                                                           -      -            
     0.01%  [kernel.kallsyms]         [k] 0xffffd473d4fa8338                                                                                                                                                                                                                                                                                                                                                                                                                                                                                                                                                                                                                                                                                                                                                                                                                                                                                                                                                                                                                                                                                                                                                                                                                                                                                                                                                                                                                                                                                                                                                                                                                                                                                           -      -            
     0.01%  [kernel.kallsyms]         [k] 0xffffd473d521ce14                                                                                                                                                                                                                                                                                                                                                                                                                                                                                                                                                                                                                                                                                                                                                                                                                                                                                                                                                                                                                                                                                                                                                                                                                                                                                                                                                                                                                                                                                                                                                                                                                                                                                           -      -            
     0.01%  libc.so.6                 [.] 0x00000000000a7454                                                                                                                                                                                                                                                                                                                                                                                                                                                                                                                                                                                                                                                                                                                                                                                                                                                                                                                                                                                                                                                                                                                                                                                                                                                                                                                                                                                                                                                                                                                                                                                                                                                                                           -      -            
     0.01%  libc.so.6                 [.] 0x00000000000a7634                                                                                                                                                                                                                                                                                                                                                                                                                                                                                                                                                                                                                                                                                                                                                                                                                                                                                                                                                                                                                                                                                                                                                                                                                                                                                                                                                                                                                                                                                                                                                                                                                                                                                           -      -            
     0.01%  [kernel.kallsyms]         [k] 0xffffd473d4f92a08                                                                                                                                                                                                                                                                                                                                                                                                                                                                                                                                                                                                                                                                                                                                                                                                                                                                                                                                                                                                                                                                                                                                                                                                                                                                                                                                                                                                                                                                                                                                                                                                                                                                                           -      -            
     0.01%  [kernel.kallsyms]         [k] 0xffffd473d4f3a95c                                                                                                                                                                                                                                                                                                                                                                                                                                                                                                                                                                                                                                                                                                                                                                                                                                                                                                                                                                                                                                                                                                                                                                                                                                                                                                                                                                                                                                                                                                                                                                                                                                                                                           -      -            
     0.01%  libllama.so.0.1.2         [.] llama_vocab::~llama_vocab()                                                                                                                                                                                                                                                                                                                                                                                                                                                                                                                                                                                                                                                                                                                                                                                                                                                                                                                                                                                                                                                                                                                                                                                                                                                                                                                                                                                                                                                                                                                                                                                                                                                                                  -      -            
     0.01%  [kernel.kallsyms]         [k] 0xffffd473d51e220c                                                                                                                                                                                                                                                                                                                                                                                                                                                                                                                                                                                                                                                                                                                                                                                                                                                                                                                                                                                                                                                                                                                                                                                                                                                                                                                                                                                                                                                                                                                                                                                                                                                                                           -      -            
     0.01%  [kernel.kallsyms]         [k] 0xffffd473d521ce0c                                                                                                                                                                                                                                                                                                                                                                                                                                                                                                                                                                                                                                                                                                                                                                                                                                                                                                                                                                                                                                                                                                                                                                                                                                                                                                                                                                                                                                                                                                                                                                                                                                                                                           -      -            
     0.01%  [kernel.kallsyms]         [k] 0xffffd473d6213c3c                                                                                                                                                                                                                                                                                                                                                                                                                                                                                                                                                                                                                                                                                                                                                                                                                                                                                                                                                                                                                                                                                                                                                                                                                                                                                                                                                                                                                                                                                                                                                                                                                                                                                           -      -            
     0.01%  [kernel.kallsyms]         [k] 0xffffd473d4f929d4                                                                                                                                                                                                                                                                                                                                                                                                                                                                                                                                                                                                                                                                                                                                                                                                                                                                                                                                                                                                                                                                                                                                                                                                                                                                                                                                                                                                                                                                                                                                                                                                                                                                                           -      -            
     0.01%  [kernel.kallsyms]         [k] 0xffffd473d513a68c                                                                                                                                                                                                                                                                                                                                                                                                                                                                                                                                                                                                                                                                                                                                                                                                                                                                                                                                                                                                                                                                                                                                                                                                                                                                                                                                                                                                                                                                                                                                                                                                                                                                                           -      -            
     0.01%  [kernel.kallsyms]         [k] 0xffffd473d5a71830                                                                                                                                                                                                                                                                                                                                                                                                                                                                                                                                                                                                                                                                                                                                                                                                                                                                                                                                                                                                                                                                                                                                                                                                                                                                                                                                                                                                                                                                                                                                                                                                                                                                                           -      -            
     0.01%  [kernel.kallsyms]         [k] 0xffffd473d4f9ee08                                                                                                                                                                                                                                                                                                                                                                                                                                                                                                                                                                                                                                                                                                                                                                                                                                                                                                                                                                                                                                                                                                                                                                                                                                                                                                                                                                                                                                                                                                                                                                                                                                                                                           -      -            
     0.01%  [kernel.kallsyms]         [k] 0xffffd473d51df618                                                                                                                                                                                                                                                                                                                                                                                                                                                                                                                                                                                                                                                                                                                                                                                                                                                                                                                                                                                                                                                                                                                                                                                                                                                                                                                                                                                                                                                                                                                                                                                                                                                                                           -      -            
     0.01%  libc.so.6                 [.] 0x00000000000a64dc                                                                                                                                                                                                                                                                                                                                                                                                                                                                                                                                                                                                                                                                                                                                                                                                                                                                                                                                                                                                                                                                                                                                                                                                                                                                                                                                                                                                                                                                                                                                                                                                                                                                                           -      -            
     0.01%  [kernel.kallsyms]         [k] 0xffffd473d51db990                                                                                                                                                                                                                                                                                                                                                                                                                                                                                                                                                                                                                                                                                                                                                                                                                                                                                                                                                                                                                                                                                                                                                                                                                                                                                                                                                                                                                                                                                                                                                                                                                                                                                           -      -            
     0.01%  [kernel.kallsyms]         [k] 0xffffd473d51b7d88                                                                                                                                                                                                                                                                                                                                                                                                                                                                                                                                                                                                                                                                                                                                                                                                                                                                                                                                                                                                                                                                                                                                                                                                                                                                                                                                                                                                                                                                                                                                                                                                                                                                                           -      -            
     0.01%  libggml-rocket.so         [.] rocket_hw_current                                                                                                                                                                                                                                                                                                                                                                                                                                                                                                                                                                                                                                                                                                                                                                                                                                                                                                                                                                                                                                                                                                                                                                                                                                                                                                                                                                                                                                                                                                                                                                                                                                                                                            -      -            
     0.01%  [kernel.kallsyms]         [k] 0xffffd473d5182c70                                                                                                                                                                                                                                                                                                                                                                                                                                                                                                                                                                                                                                                                                                                                                                                                                                                                                                                                                                                                                                                                                                                                                                                                                                                                                                                                                                                                                                                                                                                                                                                                                                                                                           -      -            
     0.01%  libggml-base.so.0.20.2    [.] gguf_file_reader_callback(void*, void*, unsigned long, unsigned long)                                                                                                                                                                                                                                                                                                                                                                                                                                                                                                                                                                                                                                                                                                                                                                                                                                                                                                                                                                                                                                                                                                                                                                                                                                                                                                                                                                                                                                                                                                                                                                                                                                        -      -            
     0.01%  [kernel.kallsyms]         [k] 0xffffd473d620bea8                                                                                                                                                                                                                                                                                                                                                                                                                                                                                                                                                                                                                                                                                                                                                                                                                                                                                                                                                                                                                                                                                                                                                                                                                                                                                                                                                                                                                                                                                                                                                                                                                                                                                           -      -            
     0.01%  [kernel.kallsyms]         [k] 0xffffd473d4fa82d8                                                                                                                                                                                                                                                                                                                                                                                                                                                                                                                                                                                                                                                                                                                                                                                                                                                                                                                                                                                                                                                                                                                                                                                                                                                                                                                                                                                                                                                                                                                                                                                                                                                                                           -      -            
     0.01%  [kernel.kallsyms]         [k] 0xffffd473d4fa81f4                                                                                                                                                                                                                                                                                                                                                                                                                                                                                                                                                                                                                                                                                                                                                                                                                                                                                                                                                                                                                                                                                                                                                                                                                                                                                                                                                                                                                                                                                                                                                                                                                                                                                           -      -            
=== libgomp only, BOTH events ===
# To display the perf.data header info, please use --header/--header-only options.
#
#
# Total Lost Samples: 0
#
# Samples: 307K of event 'armv8_cortex_a76/cpu_cycles/'
# Event count (approx.): 1344251933585
#
# Overhead  Symbol                  IPC   [IPC Coverage]
# ........  ......................  ....................
#
     0.34%  [.] 0x0000000000022440  -      -            
     0.32%  [.] 0x000000000002244c  -      -            
     0.11%  [.] 0x0000000000022778  -      -            
     0.10%  [.] 0x000000000002276c  -      -            
     0.00%  [.] 0x0000000000043f00  -      -            
     0.00%  [.] 0x000000000002277c  -      -            
     0.00%  [.] GOMP_barrier        -      -            
     0.00%  [.] 0x0000000000043ef8  -      -            
     0.00%  [.] syscall@plt         -      -            
     0.00%  [.] GOMP_single_start   -      -            
     0.00%  [.] 0x000000000002291c  -      -            
     0.00%  [.] 0x0000000000022870  -      -            
     0.00%  [.] 0x0000000000017164  -      -            
     0.00%  [.] 0x0000000000020b48  -      -            
     0.00%  [.] 0x0000000000022788  -      -            
     0.00%  [.] 0x0000000000022488  -      -            
     0.00%  [.] 0x000000000001f678  -      -            
     0.00%  [.] 0x0000000000043d90  -      -            
     0.00%  [.] 0x0000000000019c68  -      -            
     0.00%  [.] GOMP_parallel       -      -            
     0.00%  [.] 0x000000000001f654  -      -            
     0.00%  [.] 0x000000000001f66c  -      -            
     0.00%  [.] 0x00000000000224a0  -      -            
     0.00%  [.] 0x000000000001f674  -      -            
     0.00%  [.] 0x000000000001f8cc  -      -            
     0.00%  [.] 0x0000000000017124  -      -            
     0.00%  [.] 0x00000000000223e0  -      -            
     0.00%  [.] 0x000000000002257c  -      -            
     0.00%  [.] 0x0000000000020b90  -      -            
=== llama-bench comm only (the renormalised denominator), dso,symbol ===
# To display the perf.data header info, please use --header/--header-only options.
#
#
# Total Lost Samples: 0
#
# Samples: 307K of event 'armv8_cortex_a76/cpu_cycles/'
# Event count (approx.): 1344251933585
#
# Overhead  Shared Object           Symbol                                                                                                                                                                                                                                                                                                                                                                                                                                                                                                                                                                                                                                                                                                                                                                                                                                                                                                                                                                                                                                                           IPC   [IPC Coverage]
# ........  ......................  ...............................................................................................................................................................................................................................................................................................................................................................................................................................................................................................................................................................................................................................................................................................................................................................................................................................................................................................................................................................................................................................................................................................................................................................................................................................................................................................................................................................................................................................................................................................................................................................................................................................................................................................................  ....................
#
    11.00%  libggml-rocket.so       [.] mm_pack_weights                                                                                                                                                                                                                                                                                                                                                                                                                                                                                                                                                                                                                                                                                                                                                                                                                                                                                                                                                                                                                                                                                                                                                                                                                                                                                                                                                                                                                                                                                                                                                                                                                                                                                              -      -            
    10.45%  libggml-rocket.so       [.] mm_pack_weights_seg                                                                                                                                                                                                                                                                                                                                                                                                                                                                                                                                                                                                                                                                                                                                                                                                                                                                                                                                                                                                                                                                                                                                                                                                                                                                                                                                                                                                                                                                                                                                                                                                                                                                                          -      -            
     7.18%  libm.so.6               [.] expf                                                                                                                                                                                                                                                                                                                                                                                                                                                                                                                                                                                                                                                                                                                                                                                                                                                                                                                                                                                                                                                                                                                                                                                                                                                                                                                                                                                                                                                                                                                                                                                                                                                                                                         -      -            
     6.30%  [kernel.kallsyms]       [k] 0xffffd473d4e57450                                                                                                                                                                                                                                                                                                                                                                                                                                                                                                                                                                                                                                                                                                                                                                                                                                                                                                                                                                                                                                                                                                                                                                                                                                                                                                                                                                                                                                                                                                                                                                                                                                                                                           -      -            
     6.25%  libggml-cpu.so          [.] ggml_compute_forward_flash_attn_ext_tiled(ggml_compute_params const*, ggml_tensor*, int, int)                                                                                                                                                                                                                                                                                                                                                                                                                                                                                                                                                                                                                                                                                                                                                                                                                                                                                                                                                                                                                                                                                                                                                                                                                                                                                                                                                                                                                                                                                                                                                                                                                -      -            
     5.50%  [kernel.kallsyms]       [k] 0xffffd473d4e574d0                                                                                                                                                                                                                                                                                                                                                                                                                                                                                                                                                                                                                                                                                                                                                                                                                                                                                                                                                                                                                                                                                                                                                                                                                                                                                                                                                                                                                                                                                                                                                                                                                                                                                           -      -            
     4.82%  libggml-cpu.so          [.] ggml_compute_forward_glu                                                                                                                                                                                                                                                                                                                                                                                                                                                                                                                                                                                                                                                                                                                                                                                                                                                                                                                                                                                                                                                                                                                                                                                                                                                                                                                                                                                                                                                                                                                                                                                                                                                                                     -      -            
     4.25%  libggml-rocket.so       [.] rocket_mm_batch_run                                                                                                                                                                                                                                                                                                                                                                                                                                                                                                                                                                                                                                                                                                                                                                                                                                                                                                                                                                                                                                                                                                                                                                                                                                                                                                                                                                                                                                                                                                                                                                                                                                                                                          -      -            
     3.12%  libggml-rocket.so       [.] host_softmax_rows                                                                                                                                                                                                                                                                                                                                                                                                                                                                                                                                                                                                                                                                                                                                                                                                                                                                                                                                                                                                                                                                                                                                                                                                                                                                                                                                                                                                                                                                                                                                                                                                                                                                                            -      -            
     3.10%  libggml-rocket.so       [.] feat_scatter_into                                                                                                                                                                                                                                                                                                                                                                                                                                                                                                                                                                                                                                                                                                                                                                                                                                                                                                                                                                                                                                                                                                                                                                                                                                                                                                                                                                                                                                                                                                                                                                                                                                                                                            -      -            
     2.73%  libc.so.6               [.] 0x00000000000a64d0                                                                                                                                                                                                                                                                                                                                                                                                                                                                                                                                                                                                                                                                                                                                                                                                                                                                                                                                                                                                                                                                                                                                                                                                                                                                                                                                                                                                                                                                                                                                                                                                                                                                                           -      -            
     2.70%  libggml-rocket.so       [.] mm_compute_kacc                                                                                                                                                                                                                                                                                                                                                                                                                                                                                                                                                                                                                                                                                                                                                                                                                                                                                                                                                                                                                                                                                                                                                                                                                                                                                                                                                                                                                                                                                                                                                                                                                                                                                              -      -            
     2.66%  libggml-rocket.so       [.] fa_mask_scores                                                                                                                                                                                                                                                                                                                                                                                                                                                                                                                                                                                                                                                                                                                                                                                                                                                                                                                                                                                                                                                                                                                                                                                                                                                                                                                                                                                                                                                                                                                                                                                                                                                                                               -      -            
     2.55%  libc.so.6               [.] 0x00000000000a64cc                                                                                                                                                                                                                                                                                                                                                                                                                                                                                                                                                                                                                                                                                                                                                                                                                                                                                                                                                                                                                                                                                                                                                                                                                                                                                                                                                                                                                                                                                                                                                                                                                                                                                           -      -            
     2.43%  libggml-cpu.so          [.] ggml_compute_forward_rms_norm_mul_fused                                                                                                                                                                                                                                                                                                                                                                                                                                                                                                                                                                                                                                                                                                                                                                                                                                                                                                                                                                                                                                                                                                                                                                                                                                                                                                                                                                                                                                                                                                                                                                                                                                                                      -      -            
     1.79%  libggml-rocket.so       [.] ggml_backend_rocket_flash_attn(ggml_backend_rocket_context*, ggml_tensor*)                                                                                                                                                                                                                                                                                                                                                                                                                                                                                                                                                                                                                                                                                                                                                                                                                                                                                                                                                                                                                                                                                                                                                                                                                                                                                                                                                                                                                                                                                                                                                                                                                                   -      -            
     1.23%  libggml-cpu.so          [.] ggml_compute_forward_add_non_quantized                                                                                                                                                                                                                                                                                                                                                                                                                                                                                                                                                                                                                                                                                                                                                                                                                                                                                                                                                                                                                                                                                                                                                                                                                                                                                                                                                                                                                                                                                                                                                                                                                                                                       -      -            
     1.19%  libggml-rocket.so       [.] rocket_pack_activations(float const*, unsigned short*, long, long, float*)                                                                                                                                                                                                                                                                                                                                                                                                                                                                                                                                                                                                                                                                                                                                                                                                                                                                                                                                                                                                                                                                                                                                                                                                                                                                                                                                                                                                                                                                                                                                                                                                                                   -      -            
     0.96%  libggml-cpu.so          [.] ggml_cpu_fp32_to_fp16                                                                                                                                                                                                                                                                                                                                                                                                                                                                                                                                                                                                                                                                                                                                                                                                                                                                                                                                                                                                                                                                                                                                                                                                                                                                                                                                                                                                                                                                                                                                                                                                                                                                                        -      -            
     0.95%  libc.so.6               [.] 0x00000000000a64c4                                                                                                                                                                                                                                                                                                                                                                                                                                                                                                                                                                                                                                                                                                                                                                                                                                                                                                                                                                                                                                                                                                                                                                                                                                                                                                                                                                                                                                                                                                                                                                                                                                                                                           -      -            
     0.95%  libc.so.6               [.] 0x00000000000a64c8                                                                                                                                                                                                                                                                                                                                                                                                                                                                                                                                                                                                                                                                                                                                                                                                                                                                                                                                                                                                                                                                                                                                                                                                                                                                                                                                                                                                                                                                                                                                                                                                                                                                                           -      -            
     0.93%  libc.so.6               [.] 0x00000000000a7458                                                                                                                                                                                                                                                                                                                                                                                                                                                                                                                                                                                                                                                                                                                                                                                                                                                                                                                                                                                                                                                                                                                                                                                                                                                                                                                                                                                                                                                                                                                                                                                                                                                                                           -      -            
     0.85%  libggml-base.so.0.20.2  [.] ggml_fp32_to_fp16                                                                                                                                                                                                                                                                                                                                                                                                                                                                                                                                                                                                                                                                                                                                                                                                                                                                                                                                                                                                                                                                                                                                                                                                                                                                                                                                                                                                                                                                                                                                                                                                                                                                                            -      -            
     0.60%  libggml-rocket.so       [.] rocket_unpack_output_seg(unsigned short const*, long, long, float*, long, long, float const*)                                                                                                                                                                                                                                                                                                                                                                                                                                                                                                                                                                                                                                                                                                                                                                                                                                                                                                                                                                                                                                                                                                                                                                                                                                                                                                                                                                                                                                                                                                                                                                                                                -      -            
     0.51%  libggml-cpu.so          [.] ggml_compute_forward_mul                                                                                                                                                                                                                                                                                                                                                                                                                                                                                                                                                                                                                                                                                                                                                                                                                                                                                                                                                                                                                                                                                                                                                                                                                                                                                                                                                                                                                                                                                                                                                                                                                                                                                     -      -            
     0.45%  libggml-cpu.so          [.] void ggml_compute_forward_rope_flt<float>(ggml_compute_params const*, ggml_tensor*, bool)                                                                                                                                                                                                                                                                                                                                                                                                                                                                                                                                                                                                                                                                                                                                                                                                                                                                                                                                                                                                                                                                                                                                                                                                                                                                                                                                                                                                                                                                                                                                                                                                                    -      -            
     0.37%  libggml-base.so.0.20.2  [.] ggml_fp16_to_fp32                                                                                                                                                                                                                                                                                                                                                                                                                                                                                                                                                                                                                                                                                                                                                                                                                                                                                                                                                                                                                                                                                                                                                                                                                                                                                                                                                                                                                                                                                                                                                                                                                                                                                            -      -            
     0.34%  libggml-rocket.so       [.] expf@plt                                                                                                                                                                                                                                                                                                                                                                                                                                                                                                                                                                                                                                                                                                                                                                                                                                                                                                                                                                                                                                                                                                                                                                                                                                                                                                                                                                                                                                                                                                                                                                                                                                                                                                     -      -            
     0.34%  libgomp.so.1.0.0        [.] 0x0000000000022440                                                                                                                                                                                                                                                                                                                                                                                                                                                                                                                                                                                                                                                                                                                                                                                                                                                                                                                                                                                                                                                                                                                                                                                                                                                                                                                                                                                                                                                                                                                                                                                                                                                                                           -      -            
     0.32%  libgomp.so.1.0.0        [.] 0x000000000002244c                                                                                                                                                                                                                                                                                                                                                                                                                                                                                                                                                                                                                                                                                                                                                                                                                                                                                                                                                                                                                                                                                                                                                                                                                                                                                                                                                                                                                                                                                                                                                                                                                                                                                           -      -            
     0.30%  libggml-rocket.so       [.] rocket_unpack_output(unsigned short const*, float*, long, long, float const*)                                                                                                                                                                                                                                                                                                                                                                                                                                                                                                                                                                                                                                                                                                                                                                                                                                                                                                                                                                                                                                                                                                                                                                                                                                                                                                                                                                                                                                                                                                                                                                                                                                -      -            
     0.23%  libggml-cpu.so          [.] ggml_compute_forward_rms_norm                                                                                                                                                                                                                                                                                                                                                                                                                                                                                                                                                                                                                                                                                                                                                                                                                                                                                                                                                                                                                                                                                                                                                                                                                                                                                                                                                                                                                                                                                                                                                                                                                                                                                -      -            
     0.23%  libggml-rocket.so       [.] mm_pack_input                                                                                                                                                                                                                                                                                                                                                                                                                                                                                                                                                                                                                                                                                                                                                                                                                                                                                                                                                                                                                                                                                                                                                                                                                                                                                                                                                                                                                                                                                                                                                                                                                                                                                                -      -            
     0.20%  libggml-cpu.so          [.] ggml_cpu_fp16_to_fp32                                                                                                                                                                                                                                                                                                                                                                                                                                                                                                                                                                                                                                                                                                                                                                                                                                                                                                                                                                                                                                                                                                                                                                                                                                                                                                                                                                                                                                                                                                                                                                                                                                                                                        -      -            
     0.19%  libc.so.6               [.] getenv                                                                                                                                                                                                                                                                                                                                                                                                                                                                                                                                                                                                                                                                                                                                                                                                                                                                                                                                                                                                                                                                                                                                                                                                                                                                                                                                                                                                                                                                                                                                                                                                                                                                                                       -      -            
     0.19%  [kernel.kallsyms]       [k] 0xffffd473d621a4ec                                                                                                                                                                                                                                                                                                                                                                                                                                                                                                                                                                                                                                                                                                                                                                                                                                                                                                                                                                                                                                                                                                                                                                                                                                                                                                                                                                                                                                                                                                                                                                                                                                                                                           -      -            
     0.19%  libggml-cpu.so          [.] ggml_vec_dot_f16                                                                                                                                                                                                                                                                                                                                                                                                                                                                                                                                                                                                                                                                                                                                                                                                                                                                                                                                                                                                                                                                                                                                                                                                                                                                                                                                                                                                                                                                                                                                                                                                                                                                                             -      -            
     0.18%  [kernel.kallsyms]       [k] 0xffffd473d4f1d324                                                                                                                                                                                                                                                                                                                                                                                                                                                                                                                                                                                                                                                                                                                                                                                                                                                                                                                                                                                                                                                                                                                                                                                                                                                                                                                                                                                                                                                                                                                                                                                                                                                                                           -      -            
     0.15%  libggml-cpu.so          [.] ggml_vec_soft_max_f32                                                                                                                                                                                                                                                                                                                                                                                                                                                                                                                                                                                                                                                                                                                                                                                                                                                                                                                                                                                                                                                                                                                                                                                                                                                                                                                                                                                                                                                                                                                                                                                                                                                                                        -      -            
     0.13%  libggml-rocket.so       [.] ggml_fp16_to_fp32@plt                                                                                                                                                                                                                                                                                                                                                                                                                                                                                                                                                                                                                                                                                                                                                                                                                                                                                                                                                                                                                                                                                                                                                                                                                                                                                                                                                                                                                                                                                                                                                                                                                                                                                        -      -            
     0.12%  libc.so.6               [.] 0x00000000000a64b4                                                                                                                                                                                                                                                                                                                                                                                                                                                                                                                                                                                                                                                                                                                                                                                                                                                                                                                                                                                                                                                                                                                                                                                                                                                                                                                                                                                                                                                                                                                                                                                                                                                                                           -      -            
     0.11%  libgomp.so.1.0.0        [.] 0x0000000000022778                                                                                                                                                                                                                                                                                                                                                                                                                                                                                                                                                                                                                                                                                                                                                                                                                                                                                                                                                                                                                                                                                                                                                                                                                                                                                                                                                                                                                                                                                                                                                                                                                                                                                           -      -            
     0.10%  libgomp.so.1.0.0        [.] 0x000000000002276c                                                                                                                                                                                                                                                                                                                                                                                                                                                                                                                                                                                                                                                                                                                                                                                                                                                                                                                                                                                                                                                                                                                                                                                                                                                                                                                                                                                                                                                                                                                                                                                                                                                                                           -      -            
     0.10%  [kernel.kallsyms]       [k] 0xffffd473d4f04ef4                                                                                                                                                                                                                                                                                                                                                                                                                                                                                                                                                                                                                                                                                                                                                                                                                                                                                                                                                                                                                                                                                                                                                                                                                                                                                                                                                                                                                                                                                                                                                                                                                                                                                           -      -            
     0.10%  libc.so.6               [.] 0x00000000000a64f0                                                                                                                                                                                                                                                                                                                                                                                                                                                                                                                                                                                                                                                                                                                                                                                                                                                                                                                                                                                                                                                                                                                                                                                                                                                                                                                                                                                                                                                                                                                                                                                                                                                                                           -      -            
     0.09%  libm.so.6               [.] sincosf32                                                                                                                                                                                                                                                                                                                                                                                                                                                                                                                                                                                                                                                                                                                                                                                                                                                                                                                                                                                                                                                                                                                                                                                                                                                                                                                                                                                                                                                                                                                                                                                                                                                                                                    -      -            
     0.09%  libc.so.6               [.] 0x00000000000a64b8                                                                                                                                                                                                                                                                                                                                                                                                                                                                                                                                                                                                                                                                                                                                                                                                                                                                                                                                                                                                                                                                                                                                                                                                                                                                                                                                                                                                                                                                                                                                                                                                                                                                                           -      -            
     0.09%  libggml-rocket.so       [.] gen_matmul_fp16                                                                                                                                                                                                                                                                                                                                                                                                                                                                                                                                                                                                                                                                                                                                                                                                                                                                                                                                                                                                                                                                                                                                                                                                                                                                                                                                                                                                                                                                                                                                                                                                                                                                                              -      -            
     0.09%  [kernel.kallsyms]       [k] 0xffffd473d62092dc                                                                                                                                                                                                                                                                                                                                                                                                                                                                                                                                                                                                                                                                                                                                                                                                                                                                                                                                                                                                                                                                                                                                                                                                                                                                                                                                                                                                                                                                                                                                                                                                                                                                                           -      -            
     0.09%  [kernel.kallsyms]       [k] 0xffffd473d4fac388                                                                                                                                                                                                                                                                                                                                                                                                                                                                                                                                                                                                                                                                                                                                                                                                                                                                                                                                                                                                                                                                                                                                                                                                                                                                                                                                                                                                                                                                                                                                                                                                                                                                                           -      -            
     0.08%  libm.so.6               [.] 0x000000000005626c                                                                                                                                                                                                                                                                                                                                                                                                                                                                                                                                                                                                                                                                                                                                                                                                                                                                                                                                                                                                                                                                                                                                                                                                                                                                                                                                                                                                                                                                                                                                                                                                                                                                                           -      -            
     0.08%  libggml-rocket.so       [.] gen_matmul_task.constprop.0                                                                                                                                                                                                                                                                                                                                                                                                                                                                                                                                                                                                                                                                                                                                                                                                                                                                                                                                                                                                                                                                                                                                                                                                                                                                                                                                                                                                                                                                                                                                                                                                                                                                                  -      -            
     0.06%  libm.so.6               [.] 0x000000000005624c                                                                                                                                                                                                                                                                                                                                                                                                                                                                                                                                                                                                                                                                                                                                                                                                                                                                                                                                                                                                                                                                                                                                                                                                                                                                                                                                                                                                                                                                                                                                                                                                                                                                                           -      -            
     0.06%  [kernel.kallsyms]       [k] 0xffffd473d61d76c4                                                                                                                                                                                                                                                                                                                                                                                                                                                                                                                                                                                                                                                                                                                                                                                                                                                                                                                                                                                                                                                                                                                                                                                                                                                                                                                                                                                                                                                                                                                                                                                                                                                                                           -      -            
     0.06%  libc.so.6               [.] 0x00000000000a649c                                                                                                                                                                                                                                                                                                                                                                                                                                                                                                                                                                                                                                                                                                                                                                                                                                                                                                                                                                                                                                                                                                                                                                                                                                                                                                                                                                                                                                                                                                                                                                                                                                                                                           -      -            
     0.06%  [kernel.kallsyms]       [k] 0xffffd473d4ee4f14                                                                                                                                                                                                                                                                                                                                                                                                                                                                                                                                                                                                                                                                                                                                                                                                                                                                                                                                                                                                                                                                                                                                                                                                                                                                                                                                                                                                                                                                                                                                                                                                                                                                                           -      -            
     0.06%  libm.so.6               [.] 0x0000000000056264                                                                                                                                                                                                                                                                                                                                                                                                                                                                                                                                                                                                                                                                                                                                                                                                                                                                                                                                                                                                                                                                                                                                                                                                                                                                                                                                                                                                                                                                                                                                                                                                                                                                                           -      -            
     0.06%  [kernel.kallsyms]       [k] 0xffffd473d6210864                                                                                                                                                                                                                                                                                                                                                                                                                                                                                                                                                                                                                                                                                                                                                                                                                                                                                                                                                                                                                                                                                                                                                                                                                                                                                                                                                                                                                                                                                                                                                                                                                                                                                           -      -            
     0.04%  [kernel.kallsyms]       [k] 0xffffd473d621a1ac                                                                                                                                                                                                                                                                                                                                                                                                                                                                                                                                                                                                                                                                                                                                                                                                                                                                                                                                                                                                                                                                                                                                                                                                                                                                                                                                                                                                                                                                                                                                                                                                                                                                                           -      -            
     0.04%  [vdso]                  [.] __kernel_clock_gettime                                                                                                                                                                                                                                                                                                                                                                                                                                                                                                                                                                                                                                                                                                                                                                                                                                                                                                                                                                                                                                                                                                                                                                                                                                                                                                                                                                                                                                                                                                                                                                                                                                                                                       -      -            
     0.04%  libc.so.6               [.] ioctl                                                                                                                                                                                                                                                                                                                                                                                                                                                                                                                                                                                                                                                                                                                                                                                                                                                                                                                                                                                                                                                                                                                                                                                                                                                                                                                                                                                                                                                                                                                                                                                                                                                                                                        -      -            
     0.04%  libc.so.6               [.] strncmp                                                                                                                                                                                                                                                                                                                                                                                                                                                                                                                                                                                                                                                                                                                                                                                                                                                                                                                                                                                                                                                                                                                                                                                                                                                                                                                                                                                                                                                                                                                                                                                                                                                                                                      -      -            
     0.04%  libc.so.6               [.] 0x00000000000a64f8                                                                                                                                                                                                                                                                                                                                                                                                                                                                                                                                                                                                                                                                                                                                                                                                                                                                                                                                                                                                                                                                                                                                                                                                                                                                                                                                                                                                                                                                                                                                                                                                                                                                                           -      -            
     0.03%  [kernel.kallsyms]       [k] 0xffffd473d4fa8308                                                                                                                                                                                                                                                                                                                                                                                                                                                                                                                                                                                                                                                                                                                                                                                                                                                                                                                                                                                                                                                                                                                                                                                                                                                                                                                                                                                                                                                                                                                                                                                                                                                                                           -      -            
     0.03%  [kernel.kallsyms]       [k] 0xffffd473d4fa8198                                                                                                                                                                                                                                                                                                                                                                                                                                                                                                                                                                                                                                                                                                                                                                                                                                                                                                                                                                                                                                                                                                                                                                                                                                                                                                                                                                                                                                                                                                                                                                                                                                                                                           -      -            
     0.03%  [kernel.kallsyms]       [k] 0xffffd473d621a280                                                                                                                                                                                                                                                                                                                                                                                                                                                                                                                                                                                                                                                                                                                                                                                                                                                                                                                                                                                                                                                                                                                                                                                                                                                                                                                                                                                                                                                                                                                                                                                                                                                                                           -      -            
     0.03%  [kernel.kallsyms]       [k] 0xffffd473d61da2b0                                                                                                                                                                                                                                                                                                                                                                                                                                                                                                                                                                                                                                                                                                                                                                                                                                                                                                                                                                                                                                                                                                                                                                                                                                                                                                                                                                                                                                                                                                                                                                                                                                                                                           -      -            
     0.03%  [kernel.kallsyms]       [k] 0xffffd473d4fa8144                                                                                                                                                                                                                                                                                                                                                                                                                                                                                                                                                                                                                                                                                                                                                                                                                                                                                                                                                                                                                                                                                                                                                                                                                                                                                                                                                                                                                                                                                                                                                                                                                                                                                           -      -            
     0.03%  [kernel.kallsyms]       [k] 0xffffd473d62088b4                                                                                                                                                                                                                                                                                                                                                                                                                                                                                                                                                                                                                                                                                                                                                                                                                                                                                                                                                                                                                                                                                                                                                                                                                                                                                                                                                                                                                                                                                                                                                                                                                                                                                           -      -            
     0.03%  [kernel.kallsyms]       [k] 0xffffd473d51e42f4                                                                                                                                                                                                                                                                                                                                                                                                                                                                                                                                                                                                                                                                                                                                                                                                                                                                                                                                                                                                                                                                                                                                                                                                                                                                                                                                                                                                                                                                                                                                                                                                                                                                                           -      -            
     0.03%  [kernel.kallsyms]       [k] 0xffffd473d4fa828c                                                                                                                                                                                                                                                                                                                                                                                                                                                                                                                                                                                                                                                                                                                                                                                                                                                                                                                                                                                                                                                                                                                                                                                                                                                                                                                                                                                                                                                                                                                                                                                                                                                                                           -      -            
     0.03%  libllama.so.0.1.2       [.] std::_Hashtable<std::pair<std::__cxx11::basic_string<char, std::char_traits<char>, std::allocator<char> >, std::__cxx11::basic_string<char, std::char_traits<char>, std::allocator<char> > >, std::pair<std::pair<std::__cxx11::basic_string<char, std::char_traits<char>, std::allocator<char> >, std::__cxx11::basic_string<char, std::char_traits<char>, std::allocator<char> > > const, int>, std::allocator<std::pair<std::pair<std::__cxx11::basic_string<char, std::char_traits<char>, std::allocator<char> >, std::__cxx11::basic_string<char, std::char_traits<char>, std::allocator<char> > > const, int> >, std::__detail::_Select1st, std::equal_to<std::pair<std::__cxx11::basic_string<char, std::char_traits<char>, std::allocator<char> >, std::__cxx11::basic_string<char, std::char_traits<char>, std::allocator<char> > > >, llama_vocab::impl::pair_hash, std::__detail::_Mod_range_hashing, std::__detail::_Default_ranged_hash, std::__detail::_Prime_rehash_policy, std::__detail::_Hashtable_traits<true, false, true> >::_M_find_before_node(unsigned long, std::pair<std::__cxx11::basic_string<char, std::char_traits<char>, std::allocator<char> >, std::__cxx11::basic_string<char, std::char_traits<char>, std::allocator<char> > > const&, unsigned long) const [clone .isra.0]                                                                                                                                                                                                                                                                                                                                                                                               -      -            
     0.02%  [rocket]                [k] rocket_ioctl_submit                                                                                                                                                                                                                                                                                                                                                                                                                                                                                                                                                                                                                                                                                                                                                                                                                                                                                                                                                                                                                                                                                                                                                                                                                                                                                                                                                                                                                                                                                                                                                                                                                                                                                          -      -            
     0.02%  libllama.so.0.1.2       [.] llama_vocab::impl::load(llama_model_loader&, LLM_KV const&)                                                                                                                                                                                                                                                                                                                                                                                                                                                                                                                                                                                                                                                                                                                                                                                                                                                                                                                                                                                                                                                                                                                                                                                                                                                                                                                                                                                                                                                                                                                                                                                                                                                  -      -            
     0.02%  [kernel.kallsyms]       [k] 0xffffd473d5a71848                                                                                                                                                                                                                                                                                                                                                                                                                                                                                                                                                                                                                                                                                                                                                                                                                                                                                                                                                                                                                                                                                                                                                                                                                                                                                                                                                                                                                                                                                                                                                                                                                                                                                           -      -            
     0.02%  [rocket]                [k] rocket_ioctl_prep_bo                                                                                                                                                                                                                                                                                                                                                                                                                                                                                                                                                                                                                                                                                                                                                                                                                                                                                                                                                                                                                                                                                                                                                                                                                                                                                                                                                                                                                                                                                                                                                                                                                                                                                         -      -            
     0.02%  libc.so.6               [.] 0x00000000000a64f4                                                                                                                                                                                                                                                                                                                                                                                                                                                                                                                                                                                                                                                                                                                                                                                                                                                                                                                                                                                                                                                                                                                                                                                                                                                                                                                                                                                                                                                                                                                                                                                                                                                                                           -      -            
     0.02%  [kernel.kallsyms]       [k] 0xffffd473d4e574cc                                                                                                                                                                                                                                                                                                                                                                                                                                                                                                                                                                                                                                                                                                                                                                                                                                                                                                                                                                                                                                                                                                                                                                                                                                                                                                                                                                                                                                                                                                                                                                                                                                                                                           -      -            
     0.02%  [kernel.kallsyms]       [k] 0xffffd473d5b69e5c                                                                                                                                                                                                                                                                                                                                                                                                                                                                                                                                                                                                                                                                                                                                                                                                                                                                                                                                                                                                                                                                                                                                                                                                                                                                                                                                                                                                                                                                                                                                                                                                                                                                                           -      -            
     0.02%  [kernel.kallsyms]       [k] 0xffffd473d4e56368                                                                                                                                                                                                                                                                                                                                                                                                                                                                                                                                                                                                                                                                                                                                                                                                                                                                                                                                                                                                                                                                                                                                                                                                                                                                                                                                                                                                                                                                                                                                                                                                                                                                                           -      -            
     0.02%  [kernel.kallsyms]       [k] 0xffffd473d521c8e8                                                                                                                                                                                                                                                                                                                                                                                                                                                                                                                                                                                                                                                                                                                                                                                                                                                                                                                                                                                                                                                                                                                                                                                                                                                                                                                                                                                                                                                                                                                                                                                                                                                                                           -      -            
     0.02%  libc.so.6               [.] 0x00000000000a64e8                                                                                                                                                                                                                                                                                                                                                                                                                                                                                                                                                                                                                                                                                                                                                                                                                                                                                                                                                                                                                                                                                                                                                                                                                                                                                                                                                                                                                                                                                                                                                                                                                                                                                           -      -            
     0.02%  libggml-rocket.so       [.] rocket_bo_prep                                                                                                                                                                                                                                                                                                                                                                                                                                                                                                                                                                                                                                                                                                                                                                                                                                                                                                                                                                                                                                                                                                                                                                                                                                                                                                                                                                                                                                                                                                                                                                                                                                                                                               -      -            
     0.02%  libllama.so.0.1.2       [.] std::__detail::_Map_base<std::__cxx11::basic_string<char, std::char_traits<char>, std::allocator<char> >, std::pair<std::__cxx11::basic_string<char, std::char_traits<char>, std::allocator<char> > const, int>, std::allocator<std::pair<std::__cxx11::basic_string<char, std::char_traits<char>, std::allocator<char> > const, int> >, std::__detail::_Select1st, std::equal_to<std::__cxx11::basic_string<char, std::char_traits<char>, std::allocator<char> > >, std::hash<std::__cxx11::basic_string<char, std::char_traits<char>, std::allocator<char> > >, std::__detail::_Mod_range_hashing, std::__detail::_Default_ranged_hash, std::__detail::_Prime_rehash_policy, std::__detail::_Hashtable_traits<true, false, true>, true>::operator[](std::__cxx11::basic_string<char, std::char_traits<char>, std::allocator<char> > const&)                                                                                                                                                                                                                                                                                                                                                                                                                                                                                                                                                                                                                                                                                                                                                                                                                                                                -      -            
     0.02%  [kernel.kallsyms]       [k] 0xffffd473d521c89c                                                                                                                                                                                                                                                                                                                                                                                                                                                                                                                                                                                                                                                                                                                                                                                                                                                                                                                                                                                                                                                                                                                                                                                                                                                                                                                                                                                                                                                                                                                                                                                                                                                                                           -      -            
     0.02%  [kernel.kallsyms]       [k] 0xffffd473d61da1c4                                                                                                                                                                                                                                                                                                                                                                                                                                                                                                                                                                                                                                                                                                                                                                                                                                                                                                                                                                                                                                                                                                                                                                                                                                                                                                                                                                                                                                                                                                                                                                                                                                                                                           -      -            
     0.02%  [kernel.kallsyms]       [k] 0xffffd473d4fa82d0                                                                                                                                                                                                                                                                                                                                                                                                                                                                                                                                                                                                                                                                                                                                                                                                                                                                                                                                                                                                                                                                                                                                                                                                                                                                                                                                                                                                                                                                                                                                                                                                                                                                                           -      -            
     0.01%  libggml-rocket.so       [.] rkt_chain_pack                                                                                                                                                                                                                                                                                                                                                                                                                                                                                                                                                                                                                                                                                                                                                                                                                                                                                                                                                                                                                                                                                                                                                                                                                                                                                                                                                                                                                                                                                                                                                                                                                                                                                               -      -            
     0.01%  [kernel.kallsyms]       [k] 0xffffd473d5b693a8                                                                                                                                                                                                                                                                                                                                                                                                                                                                                                                                                                                                                                                                                                                                                                                                                                                                                                                                                                                                                                                                                                                                                                                                                                                                                                                                                                                                                                                                                                                                                                                                                                                                                           -      -            
     0.01%  libc.so.6               [.] clock_gettime                                                                                                                                                                                                                                                                                                                                                                                                                                                                                                                                                                                                                                                                                                                                                                                                                                                                                                                                                                                                                                                                                                                                                                                                                                                                                                                                                                                                                                                                                                                                                                                                                                                                                                -      -            
     0.01%  [kernel.kallsyms]       [k] 0xffffd473d4e563a0                                                                                                                                                                                                                                                                                                                                                                                                                                                                                                                                                                                                                                                                                                                                                                                                                                                                                                                                                                                                                                                                                                                                                                                                                                                                                                                                                                                                                                                                                                                                                                                                                                                                                           -      -            
     0.01%  [kernel.kallsyms]       [k] 0xffffd473d61f7c00                                                                                                                                                                                                                                                                                                                                                                                                                                                                                                                                                                                                                                                                                                                                                                                                                                                                                                                                                                                                                                                                                                                                                                                                                                                                                                                                                                                                                                                                                                                                                                                                                                                                                           -      -            
     0.01%  [kernel.kallsyms]       [k] 0xffffd473d4e5744c                                                                                                                                                                                                                                                                                                                                                                                                                                                                                                                                                                                                                                                                                                                                                                                                                                                                                                                                                                                                                                                                                                                                                                                                                                                                                                                                                                                                                                                                                                                                                                                                                                                                                           -      -            
     0.01%  [kernel.kallsyms]       [k] 0xffffd473d526975c                                                                                                                                                                                                                                                                                                                                                                                                                                                                                                                                                                                                                                                                                                                                                                                                                                                                                                                                                                                                                                                                                                                                                                                                                                                                                                                                                                                                                                                                                                                                                                                                                                                                                           -      -            
     0.01%  libllama.so.0.1.2       [.] std::_Hashtable<std::pair<std::__cxx11::basic_string<char, std::char_traits<char>, std::allocator<char> >, std::__cxx11::basic_string<char, std::char_traits<char>, std::allocator<char> > >, std::pair<std::pair<std::__cxx11::basic_string<char, std::char_traits<char>, std::allocator<char> >, std::__cxx11::basic_string<char, std::char_traits<char>, std::allocator<char> > > const, int>, std::allocator<std::pair<std::pair<std::__cxx11::basic_string<char, std::char_traits<char>, std::allocator<char> >, std::__cxx11::basic_string<char, std::char_traits<char>, std::allocator<char> > > const, int> >, std::__detail::_Select1st, std::equal_to<std::pair<std::__cxx11::basic_string<char, std::char_traits<char>, std::allocator<char> >, std::__cxx11::basic_string<char, std::char_traits<char>, std::allocator<char> > > >, llama_vocab::impl::pair_hash, std::__detail::_Mod_range_hashing, std::__detail::_Default_ranged_hash, std::__detail::_Prime_rehash_policy, std::__detail::_Hashtable_traits<true, false, true> >::_M_insert_unique_node(unsigned long, unsigned long, std::__detail::_Hash_node<std::pair<std::pair<std::__cxx11::basic_string<char, std::char_traits<char>, std::allocator<char> >, std::__cxx11::basic_string<char, std::char_traits<char>, std::allocator<char> > > const, int>, true>*, unsigned long)                                                                                                                                                                                                                                                                                                                                                   -      -            
     0.01%  [kernel.kallsyms]       [k] 0xffffd473d5175304                                                                                                                                                                                                                                                                                                                                                                                                                                                                                                                                                                                                                                                                                                                                                                                                                                                                                                                                                                                                                                                                                                                                                                                                                                                                                                                                                                                                                                                                                                                                                                                                                                                                                           -      -            
     0.01%  libggml-rocket.so       [.] ggml_fp32_to_fp16@plt                                                                                                                                                                                                                                                                                                                                                                                                                                                                                                                                                                                                                                                                                                                                                                                                                                                                                                                                                                                                                                                                                                                                                                                                                                                                                                                                                                                                                                                                                                                                                                                                                                                                                        -      -            
     0.01%  [kernel.kallsyms]       [k] 0xffffd473d51e4308                                                                                                                                                                                                                                                                                                                                                                                                                                                                                                                                                                                                                                                                                                                                                                                                                                                                                                                                                                                                                                                                                                                                                                                                                                                                                                                                                                                                                                                                                                                                                                                                                                                                                           -      -            
     0.01%  [kernel.kallsyms]       [k] 0xffffd473d515169c                                                                                                                                                                                                                                                                                                                                                                                                                                                                                                                                                                                                                                                                                                                                                                                                                                                                                                                                                                                                                                                                                                                                                                                                                                                                                                                                                                                                                                                                                                                                                                                                                                                                                           -      -            
     0.01%  [kernel.kallsyms]       [k] 0xffffd473d5a736b0                                                                                                                                                                                                                                                                                                                                                                                                                                                                                                                                                                                                                                                                                                                                                                                                                                                                                                                                                                                                                                                                                                                                                                                                                                                                                                                                                                                                                                                                                                                                                                                                                                                                                           -      -            
     0.01%  [kernel.kallsyms]       [k] 0xffffd473d51b4254                                                                                                                                                                                                                                                                                                                                                                                                                                                                                                                                                                                                                                                                                                                                                                                                                                                                                                                                                                                                                                                                                                                                                                                                                                                                                                                                                                                                                                                                                                                                                                                                                                                                                           -      -            
     0.01%  [kernel.kallsyms]       [k] 0xffffd473d523d23c                                                                                                                                                                                                                                                                                                                                                                                                                                                                                                                                                                                                                                                                                                                                                                                                                                                                                                                                                                                                                                                                                                                                                                                                                                                                                                                                                                                                                                                                                                                                                                                                                                                                                           -      -            
     0.01%  [kernel.kallsyms]       [k] 0xffffd473d51b404c                                                                                                                                                                                                                                                                                                                                                                                                                                                                                                                                                                                                                                                                                                                                                                                                                                                                                                                                                                                                                                                                                                                                                                                                                                                                                                                                                                                                                                                                                                                                                                                                                                                                                           -      -            
     0.01%  [kernel.kallsyms]       [k] 0xffffd473d521bb54                                                                                                                                                                                                                                                                                                                                                                                                                                                                                                                                                                                                                                                                                                                                                                                                                                                                                                                                                                                                                                                                                                                                                                                                                                                                                                                                                                                                                                                                                                                                                                                                                                                                                           -      -            
     0.01%  libllama.so.0.1.2       [.] void set_input_kq_mask_impl<unsigned short, true, true, false, false>(args_set_input_kq_mask const&, unsigned short*)                                                                                                                                                                                                                                                                                                                                                                                                                                                                                                                                                                                                                                                                                                                                                                                                                                                                                                                                                                                                                                                                                                                                                                                                                                                                                                                                                                                                                                                                                                                                                                                        -      -            
     0.01%  [kernel.kallsyms]       [k] 0xffffd473d513d4b0                                                                                                                                                                                                                                                                                                                                                                                                                                                                                                                                                                                                                                                                                                                                                                                                                                                                                                                                                                                                                                                                                                                                                                                                                                                                                                                                                                                                                                                                                                                                                                                                                                                                                           -      -            
     0.01%  [kernel.kallsyms]       [k] 0xffffd473d4fa81c8                                                                                                                                                                                                                                                                                                                                                                                                                                                                                                                                                                                                                                                                                                                                                                                                                                                                                                                                                                                                                                                                                                                                                                                                                                                                                                                                                                                                                                                                                                                                                                                                                                                                                           -      -            
     0.01%  [kernel.kallsyms]       [k] 0xffffd473d5269744                                                                                                                                                                                                                                                                                                                                                                                                                                                                                                                                                                                                                                                                                                                                                                                                                                                                                                                                                                                                                                                                                                                                                                                                                                                                                                                                                                                                                                                                                                                                                                                                                                                                                           -      -            
     0.01%  [kernel.kallsyms]       [k] 0xffffd473d5232848                                                                                                                                                                                                                                                                                                                                                                                                                                                                                                                                                                                                                                                                                                                                                                                                                                                                                                                                                                                                                                                                                                                                                                                                                                                                                                                                                                                                                                                                                                                                                                                                                                                                                           -      -            
[2026-09-03T02:24:05+00:00] TRACKD27-ALL-DONE
