arm	rep	set	chunk	audio_s	wall_s	cpu_s	text
npu	1	s61-70968/clean/c20	002.wav	20.00	16.686	55.610	Master, though I am an old man. Fourth Whith all ran to the opening of the tent to see  what might be amiss, but Master Will, who peeped out first, needed no more than one glance.  He gave way to the others very readily and retreated unperceived by the squire in Mistress  fits ooth to the rear of the tent.  Cries of a knotting
npu	1	s61-70968/clean/c20	003.wav	20.00	5.326	17.390	him, unknotting him! Before them fled the stroller and his three sons, capless and terrified.  "What is that tumult and rioting?" cried out the squire authoritatively, and he blew  twice on the silver whistle which hung at his belt.  "Nay, we refuse their request most politely. Most noble," said the little stroller.
npu	1	s61-70968/clean/c20	004.wav	20.00	5.168	16.850	And then they became vexed and would have snatched your purse from us.  I could not see my boy injured excellence for but doing his duty as one of Cumberland's sons.  So I did push this fellow.  "It is enough," said George Gamewell sharply as he turned upon the crowd.  "Shame on you, citizen."
npu	1	s61-70968/clean/c20	005.wav	20.00	5.271	17.220	sins," cried he. "I blush for my fellows of Nottingham. Surely we can submit with good  grace."  "It is fine for you to talk, old man," answered the lean, sullen apprentice. "But I wrestled  with this fellow, and do know that he played unfairly in the second bout," spoke the squire  losing all patience.
npu	1	s61-70968/clean/c20	006.wav	20.00	5.586	18.300	"And it was to you that I gave another person consolation!"  "Come to me, men. Here, here!" he raised his voice still louder.  The strollers took their part in it with hearty zest, now that they had some chance of beating  off their foes.  Robin and the little tumbler between them tried to force the squire to stand back, and  very valiantly did these two comply.
npu	1	s61-70968/clean/c20	007.wav	20.00	5.308	17.320	themselves. The head and chief of the riot, the Nottingham  apprentice, with clenched fists threatened Montfichet. The squire helped to thrust them  all in and entered swiftly himself. "Now, be silent on your lives," he began, but the  captured apprentice set up an instant shout. "Silence, you naïve," cried Montfichet.
npu	1	s61-70968/clean/c20	008.wav	20.00	5.433	17.770	He felt fur and found the wizard's black cloth. The squire was quite out of breath.  Thrusting open the proper entrance of the tent, Robin suddenly rushed forth with his burden,  with a great shout, "A month viché, a month viché! Game well to the rescue!"  Taking advantage of this, the squire's few men redoubled their efforts, and,
npu	1	s61-70968/clean/c20	009.wav	20.00	5.278	17.220	encouraged by Robbins and the little strollers' cries, fought their way to him. George Montfichet  will never forget this day.  "What is your name, Lording?" asked the little stroller presently.  "Robin Fitzsouf. And mine is Will Stutley. Shall we become, Rads?"  "Right, Willing."
npu	1	s61-70968/clean/c20	010.wav	20.00	5.042	16.410	"I like you, Will. You are the second Will that I have met in light within two days. Is  there a sign in that?" Montfichet called out for Robin to give him an arm.  "Friends," said Montfichet faintly to the wrestlers. "Bear us escort so far as the sheriffs
npu	1	s61-70968/clean/c20	011.wav	20.00	5.297	17.310	house. It will not be safe for you to stay here now. Pray follow us, with mine and my  Lord Sheriff's men."  Nottingham Castle was reached, and admittance was demanded. Master Monceau, the Sheriff  of Nottingham, was mightily put about when told of the rioting, and Henry might return  to England at any moment.
npu	1	s61-70968/ssb15/c20	000.wav	20.00	5.109	16.580	He began a confused complaint against the wizard who had vanished behind the curtain on the left.  "If not so, earneth the mind of these mummeries, child, a golden fortune and a happy life."  He was like unto my father, in a way, and yet was not my father.  Also, there was a stripping page,
npu	1	s61-70968/ssb15/c20	001.wav	20.00	5.045	16.400	returned it to her maid. This was so sweet of Lady Sir, and in some manner I do think  she died. But then the picture was gone as quickly as it came. Mr. Nell, do you hear  these marbles? Take your place and let us see what the crystal can show to you. Like  if not young.
npu	1	s61-70968/ssb15/c20	002.wav	20.00	5.622	18.410	Master, though I am an old man.  Force Whist all ran to the opening of the tent to see what might be amiss, but Master  Will, who peaked out first, needed no more than one glance.  He gave way to the others very readily and retreated unperceived by the squire and mistress  Bidsooth to the rear of the tent.  Cry the—I'm not a ghost!
npu	1	s61-70968/ssb15/c20	003.wav	20.00	5.328	17.380	him, unknotting him. Before them fled the stroller and his three sons, capless and terrified.  "What is that tumult and rioting?" cried out the squire authoritatively, and he blew  twice on the silver whistle which hung at his cell. "Nay, we refuse their request most  politely, most noble," said the little stroller.
npu	1	s61-70968/ssb15/c20	004.wav	20.00	5.145	16.790	and then they became vexed and would have snatched your purse from us.  I could not see my boy injured at once,  for by doing the duty of one of Cumberland's sons.  So I did push this fellow.  It is enough that George came well sharply as he turned upon the crowd.  Shame on you citizen!
npu	1	s61-70968/ssb15/c20	005.wav	20.00	4.975	16.140	I blush for my fellows of Nottingham. Surely we can submit with good grace.  It is fine for you to talk, old man, answer the lean fellow in apprentice.  But I wrestled with his fellow and do know that he played unfairly in the second bout.  Spoke the squire losing all patience.
npu	1	s61-70968/ssb15/c20	006.wav	20.00	5.608	18.390	And it was to you that I gave another person consolation.  "Come to me, men. Here, here!" he raised his voice still louder.  The strollers took their part in it with hearty zest, now that they had some chance of beating off their foes.  Robbiting a little tumbler between them, tried to force the squire to stand back,  and very valiantly did these two from the back.
npu	1	s61-70968/ssb15/c20	007.wav	20.00	5.304	17.300	The head and chief of the riots in Ottingham Apprentice, with quench fists, threatened Mont-Pichet.  The squire helped to thrust them all in and entered swiftly himself.  "Now be silent on your lies," he began, but the captured apprentice set up an instant shout.  "Silence, you naïve," cried Mont-Pichet.
npu	1	s61-70968/ssb15/c20	008.wav	20.00	5.460	17.830	He felt for and found the wizard's black claw.  The squire was quite out of breath.  Thrusting opened the proper entrance of the tent.  Robin suddenly rushed forth with his burden with a great shout.  "A must be shea! A must be shea! Game well to the rescue!"  Taking advantage of this, the squire's few men redoubled their efforts and...
npu	1	s61-70968/ssb15/c20	009.wav	20.00	5.112	16.660	encouraged by Robin from the little stroller's drive, fought their way to him. George Montchichet  will never forget this day. "What is your name, Lording?" asked the little stroller presently.  "Robin is a thief, and mine is real stutley. Shall we become rats?"  "Right, Willing."
npu	1	s61-70968/ssb15/c20	010.wav	20.00	5.108	16.600	"I'd like you, Will. You're the second Will that I have met and liked within two days.  Is there a sign in that?"  Monty Shea called out for Robin to give him an arm.  "Bren," said Monty Shea faintly to the rep for, "bear us escort so far as the sheriff's
npu	1	s61-70968/ssb15/c20	011.wav	20.00	5.171	16.860	It will not be safe for you to stay here now.  Pray follow us, with mine and my Lord Sheriff's men.  Nottingham Castle was reached and admittance was demanded.  Master Momso, the Sheriff of Nottingham, was mightily put about when told of the rioting,  and Henry might return to England at any moment.
npu	1	s61-70968/ssb5/c20	000.wav	20.00	3.939	12.560	[  [  ]  [  ]  [  ]  [  ]  [  ]
npu	1	s61-70968/ssb5/c20	001.wav	20.00	5.570	18.350	I'm trying to figure this out. This was so easy. And somehow I do think she died. But then the picture has gone and quickly everything.  And now do you hear these marbles? Take your place and let us hear the cripple's mission. Like if not young.
npu	1	s61-70968/ssb5/c20	002.wav	20.00	4.716	15.300	[  [  ]  [  ]  [  ]  [  ]  [  ]  [  ]  [  ]  [  ]  [  ]  [  ]
npu	1	s61-70968/ssb5/c20	003.wav	20.00	5.503	18.020	We have automatic cameras.  Before them, led the scroller to the ground.  That was a terrifying sight.  We wondered if they'd come at them.  Why, it ain't tried out the fire.  So, we did it.  We tried to find them.  We were free with their request.  Look, the light was so renewable.  That the little scroller...
npu	1	s61-70968/ssb5/c20	004.wav	20.00	5.148	16.770	And then we could play back and would have snatched your person on you.  I could not see my boy injured actually, so the boys were easily able to come to the sun.  So I did push this fellow.  It was a mess.  That George Gaines well sharply turned the problem out.  She monkeying for the sun.
npu	1	s61-70968/ssb5/c20	005.wav	20.00	4.757	15.410	I dush for my fellows of Nottingham. Surely we can submit with good grace.  I bring you to talk, old man.  But I, recklessly, do know that he played unfairly in the second second.  So, this while, I'm using all patience.
npu	1	s61-70968/ssb5/c20	006.wav	20.00	5.375	17.570	And it was seen here that I gave another person consolation.  Company men, here, here!  We raised the voice so louder.  The strollers took their part in the department desk  now that they had some chance of beating off their bones.  Robin and the little tumbler between them  tried to force his wife to turn back.  And very valiantly did the excuse
npu	1	s61-70968/ssb5/c20	007.wav	20.00	4.973	16.140	The head and sheep of the riot may not have ascended, but French stiff threatened Montuchel.  The fire helped to thrust them all in and entered Ciccer's farm.  Now, these pilot on your slide, the captured offenders set up an instant shout.  The pilot used mainly to cry Montuchel.
npu	1	s61-70968/ssb5/c20	008.wav	20.00	3.850	12.290	[  ]  [  ]  [  ]  [  ]  [  ]
npu	1	s61-70968/ssb5/c20	009.wav	20.00	6.117	20.060	First I want to go to school with pride, awful as it is. George Montice will never forget this day.  What is your name, Lordy? Ask the Lord to come.  Welcome to the future.  And mind if you'll step away, so that he can come back.  Right, Lordy.
npu	1	s61-70968/ssb5/c20	010.wav	20.00	5.913	19.490	[Multiple voices]
npu	1	s61-70968/ssb5/c20	011.wav	20.00	5.400	17.650	It would not be safe for you to stay here now.  Great follow-up. With mine and my Lord Sheriff's men.  Not again, Capitol retreat.  No, this is just a matter of time.  Master Monstow, the Sheriff of Nottingham,  was lightly put about when told of the rioting.  And I'm not trying to ignore that any longer.
npu-nf-nt	1	s61-70968/clean/c20	002.wav	20.00	5.268	17.160	Master, though I am an old man. Fourth Whith all ran to the opening of the tent to see what might be amiss; but Master Will, who peeped out first, needed no more than one glance. He gave way to the others very readily, and retreated unperceived by the squire in Mistress Fitzuth to the rear of the tent. Cries of a knotting
npu-nf-nt	1	s61-70968/clean/c20	003.wav	20.00	5.128	16.700	him, unknotting him! Before them fled the stroller and his three sons, capless and terrified. "What is that tumult and rioting?" cried out the squire authoritatively, and he blew twice on the silver whistle which hung at his belt. "Nay, we refuse their request most politely. Most noble," said the little stroller.
npu-nf-nt	1	s61-70968/clean/c20	004.wav	20.00	4.959	16.070	And then they became vexed and would have snatched your purse from us. I could not see my boy injured excellence for but doing his duty as one of Cumberland's sons. So I did push this fellow. "It is enough," said George Gamewell sharply as he turned upon the crowd. "Shame on you, citizen."
npu-nf-nt	1	s61-70968/clean/c20	005.wav	20.00	4.932	15.990	"I blush for my fellows of Nottingham. Surely we can submit with good grace." "It is fine for you to talk, old man," answered the lean, sullen apprentice. "But I wrestled with this fellow, and do know that he played unfairly in the second bout," spoke the squire, losing all patience.
npu-nf-nt	1	s61-70968/clean/c20	006.wav	20.00	5.256	17.130	"And it was to you that I gave another person consolation." "Come to me, men. Here, here!" he raised his voice still louder. The strollers took their part in it with hearty zest, now that they had some chance of beating off their foes. Robin and the little tumbler between them tried to force the squire to stand back, and very valiantly did these two
npu-nf-nt	1	s61-70968/clean/c20	007.wav	20.00	5.138	16.740	themselves. The head and chief of the riot, the Nottingham apprentice, with clenched fists threatened Montfichet. The squire helped to thrust them all in and entered swiftly himself. "Now, be silent on your lives," he began, but the captured apprentice set up an instant shout. "Silence, you naïve," cried Montfichet.
npu-nf-nt	1	s61-70968/clean/c20	008.wav	20.00	5.208	16.950	He felt fur and found the wizard's black cloth. The squire was quite out of breath. Thrusting open the proper entrance of the tent, Robin suddenly rushed forth with his burden with a great shout, "A month viché, a month viché! Game well to the rescue!" Taking advantage of this, the squire's few men redoubled their efforts, and,
npu-nf-nt	1	s61-70968/clean/c20	009.wav	20.00	4.898	15.920	encouraged by Robbins and the little strollers' cries, fought their way to him. George Montfichet will never forget this day. "What is your name, Lording?" asked the little stroller presently. "Robin Fitzsouf. And mine is Will Stutley. Shall we become, Rads?"
npu-nf-nt	1	s61-70968/clean/c20	010.wav	20.00	4.995	16.260	"I like you, Will. You are the second Will that I have met in light within two days. Is there a sign in that?" Montfichet called out for Robin to give him an arm. "Friends," said Montfichet faintly to the wrestlers. "Bear us escort so far as the sheriffs have to."
npu-nf-nt	1	s61-70968/clean/c20	011.wav	20.00	5.055	16.420	house. It will not be safe for you to stay here now. Pray follow us, with mine and my Lord Sheriff's men." Nottingham Castle was reached, and admittance was demanded. Master Monceau, the Sheriff of Nottingham, was mightily put about when told of the rioting, and Henry might return to England at any moment.
npu-nf-nt	1	s61-70968/ssb15/c20	000.wav	20.00	4.934	15.970	He began a confused complaint against the wizard who had vanished behind the curtain on the left. "If not so, earneth the mind of these mummeries, child, a golden fortune and a happy life." He was like unto my father, in a way, and yet was not my father. Also, there was a stripping page,
npu-nf-nt	1	s61-70968/ssb15/c20	001.wav	20.00	4.876	15.800	returned it to her maid. This was so sweet of Lady Sir, and in some manner I do think she died. But then the picture was gone as quickly as it came. Mr. Nell, do you hear these marbles? Take your place and let us see what the crystal can show to you. Like if not young.
npu-nf-nt	1	s61-70968/ssb15/c20	002.wav	20.00	5.165	16.790	"I am an old man." Force Whist all ran to the opening of the tent to see what might be amiss, but Master Will, who peaked out first, needed no more than one glance. He gave way to the others very readily and retreated unperceived by the squire and mistress Bidsooth to the rear of the tent. "I'm not
npu-nf-nt	1	s61-70968/ssb15/c20	003.wav	20.00	5.158	16.800	him, unknotting him. Before them fled the stroller and his three sons, capless and terrified. "What is that tumult and rioting?" cried out the squire authoritatively, and he blew twice on the sower whistle which hung at his cell. "Nay, we refuse their request most politely, most noble," said the little stroller.
npu-nf-nt	1	s61-70968/ssb15/c20	004.wav	20.00	4.864	15.780	and then they became vexed and would have snatched your purse from us. I could not see my boy injured at once, for by doing the duty of one of Cumberland's sons. So I did push this fellow. It is enough that George came well sharply as he turned upon the crowd. Shame on you citizen!
npu-nf-nt	1	s61-70968/ssb15/c20	005.wav	20.00	4.847	15.730	I blush for my fellows of Nottingham. Surely we can submit with good grace. It is fine for you to talk, old man," answered the lean fellow in apprentice, "but I wrestled with his fellow and do know that he played unfairly in the second bout." Spoke the squire, losing all patience.
npu-nf-nt	1	s61-70968/ssb15/c20	006.wav	20.00	5.362	17.490	"And it was to you that I gave another person consolation. Come to me, men. Here, here!" He raised his voice still louder. The strollers took their part in it with hearty zest, now that they had some chance of beating off their foes. Robbidon, a little tumbler between them, tried to force the squire to stand back, and very valiantly did these two from
npu-nf-nt	1	s61-70968/ssb15/c20	007.wav	20.00	5.076	16.510	The head and chief of the riots in Ottingham Apprentice, with quench fists, threatened Montpichet. His squire helped to thrust them all in and entered swiftly himself. "Now be silent on your lies," he began, but the captured apprentice set up an instant shout. "Silence, you naïve," cried Montpichet.
npu-nf-nt	1	s61-70968/ssb15/c20	008.wav	20.00	5.179	16.870	He felt for and found the wizard's black claw. The squire was quite out of breath. Thrusting open the proper entrance of the tent, Robin suddenly rushed forth with his burden with a great shout. "A must be shea! A must be shea! Game well to the rescue!" Taking advantage of this, the squire's few men redoubled their efforts and,
npu-nf-nt	1	s61-70968/ssb15/c20	009.wav	20.00	4.907	15.900	encouraged by Robin from the little stroller's drive, fought their way to him. George Montice will never forget this day. "What is your name, Lording?" asked the little stroller presently. "Robin is a thief, and mine is Will Stutley. Shall we become rats?" "Right, Willing."
npu-nf-nt	1	s61-70968/ssb15/c20	010.wav	20.00	4.999	16.240	"I'd like you, Will. You're the second Will that I have met and liked within two days. Is there a sign in that?" Montchichet called out for Robin to give him an arm. "Bren," said Montchichet faintly to the rep for, "bear us escort so far as the sheriff's house is."
npu-nf-nt	1	s61-70968/ssb15/c20	011.wav	20.00	4.945	16.060	It will not be safe for you to stay here now. Pray follow us, with mine and my Lord Sheriff's men." Nottingham Castle was reached and admittance was demanded. Master Momso, the Sheriff of Nottingham, was mightily put about when told of the rioting, and Henry might return to England at any moment.
npu-nf-nt	1	s61-70968/ssb5/c20	000.wav	20.00	3.242	10.090	[Pause]
npu-nf-nt	1	s61-70968/ssb5/c20	001.wav	20.00	3.415	10.730	I'm trying to figure out what I'm doing.
npu-nf-nt	1	s61-70968/ssb5/c20	002.wav	20.00	3.198	10.010	I'm not
npu-nf-nt	1	s61-70968/ssb5/c20	003.wav	20.00	5.240	17.050	We have automatic cameras. Before them, led the scroller to the ground. That was a terrifying sight. We wondered if they'd come at them rioting, cried out the fire, and so we waited for them to leave. We'd fight on the silver lip of the tunnel itself. Today, we were free with their request. Look, the light was so renewable, said the little scroller.
npu-nf-nt	1	s61-70968/ssb5/c20	004.wav	20.00	4.876	15.800	And then we could play back and would have snatched your person on you. I could not see my boy injured actually. So the boys were easily able to come to their son. So I did push this fellow. It was a mess. That George came well sharply and he turned the problem out. She mon-used the decision.
npu-nf-nt	1	s61-70968/ssb5/c20	005.wav	20.00	4.541	14.620	I dush for my fellows of Nottingham. Surely we can submit with good grace. I bring you to talk, old man. But I, recklessly, I do know that he played unfairly in the second second. He wrote this while amusing all patients.
npu-nf-nt	1	s61-70968/ssb5/c20	006.wav	20.00	5.076	16.530	And it was seen you that I gave another person consolation to. Company men, here, here, we raise this voice so louder. The strollers took their part in this department that now they have some chance of beating off their bones. Robin and the little tumbler between them tried to force this while he ran back. And very valiantly did the excuse of me.
npu-nf-nt	1	s61-70968/ssb5/c20	007.wav	20.00	4.846	15.710	The head and she for the life of the Ottingham Center is plenty to threaten most of the show. The wire helps to thrust them all in and enters the system. Now, these pilot on your slide, the captured center, set up an instant shell. The pilot, you may be surprised, won't you, Sharon?
npu-nf-nt	1	s61-70968/ssb5/c20	008.wav	20.00	5.076	16.520	The fire is burning down with his black cloth, his quiet, quiet, and proud. Thrusting open the proper entrance into the night, Robin suddenly rushed forth with his burden with his great shout, "A month be shamed, a month be shamed, he will to the rescue!" Taking advantage of this, the fire seemed then redoubled their efforts, and
npu-nf-nt	1	s61-70968/ssb5/c20	009.wav	20.00	3.894	12.390	George Montice will never forget this day. What is your name, Lordy? Ask the Lord his name. And mind is real, sir.
npu-nf-nt	1	s61-70968/ssb5/c20	010.wav	20.00	3.788	12.060	I have a second will that I have met before. But they'll find him, that's what I'm going to do.
npu-nf-nt	1	s61-70968/ssb5/c20	011.wav	20.00	4.837	15.690	It would not be safe for you to stay here now. Great follow-up. With mine and my Lord Sheriff's men. Not again, Capitol retreat. Master Moncels, the Sheriff of Nottingham, is likely put about when told of the rioting. And I'm not sure if it was in any form.
npu-ac1200-nf	1	s61-70968/clean/c20	002.wav	20.00	7.201	23.170	Master, though I am an old man. Fourth Whith all ran to the opening of the tent to see  what might be amiss; but Master Will, who peeped out first, needed no more than one  glance. He gave way to the others very readily, and retreated unperceived by the squire in  Mistress Fitzuth to the rear of the tent.  Cries of a nodding
npu-ac1200-nf	1	s61-70968/clean/c20	003.wav	20.00	4.394	14.310	him, unknotting him! Before them fled the stroller and his three sons, capless and terrified.  "What is that tumult and rioting?" cried out the squire authoritatively, and he blew  twice on the silver whistle which hung at his belt.  "Nay, we refuse their request most politely. Most noble," said the little stroller. "I
npu-ac1200-nf	1	s61-70968/clean/c20	004.wav	20.00	4.233	13.740	And then they became vexed and would have snatched your purse from us.  I could not see my boy injured excellence for but doing his duty as one of Cumberland's sons.  So I did push this fellow.  "It is enough," said George Gamewell sharply as he turned upon the crowd.  "Shame on you, citizen."
npu-ac1200-nf	1	s61-70968/clean/c20	005.wav	20.00	4.281	13.910	sins," cried he. "I blush for my fellows of Nottingham. Surely we can submit with good  grace."  "It is fine for you to talk, old man," answered the lean sullen apprentice. "But I wrestled  with this fellow, and do know that he played unfairly in the second bout," spoke the squire  losing all patience.
npu-ac1200-nf	1	s61-70968/clean/c20	006.wav	20.00	4.567	14.900	"And it was to you that I gave another person consolation."  "Come to me, men. Here, here!" he raised his voice still louder. The strollers took their  part in it with hearty zest, now that they had some chance of beating off their foes.  Robin and the little tumbler between them tried to force the squire to stand back, and very  valiantly did these two comply.
npu-ac1200-nf	1	s61-70968/clean/c20	007.wav	20.00	4.361	14.170	themselves. The head and chief of the riot, the Nottingham  apprentice, with clenched fists threatened Montfichet. The squire helped to thrust them  all in and entered swiftly himself. "Now, be silent on your lives," he began, but the  captured apprentice set up an instant shout. "Silence, you naïve," cried Montfichet.
npu-ac1200-nf	1	s61-70968/clean/c20	008.wav	20.00	4.470	14.560	He felt fur and found the wizard's black cloth. The squire was quite out of breath.  Thrusting open the proper entrance of the tent, Robin suddenly rushed forth with his burden,  with a great shout, "A month viché, a month viché! Game well to the rescue!"  Taking advantage of this, the squire's few men redoubled their efforts, and,
npu-ac1200-nf	1	s61-70968/clean/c20	009.wav	20.00	4.328	14.060	encouraged by Robbins and the little strollers' cries, fought their way to him. George Montfichet  will never forget this day.  "What is your name, Lording?" asked the little stroller presently.  "Robin Fitzsouf. And mine is Will Stutley. Shall we become, Rads?"  "Right, Willing."
npu-ac1200-nf	1	s61-70968/clean/c20	010.wav	20.00	4.115	13.320	"I like you, Will. You are the second Will that I have met in light within two days. Is  there a sign in that?" Montfichet called out for Robin to give him an arm.  "Friends," said Montfichet faintly to the wrestlers. "Bear us escort so far as the sheriff's
npu-ac1200-nf	1	s61-70968/clean/c20	011.wav	20.00	4.345	14.130	house. It will not be safe for you to stay here now. Pray follow us, with mine and my  Lord Sheriff's men."  Nottingham Castle was reached, and admittance was demanded. Master Monceau, the Sheriff  of Nottingham, was mightily put about when told of the rioting, and Henry might return  to England at any moment.
npu-ac1200-nf	1	s61-70968/ssb15/c20	000.wav	20.00	4.172	13.480	He began a confused complaint against the wizard who had vanished behind the curtain on the left.  "If not so, earneth the mind of these mummeries, child, a golden fortune and a happy life."  He was like unto my father, in a way, and yet was not my father.  Also, there was a stripping page,
npu-ac1200-nf	1	s61-70968/ssb15/c20	001.wav	20.00	4.108	13.310	returned it to her maid. This was so sweet of Lady Sir, and in some manner I do think  she died. But then the picture was gone as quickly as it came.  Mr. Nell, do you hear these marbles? Take your place and let us see what the crystal  can show to you. Like if not young.
npu-ac1200-nf	1	s61-70968/ssb15/c20	002.wav	20.00	4.514	14.720	Master, though I am an old man. Force Whist all ran to the opening of the tent to see  what might be amiss, but Master Will, who peaked out first, needed no more than one  glance. He gave way to the others very readily and retreated unperceived by the squire and  Mistress Bidsooth to the rear of the tent. "Cries of—I'm not
npu-ac1200-nf	1	s61-70968/ssb15/c20	003.wav	20.00	4.370	14.180	him, unknotting him. Before them fled the stroller and his three sons, capless and terrified.  "What is that tumult and rioting?" cried out the squire authoritatively, and he blew  twice on the silver whistle which hung at his cell. "Nay, we refuse their request most  politely, most noble," said the little stroller.
npu-ac1200-nf	1	s61-70968/ssb15/c20	004.wav	20.00	4.205	13.640	and then they became vexed and would have snatched your purse from us.  I could not see my boy injured at once,  for by doing the duty of one of Cumberland's sons.  So I did push this fellow.  It is enough that George came well sharply as he turned upon the crowd.  Shame on you citizen!
npu-ac1200-nf	1	s61-70968/ssb15/c20	005.wav	20.00	4.056	13.140	I blush for my fellows of Nottingham. Surely we can submit with good grace.  "It is fine for you to talk, old man," answered the lean fellow in apprentice.  But I wrestled with his fellow and do know that he played unfairly in the second bout.  Spoke the squire losing all patience.
npu-ac1200-nf	1	s61-70968/ssb15/c20	006.wav	20.00	4.616	15.070	And it was to you that I gave another person consolation.  "Come to me, men. Here, here!" he raised his voice still louder.  The strollers took their part in it with hearty zest, now that they had some chance of beating off their foes.  Robbid and a little tumbler between them tried to force this wire to stand back,  and very valiantly did these two from the back.
npu-ac1200-nf	1	s61-70968/ssb15/c20	007.wav	20.00	4.303	13.990	The head and chief of the riots in Ottingham Apprentice, with quench fists, threatened Montpichet.  The squire helped to thrust them all in and entered swiftly himself.  "Now be silent on your lies," he began, but the captured apprentice set up an instant shout.  "Silence, you naïve," cried Montpichet.
npu-ac1200-nf	1	s61-70968/ssb15/c20	008.wav	20.00	4.511	14.710	He felt for and found the wizard's black claw.  The squire was quite out of breath.  Thrusting open the proper entrance of the tent,  Robin suddenly rushed forth with his burden with a great shout.  "A must be shea, a must be shea!  Game well to the rescue!"  Taking advantage of this, the squire's few men redoubled their efforts,
npu-ac1200-nf	1	s61-70968/ssb15/c20	009.wav	20.00	4.175	13.580	encouraged by Robin from the little stroller's drive, fought their way to him. George Montchichet  will never forget this day. "What is your name, Lording?" asked the little stroller presently.  "Robin is a thief, and mine is real stutley. Shall we become rats?"  "Right, Willing."
npu-ac1200-nf	1	s61-70968/ssb15/c20	010.wav	20.00	4.124	13.390	"I'd like you, Will. You're the second Will that I have met and liked within two days.  Is there a sign in that?"  Monty Shea called out for Robin to give him an arm.  "Bren," said Monty Shea faintly to the rep for, "bear us escort so far as the sheriff
npu-ac1200-nf	1	s61-70968/ssb15/c20	011.wav	20.00	4.245	13.750	It will not be safe for you to stay here now.  Pray follow us, with mine and my Lord Sheriff's men.  Nottingham Castle was reached and admittance was demanded.  Master Momso, the Sheriff of Nottingham, was mightily put about when told of the rioting,  and Henry might return to England at any moment.
npu-ac1200-nf	1	s61-70968/ssb5/c20	000.wav	20.00	3.006	9.500	[  ]  [  ]  [  ]  [  ]  [  ]
npu-ac1200-nf	1	s61-70968/ssb5/c20	001.wav	20.00	4.007	12.860	I'm trying to figure this out.  This was so easy.  And somehow I do think she died.  But then the picture was gone and quickly everything.  And now do you hear these marbles?  Take your place and let us hear the presentation.  You like to be not young.
npu-ac1200-nf	1	s61-70968/ssb5/c20	002.wav	20.00	3.136	9.990	[  [  ]  [  ]  [  ]  [  ]  [  ]  [
npu-ac1200-nf	1	s61-70968/ssb5/c20	003.wav	20.00	4.438	14.480	We have automatic cameras.  Before them, led the scroller and the camera.  That was a terrifying sight.  We wondered if they'd come at them rioting,  cried out the fire,  and we'd fight on the silver lip of the tongue itself.  Today, we were free with their request.  Look, the light was so renewable, said the little scroller.
npu-ac1200-nf	1	s61-70968/ssb5/c20	004.wav	20.00	4.320	14.050	And then we could play back and would have snatched your person on you.  I could not see my boy injured actually, so the boys were easily able to come to their son.  So I did push this fellow.  He had to be a little bit more careful.  That George came well sharply and returned to calm the crowd.  She mon-used the decision.
npu-ac1200-nf	1	s61-70968/ssb5/c20	005.wav	20.00	3.764	12.150	I dush for my fellows of Nottingham. Surely we can submit with good grace.  I bring you to talk, old man.  But I, recklessly, do know that he played unfairly in the second second.  He broke his violin using all patience.
npu-ac1200-nf	1	s61-70968/ssb5/c20	006.wav	20.00	4.442	14.460	And it was seen you that I gave another person consolation to.  Company men, here, here!  We raised his voice so louder.  The strollers took their part in the department desk, now that they had some chance of beating off their bones.  Robin and the little tumbler between them tried to force his wife to land back.  And very valiantly did the excuse of me.
npu-ac1200-nf	1	s61-70968/ssb5/c20	007.wav	20.00	4.114	13.340	The head and sheep of the riot may not have ascended, but French stiff threatened Montuchel.  The fire helped to thrust them all in and entered the city of France.  Now, these silent, on-goers lies, that the captured offenders set up an instant shout.  "Silence, you may not be safe."
npu-ac1200-nf	1	s61-70968/ssb5/c20	008.wav	20.00	3.259	10.400	The  town with his black cloth  Trusting open the copper  Rushed horses  A monkey shay a monkey shay  rescue  Double their efforts and
npu-ac1200-nf	1	s61-70968/ssb5/c20	009.wav	20.00	4.050	13.150	The first I promise I will always cry, often later.  George Montuchier will never forget this day.  What is your name, Lordy?  Ask the Lord to come.  Welcome to the city.  And mind of you a couple.  Where does he come from?  Right, Lord.
npu-ac1200-nf	1	s61-70968/ssb5/c20	010.wav	20.00	4.601	14.890	I'm not the one to battle, after Robin.  I like the will.  You're the second will that I have met and liked, if it's a good thing.  But they'll find a man.  Mochisei called out for Robin to give him an arm.  He ran.  Said Mochisei faintly interrupted.  There has been court so far as a sheriff has.
npu-ac1200-nf	1	s61-70968/ssb5/c20	011.wav	20.00	4.465	14.570	It would not be safe for you to stay here now.  Great follow-up. With mine and my Lord Sheriff's men.  Not again, capital retreat.  No, this is just a matter of time.  Master Monstow, the Sheriff of Nottingham,  was lightly put about when told of the rioting.  And the FHR tried to ignore that any moment.
npu-ac1200-nf-nt	1	s61-70968/clean/c20	002.wav	20.00	4.296	13.930	Master, though I am an old man. Fourth Whith all ran to the opening of the tent to see what might be amiss, but Master Will, who peeped out first, needed no more than one glance. He gave way to the others very readily and retreated unperceived by the squire in Mistress Fitzuth to the rear of the tent. Cries of a nodding
npu-ac1200-nf-nt	1	s61-70968/clean/c20	003.wav	20.00	4.201	13.590	him, unknotting him! Before them fled the stroller and his three sons, capless and terrified. "What is that tumult and rioting?" cried out the squire authoritatively, and he blew twice on the silver whistle which hung at his belt. "Nay, we refuse their request most politely. Most noble," said the little stroller.
npu-ac1200-nf-nt	1	s61-70968/clean/c20	004.wav	20.00	4.031	12.990	And then they became vexed and would have snatched your purse from us. I could not see my boy injured excellence for but doing his duty as one of Cumberland's sons. So I did push this fellow. "It is enough," said George Gamewell sharply as he turned upon the crowd. "Shame on you, citizen."
npu-ac1200-nf-nt	1	s61-70968/clean/c20	005.wav	20.00	4.002	12.920	"I blush for my fellows of Nottingham. Surely we can submit with good grace." "It is fine for you to talk, old man," answered the lean, sullen apprentice. "But I wrestled with this fellow, and do know that he played unfairly in the second bout," spoke the squire, losing all patience.
npu-ac1200-nf-nt	1	s61-70968/clean/c20	006.wav	20.00	4.321	13.990	"And it was to you that I gave another person consolation." "Come to me, men. Here, here!" he raised his voice still louder. The strollers took their part in it with hearty zest, now that they had some chance of beating off their foes. Robin and the little tumbler between them tried to force the squire to stand back, and very valiantly did these two
npu-ac1200-nf-nt	1	s61-70968/clean/c20	007.wav	20.00	4.171	13.480	themselves. The head and chief of the riot, the Nottingham apprentice, with clenched fists threatened Montfichet. The squire helped to thrust them all in and entered swiftly himself. "Now be silent on your lives," he began, but the captured apprentice set up an instant shout. "Silence, you naïve," cried Montfichet.
npu-ac1200-nf-nt	1	s61-70968/clean/c20	008.wav	20.00	4.267	13.820	He felt fur and found the wizard's black cloth. The squire was quite out of breath. Thrusting open the proper entrance of the tent, Robin suddenly rushed forth with his burden with a great shout, "A month viché, a month viché! Game well to the rescue!" Taking advantage of this, the squire's few men redoubled their efforts, and,
npu-ac1200-nf-nt	1	s61-70968/clean/c20	009.wav	20.00	4.127	13.320	encouraged by Robbins and the little strollers' cries, fought their way to him. George Montfichet will never forget this day. "What is your name, Lording?" asked the little stroller presently. "Robin Fitzsouf. And mine is Will Stutley. Shall we become, Rads?" "Right, Willing."
npu-ac1200-nf-nt	1	s61-70968/clean/c20	010.wav	20.00	4.077	13.170	"I like you, Will. You are the second Will that I have met in light within two days. Is there a sign in that?" Montfichet called out for Robin to give him an arm. "Friends," said Montfichet faintly to the wrestlers. "Bear us escort so far as the sheriffs have to."
npu-ac1200-nf-nt	1	s61-70968/clean/c20	011.wav	20.00	4.126	13.320	house. It will not be safe for you to stay here now. Pray follow us, with mine and my Lord Sheriff's men." Nottingham Castle was reached, and admittance was demanded. Master Monceau, the Sheriff of Nottingham, was mightily put about when told of the rioting, and Henry might return to England at any moment.
npu-ac1200-nf-nt	1	s61-70968/ssb15/c20	000.wav	20.00	4.016	12.910	He began a confused complaint against the wizard who had vanished behind the curtain on the left. "If not so, earneth the mind of these mummeries, child, a golden fortune and a happy life." He was like unto my father, in a way, and yet was not my father. Also, there was a stripping page,
npu-ac1200-nf-nt	1	s61-70968/ssb15/c20	001.wav	20.00	3.955	12.740	returned it to her maid. This was so sweet of Lady Sir, and in some manner I do think she died. But then the picture was gone as quickly as it came. Mr. Nell, do you hear these marbles? Take your place and let us see what the crystal can show to you. Like if not young.
npu-ac1200-nf-nt	1	s61-70968/ssb15/c20	002.wav	20.00	4.361	14.160	Master, though I am an old man. Force Whist all ran to the opening of the tent to see what might be amiss, but Master Will, who peaked out first, needed no more than one glance. He gave way to the others very readily and retreated unperceived by the squire and mistress Bidsooth to the rear of the tent. "Cries of—I'm not
npu-ac1200-nf-nt	1	s61-70968/ssb15/c20	003.wav	20.00	4.192	13.570	him, unknotting him. Before them fled the stroller and his three sons, capless and terrified. "What is that tumult and rioting?" cried out the squire authoritatively, and he blew twice on the silver whistle which hung at his cell. "Nay, we refuse their request most politely, most noble," said the little stroller.
npu-ac1200-nf-nt	1	s61-70968/ssb15/c20	004.wav	20.00	3.959	12.740	and then they became vexed and would have snatched your purse from us. I could not see my boy injured at once, for by doing the duty of one of Cumberland's sons. So I did push this fellow. It is enough that George came well sharply as he turned upon the crowd. Shame on you citizen!
npu-ac1200-nf-nt	1	s61-70968/ssb15/c20	005.wav	20.00	3.910	12.590	I blush for my fellows of Nottingham. Surely we can submit with good grace. "It is fine for you to talk, old man," answered the lean fellow in apprentice. But I wrestled with his fellow and do know that he played unfairly in the second bout. Spoke the squire losing all patience,
npu-ac1200-nf-nt	1	s61-70968/ssb15/c20	006.wav	20.00	4.339	14.070	And it was to you that I gave another person consolation. "Come to me, men. Here, here!" He raised his voice still louder. The strollers took their part in it with hearty zest, now that they had some chance of beating off their foes. Robbid and a little tumbler between them tried to force this wire to stand back, and very valiantly did these two from
npu-ac1200-nf-nt	1	s61-70968/ssb15/c20	007.wav	20.00	4.196	13.570	themselves. The head and chief of the riots in Ottingham Apprentice, with quench fists, threatened Montpichet. His squire helped to thrust them all in and entered swiftly himself. "Now be silent on your lies," he began, but the captured apprentice set up an instant shout. "Silence, you naïve," cried Montpichet.
npu-ac1200-nf-nt	1	s61-70968/ssb15/c20	008.wav	20.00	4.246	13.740	He felt for and found the wizard's black claw. The squire was quite out of breath. Thrusting open the proper entrance of the tent, Robin suddenly rushed forth with his burden with a great shout. "A must be shea, a must be shea! Game well to the rescue!" Taking advantage of this, the squire's few men redoubled their efforts and,
npu-ac1200-nf-nt	1	s61-70968/ssb15/c20	009.wav	20.00	3.981	12.830	encouraged by Robin from the little stroller's drive, fought their way to him. George Montice will never forget this day. "What is your name, Lording?" asked the little stroller presently. "Robin is a thief, and mine is Will Stutley. Shall we become rats?" "Right, Willing."
npu-ac1200-nf-nt	1	s61-70968/ssb15/c20	010.wav	20.00	4.072	13.170	"I'd like you, Will. You're the second Will that I have met and liked within two days. Is there a sign in that?" Montchichet called out for Robin to give him an arm. "Bren," said Montchichet faintly to the rep for, "bear us escort so far as the sheriff's house is."
npu-ac1200-nf-nt	1	s61-70968/ssb15/c20	011.wav	20.00	4.028	13.000	It will not be safe for you to stay here now. Pray follow us, with mine and my Lord Sheriff's men." Nottingham Castle was reached and admittance was demanded. Master Momso, the Sheriff of Nottingham, was mightily put about when told of the rioting, and Henry might return to England at any moment.
npu-ac1200-nf-nt	1	s61-70968/ssb5/c20	000.wav	20.00	2.428	7.460	[Pause]
npu-ac1200-nf-nt	1	s61-70968/ssb5/c20	001.wav	20.00	3.691	11.850	I'm trying to figure this out. This was so easy. And somehow I do think she died. But then the picture was gone and quickly everything. And now do you hear these marbles? Take your place and let us hear the presentation. You like to be not young.
npu-ac1200-nf-nt	1	s61-70968/ssb5/c20	002.wav	20.00	2.391	7.400	I'm not
npu-ac1200-nf-nt	1	s61-70968/ssb5/c20	003.wav	20.00	4.141	13.410	We have automatic cameras. Before them, led the scroller to the ground. That was a terrifying sight. What if the commando rioting tried out the fire-soul and hit it with a piece of wood? Why from the silver lip of the tunnel itself? Today, we receive their request. Look, the lightning is so renewable, said the little scroller.
npu-ac1200-nf-nt	1	s61-70968/ssb5/c20	004.wav	20.00	3.946	12.720	And then we could play back and would have snatched your person on you. I could not see my boy injured actually. So the boys were easily able to come to their son. So I did push this fellow. It was a mess. That George came well sharply and returned to cop a cab. She mon-used the decision.
npu-ac1200-nf-nt	1	s61-70968/ssb5/c20	005.wav	20.00	3.638	11.660	I dush for my fellows of Nottingham. Surely we can submit with good grace. I bring you to talk, old man. But I, recklessly, and do know that he played unfairly in the second second. He broke his violin using all patience.
npu-ac1200-nf-nt	1	s61-70968/ssb5/c20	006.wav	20.00	4.194	13.570	And it was seen you that I gave another person consolation to. Company men, here, here! We raised their voices so louder. The strollers took their parts with their parts in their mouths as they had some chance of beating off their bones. Robin and the little tumbler between them tried to force his wife to man back. And very valiantly did the excuse of me.
npu-ac1200-nf-nt	1	s61-70968/ssb5/c20	007.wav	20.00	3.903	12.570	The head and she for the life of the Ottingham Center is plenty to threaten most of the show. The wire helps to thrust them all in and enters the system. Now, these silent on-goers lie. The captured offenders set up an instant shout. "Silence, you may be deprived of your share."
npu-ac1200-nf-nt	1	s61-70968/ssb5/c20	008.wav	20.00	2.539	7.880	The rest of the men doubled their efforts and
npu-ac1200-nf-nt	1	s61-70968/ssb5/c20	009.wav	20.00	2.995	9.450	George Montice will never forget this day. What is your name, Lordy? And mind of you a couple. Right, Lord.
npu-ac1200-nf-nt	1	s61-70968/ssb5/c20	010.wav	20.00	3.803	12.260	I like the wheel. You're the second wheel that I have met and liked it so much. But they'll find a man. Moffy Shae called out to Robin to give him an arm. He said Moffy Shae faintly interrupted. There has been court so far this year.
npu-ac1200-nf-nt	1	s61-70968/ssb5/c20	011.wav	20.00	3.881	12.500	It would not be safe for you to stay here now. Great follow-up. With mine and my Lord Sheriff's men. Not again, capital retreat. Master Monstow, the Sheriff of Nottingham, was lightly put about when told of the rioting. And the driver tried to ignore that any moment.
npu-c25-nf-nt	1	s61-70968/clean/c25	002.wav	25.00	5.694	18.650	more than one glance. He gave way to the others very readily, and retreated unperceived by the squire in Mistress Fitzuth to the rear of the tent. "Cries of unnottingham, unnottingham!" Before them fled the stroller and his three sons, capless and terrified. "What is that tumult and rioting?" cried out the squire authoritatively, and he blew twice on the silver whistle which hung at his belt.
npu-c25-nf-nt	1	s61-70968/clean/c25	003.wav	25.00	5.578	18.270	"Nay, we've refused their request most politely. Most noble," said the little stroller. And then they became vexed, and would have snatched your purse from us. I could not see my boy injured excellence, for but doing his duty as one of Cumberland's sons. So I did push this fellow. "It is enough," said George Gamewell sharply as he turned upon the crowd. "Shame on you, citizen.
npu-c25-nf-nt	1	s61-70968/clean/c25	004.wav	25.00	5.393	17.640	"I blush for my fellows of Nottingham. Surely we can submit with good grace." "It is fine for you to talk, old man," answered the lean, sullen apprentice. "But I wrestled with this fellow, and do know that he played unfairly in the second bout," spoke the squire, losing all patience. "And it was to you that I gave another person consolation. Come to me,
npu-c25-nf-nt	1	s61-70968/clean/c25	005.wav	25.00	5.889	19.170	"Here! Here!" he raised his voice still louder. The strollers took their part in it with hearty zest now that they had some chance of beating off their foes. Robin and the little tumbler between them tried to force the squire to stand back, and very valiantly did these two comport themselves. The head and chief of the riot, the Nottingham Apprentice, with clenched fists threatened Montfichet. The squire helped to thrust them all in and entered swiftly.
npu-c25-nf-nt	1	s61-70968/clean/c25	006.wav	25.00	5.745	18.810	himself. "Now, be silent on your lives," he began, but the captured apprentice set up an instant shout. "Silence, you naïve!" cried Montfichet. He felt fur and found the wizard's black cloth. The squire was quite out of breath. Thrusting open the proper entrance of the tent, Robin suddenly rushed forth with his burden with a great shout. "A Montfichet! A Montfichet! Game well to the rescue!"
npu-c25-nf-nt	1	s61-70968/clean/c25	007.wav	25.00	5.425	17.720	"Taking advantage of this, the squire's few men redoubled their efforts, and, encouraged by Robbins and the little strollers' cries, fought their way to him. George Montfichet will never forget this day." "What is your name, Lording?" asked the little stroller presently. "Robin Fitzuth." "And mine is Will Stutley. Shall we become, Rads?"
npu-c25-nf-nt	1	s61-70968/clean/c25	008.wav	25.00	5.355	17.440	"I like you, Will. You are the second Will that I have met in light within two days. Is there a sign in that?" Montfichet called out for Robin to give him an arm. "Friends," said Montfichet faintly to the wrestlers. "Bear us escort so far as the Sheriff's house. It will not be safe for you to stay here now." Pray follow
npu-c25-nf-nt	1	s61-70968/clean/c25	009.wav	15.00	4.625	15.000	us, with mine and my Lord Sheriff's men." Nottingham Castle was reached, and admittance was demanded. Master Monceau, the Sheriff of Nottingham, was mightily put about when told of the rioting, and Henry might return to England at any moment.
npu-c25-nf-nt	1	s61-70968/ssb15/c25	000.wav	25.00	5.393	17.560	He began a confused complaint against the wizard who had vanished behind the curtain on the left. "If not so, earneth the mind of these mummeries, child, a golden fortune and a happy life." He was like unto my father, in a way, and yet was not my father. Also, there was a stripping page who turned into a maid. This was so sweet a lady, sir, and in some
npu-c25-nf-nt	1	s61-70968/ssb15/c25	001.wav	25.00	5.397	17.640	I do think she died, but then the picture was gone as quickly as it came. Mr. Nell, do you hear these models? Take your place and let us see what the crystal can show to you. Who like is not young Master, though I am an old man. Forced with all rent the opening of the tent to see what might be amiss, but Master Will, who peaked out first, needed no
npu-c25-nf-nt	1	s61-70968/ssb15/c25	002.wav	25.00	5.661	18.510	more than one glance. He gave way to the others very readily and retreated unperceived by the squire and mistress Vissuz to the rear of the tent. "Cries of unnottingham, unnottingham! Before them fled the stroller and his three sons, capless and terrified. "What is that tumult and rioting?" cried out the squire authoritatively, and he blew twice on the sower whistle which hung at his
npu-c25-nf-nt	1	s61-70968/ssb15/c25	003.wav	25.00	5.032	16.370	We were free to say request most politely most noble that the little stronger and then they became back and would have snatched your purse from us I Could not see my boy injured excellent for but doing the duty as one of Cumberland's sons So I did push this fellow It is enough that George game well sharply as he turned upon the crowd shame on you citizen
npu-c25-nf-nt	1	s61-70968/ssb15/c25	004.wav	25.00	5.243	17.090	I blush for my fellows of Nottingham. Surely we can submit with good grace. It is fine for you to talk, old man, after the lean fellow in apprentice. But I wrestled with his fellow and do know that he played unfairly in the second bout. Spoke the squire losing all patience, and it was to you that I gave another person consolation. Come to me,
npu-c25-nf-nt	1	s61-70968/ssb15/c25	005.wav	25.00	5.809	19.090	"Here, here!" he raised his voice still louder. The strollers took their part in it with hearty zest, now that they had some chance of beating off their foes. Robbiting a little tumbler between them, tried to force the squire to stand back, and very valiantly did these two comport themselves. The head and chief of the riots in Ottingham Apprentice, with quench fists, threatened Monteshe, the squire helped to thrust them all in and entered
npu-c25-nf-nt	1	s61-70968/ssb15/c25	006.wav	25.00	5.748	18.810	himself. "Now, be silent on your lies," he began, but the captured apprentice set up an instant shout. "Silence, you naïve," cried Montbichet. He felt firm, found the wizard's black cloth. The squire was quite out of breath. Thrusting open the proper entrance of the tent, Robin suddenly rushed forth with his burden with a great shout. "A Montbichet, a Montbichet, gain well to the rescue!"
npu-c25-nf-nt	1	s61-70968/ssb15/c25	007.wav	25.00	5.369	17.550	"Taking advantage of this, the Squires' few men redoubled their efforts and, encouraged by Robbins and the little Stroller's cries, fought their way to him. George Montchichet will never forget this day." "What is your name, Lording?" asked the little Stroller presently. "Robbins is his youth. And mine is Will Stutley. Shall we become, Rad?"
npu-c25-nf-nt	1	s61-70968/ssb15/c25	008.wav	25.00	5.461	17.810	"I'd like you, Will. You're the second Will that I have met and liked within two days. Is there a sign in that?" Montchichet called out for Robin to give him an arm. "Bren," said Montchichet faintly to the rest of her, "bear us escort so far as the Sheriff's House. It will not be safe for you to stay here now. Pray, follow us."
npu-c25-nf-nt	1	s61-70968/ssb15/c25	009.wav	15.00	4.536	14.630	with mine and my Lord Sheriff's men. Nottingham Castle was reached and admittance was demanded. Master Momso, the Sheriff of Nottingham, was mightily put about when told of the rioting, and Henry might return to England at any moment.
npu-c25-nf-nt	1	s61-70968/ssb5/c25	000.wav	25.00	3.252	10.130	[Pause]
npu-c25-nf-nt	1	s61-70968/ssb5/c25	001.wav	25.00	5.106	16.630	I do think she got it. But then the picture was gone and quickly everything. And now do you hear these models taking off face? And let us see what the crystal picture is. You like to see all the young models. What's this all in? We're going to have to see what might be in here. But that's for real. We can start first.
npu-c25-nf-nt	1	s61-70968/ssb5/c25	002.wav	25.00	5.504	17.980	He gave way to the other dead men and was treated by the choir in the strictest way of the year. He cried, "I'm not in him! I'm not in him!" Before them, Tled's shoulder and his hand, apples had terrified him. "What is that comment?" "Writing!" cried out the choir. "I'm not in him!" And he swiped on the silver lip of which hung himself.
npu-c25-nf-nt	1	s61-70968/ssb5/c25	003.wav	25.00	5.531	18.090	We were free to request most likely to be able to do both of them a little stronger. And then we would say, "That, and would have snatched your person out of you." I could not see my boy injured actually. So the boys and the youths want to come to a gun. So I did push this fellow. It is not that George came well sharply. I'm trying to calm him down. She monies to the truth.
npu-c25-nf-nt	1	s61-70968/ssb5/c25	004.wav	25.00	5.061	16.470	I dush for my fellows of Nottingham. Surely we can submit with good grace. I bring you to talk, old man. But I, recklessly, and do know that he played unfairly in the second second. He wrote this while losing all patience. And it was the you that I gave another person consolation. Come to me, my friend.
npu-c25-nf-nt	1	s61-70968/ssb5/c25	005.wav	25.00	5.979	19.630	"Here, here!" he raised his voice so louder. The strollers took their part in it, and parted that, now that they had some chance of beating off their bones. Robin and the little tumbler between them tried to force his wife and man back, and very valiantly did he a tooth-and-porned man. The head and sheaf of the wife, the Ottingham family, was clenched stiff, threatened, and won't be shown. The choir helped to thrust them all in and entered
npu-c25-nf-nt	1	s61-70968/ssb5/c25	006.wav	25.00	5.453	17.820	Now, he's silent on your slide. The captured offenders set up an instant shout. Silent, you may be described, Monty Shay. He's not burnt down with his black cloth. It's quiet, quiet and quiet. Thrusting open the proper entrance of the site, Robin suddenly rushed forth with his burden with his great shout. "A Monty Shay, a Monty Shay, he will to the rest of the world!"
npu-c25-nf-nt	1	s61-70968/ssb5/c25	007.wav	25.00	5.139	16.740	Here we go. Taking advantage of the required human redoubled their efforts and encouraged by Ronald and the school of pride, offer a way to help. George Montuchet will never forget this day. What is your name, Lordy? Ask the Lord his name. Welcome to the school of pride. And mine is you of public. Welcome to the conference. Right, Lord.
npu-c25-nf-nt	1	s61-70968/ssb5/c25	008.wav	25.00	5.321	17.360	I'd like to build a new one. You're the second wheel that I have met and liked in the beginning. But they'll find a man. The Mocky Shave called out to Robin to give him an arm. The brand new one. The Mocky Shave faithfully interrupted. There has been court so far as a sheriff has. It would not be safe for you to stay here now.
npu-c25-nf-nt	1	s61-70968/ssb5/c25	009.wav	15.00	4.324	13.910	with mine and my royal sheriff's men. Not again, capital retreat. Master Montel, the sheriff of Nottingham, was lightly put about when told of the rioting. And I was trying to ignore that any moment.
npu-ac1200-nf-nt-sns	1	s61-70968/clean/c20	002.wav	20.00	4.291	13.930	Master, though I am an old man. Fourth Whith all ran to the opening of the tent to see what might be amiss, but Master Will, who peeped out first, needed no more than one glance. He gave way to the others very readily and retreated unperceived by the squire in Mistress Fitzuth to the rear of the tent. Cries of a nodding
npu-ac1200-nf-nt-sns	1	s61-70968/clean/c20	003.wav	20.00	4.127	13.330	him, unknotting him! Before them fled the stroller and his three sons, capless and terrified. What is that tumult and rioting? cried out the squire authoritatively, and he blew twice on the silver whistle which hung at his belt. Nay, we refuse their request most politely. Most noble, said the little stroller,
npu-ac1200-nf-nt-sns	1	s61-70968/clean/c20	004.wav	20.00	3.960	12.790	And then they became vexed and would have snatched your purse from us. I could not see my boy injured excellence for but doing his duty as one of Cumberland's sons. So I did push this fellow. It is enough, said George Gamewell sharply as he turned upon the crowd. Shame on you, citizen!
npu-ac1200-nf-nt-sns	1	s61-70968/clean/c20	005.wav	20.00	4.138	13.350	sins," cried he. "'I blush for my fellows of Nottingham. Surely we can submit with good grace." "'Tis fine for you to talk, old man,' answered the lean, sullen apprentice. But I wrestled with this fellow, and do know that he played unfairly in the second bout." Spoke the squire, losing all patient.
npu-ac1200-nf-nt-sns	1	s61-70968/clean/c20	006.wav	20.00	4.275	13.840	And it was to you that I gave another person consolation. Come to me, men. Here, here!" He raised his voice still louder. The strollers took their part in it with hearty zest, now that they had some chance of beating off their foes. Robin and the little tumbler between them tried to force the squire to stand back, and very valiantly did these two
npu-ac1200-nf-nt-sns	1	s61-70968/clean/c20	007.wav	20.00	4.108	13.260	themselves. The head and chief of the riot, the Nottingham apprentice, with clenched fists threatened Montfichet. The squire helped to thrust them all in and entered swiftly himself. Now be silent on your lives, he began, but the captured apprentice set up an instant shout. Silence, you naïve, cried Montfichet.
npu-ac1200-nf-nt-sns	1	s61-70968/clean/c20	008.wav	20.00	4.273	13.850	He felt fur and found the wizard's black cloth. The squire was quite out of breath. Thrusting open the proper entrance of the tent, Robin suddenly rushed forth with his burden with a great shout, "'A month viché, a month viché! Game well to the rescue!" Taking advantage of this, the squire's few men redoubled their efforts, and,
npu-ac1200-nf-nt-sns	1	s61-70968/clean/c20	009.wav	20.00	4.034	13.010	encouraged by Robbins and the little strollers' cries, fought their way to him. George Montfichet will never forget this day. What is your name, Lording? asked the little stroller presently. Robbin Fitzsouf. And mine is Will Stutley. Shall we become, Rads? Right-willing
npu-ac1200-nf-nt-sns	1	s61-70968/clean/c20	010.wav	20.00	4.372	14.180	Interestingly, for between us we have won the battle," answered Robin. "'I like you, Will. You are the second Will that I have met in light within two days. Is there a sign in that?' Montfiché called out for Robin to give him an arm. "'Friends,' said Montfiché faintly to the wrestlers. "'Bear us escort so far as the sheriffs have
npu-ac1200-nf-nt-sns	1	s61-70968/clean/c20	011.wav	20.00	4.133	13.360	house. It will not be safe for you to stay here now. Pray follow us, with mine and my Lord Sheriff's men." Nottingham Castle was reached, and admittance was demanded. Master Monceau, the Sheriff of Nottingham, was mightily put about when told of the rioting, and Henry might return to England at any moment.
npu-ac1200-nf-nt-sns	1	s61-70968/ssb15/c20	000.wav	20.00	3.986	12.680	He began a confused complaint against the wizard who had vanished behind the curtain on the left. If not so earnest the mind of these mummeries, child, a golden fortune and a happy life, he was like unto my father in a way, and yet was not my father. Also, there was a stripping page,
npu-ac1200-nf-nt-sns	1	s61-70968/ssb15/c20	001.wav	20.00	3.956	12.760	returned it to her maid. This was so sweet of Lady Sir, and in some manner I do think she died. But then the picture was gone as quickly as it came. Mr. Nell, do you hear these marbles? Take your place and let us see what the crystal can show to you. Like if not young.
npu-ac1200-nf-nt-sns	1	s61-70968/ssb15/c20	002.wav	20.00	4.344	14.100	Master, though I am an old man. Force Whist all ran to the opening of the tent to see what might be amiss, but Master Will, who peaked out first, needed no more than one glance. He gave way to the others very readily and retreated unperceived by the squire and mistress Bidsooth to the rear of the tent. Crying as if I'm not
npu-ac1200-nf-nt-sns	1	s61-70968/ssb15/c20	003.wav	20.00	4.154	13.420	him, unknotting him. Before them fled the stroller and his three sons, capless and terrified. What is that tumult and rioting? cried out the squire authoritatively, and he blew twice on the silver whistle which hung at his cell. Nay, we retrieved their request most politely, most noble, said the little stroller.
npu-ac1200-nf-nt-sns	1	s61-70968/ssb15/c20	004.wav	20.00	3.961	12.780	and then they became vexed and would have snatched your purse from us. I could not see my boy injured at once, for by doing the duty of one of Cumberland's sons. So I did push this fellow. It is enough that George came well sharply as he turned upon the crowd. Shame on you citizen!
npu-ac1200-nf-nt-sns	1	s61-70968/ssb15/c20	005.wav	20.00	3.887	12.500	I blush for my fellows of Nottingham. Surely we can submit with good grace. It is fine for you to talk, old man," answered the lean fellow in apprentice, but I wrestled with his fellow and do know that he played unfairly in the second bout. Spoke the squire losing all patience,
npu-ac1200-nf-nt-sns	1	s61-70968/ssb15/c20	006.wav	20.00	4.373	14.190	And it was to you that I gave another person consolation. Come to me, men. Here, here!" He raised his voice still louder. The strollers took their part in it with hearty zest, now that they had some chance of beating off their foes. Robbidon, a little tumbler between them, tried to force this wire to stand back, and very valiantly did these two from
npu-ac1200-nf-nt-sns	1	s61-70968/ssb15/c20	007.wav	20.00	4.132	13.350	themselves. The head and chief of the riots in Ottingham Apprentice, with quench fists, threatened Montpichet. His squire helped to thrust them all in and entered swiftly himself. Now be silent on your lies, he began, but the captured apprentice set up an instant shout. Silent, you naïve, cried Montpichet.
npu-ac1200-nf-nt-sns	1	s61-70968/ssb15/c20	008.wav	20.00	4.223	13.680	He felt for and found the wizard's black claw. The squire was quite out of breath. Thrusting open the proper entrance of the tent, Robin suddenly rushed forth with his burden with a great shout. A musty shea, a musty shea! Game well to the rescue! Taking advantage of this, the squire's few men redoubled their efforts and,
npu-ac1200-nf-nt-sns	1	s61-70968/ssb15/c20	009.wav	20.00	3.813	12.280	encouraged by Robin from the little stroller's drive, fought their way to him. George Montice will never forget this day. What is your name, Lording? asked the little stroller presently. Robin sits loose, and mine is real stutley. Shall we become rats? Right, willing
npu-ac1200-nf-nt-sns	1	s61-70968/ssb15/c20	010.wav	20.00	4.366	14.170	for between us we have won the battle," answered Robin. "'I like you, Will. You are the second Will that I have met and liked within two days. Is there a sign in that?" Monty Shea called out for Robin to give him an arm. "'Bren," said Monty Shea faintly to the rep for, "'Bear us escort so far as the sheriff's house is."
npu-ac1200-nf-nt-sns	1	s61-70968/ssb15/c20	011.wav	20.00	4.030	13.020	It will not be safe for you to stay here now. Pray follow us, with mine and my Lord Sheriff's men." Nottingham Castle was reached and admittance was demanded. Master Momso, the Sheriff of Nottingham, was mightily put about when told of the rioting, and Henry might return to England at any moment.
npu-ac1200-nf-nt-sns	1	s61-70968/ssb5/c20	000.wav	20.00	3.799	12.160	The man who used to play with the Witcher would vanish from the game if not so early in the morning. He was not very young, a golden human, not coming by. He was not with my father, and yet looked off my phone. So there was a tripping page for the game.
npu-ac1200-nf-nt-sns	1	s61-70968/ssb5/c20	001.wav	20.00	3.726	11.840	I'm trying to figure this out. This was so easy. And somehow I do think she died. But then the picture was gone and quickly everything. And now do you hear these marbles? Take your place and let us hear the presentation. You like to be not young.
npu-ac1200-nf-nt-sns	1	s61-70968/ssb5/c20	002.wav	20.00	2.389	7.380	I'm not
npu-ac1200-nf-nt-sns	1	s61-70968/ssb5/c20	003.wav	20.00	4.160	13.450	We have automatic cameras. Before them, led the scroller to the ground. That was a terrifying sight. What if the commando rioting tried out the fire-soul and hit it with a piece of wood? Why from the silver lip of the tunnel itself? Today, we receive their request. Look, the lightning is so renewable, said the little scroller.
npu-ac1200-nf-nt-sns	1	s61-70968/ssb5/c20	004.wav	20.00	3.953	12.770	And then we could play back and would have snatched your person on you. I could not see my boy injured actually. So the boys were easily able to come to their son. So I did push this fellow. It was a mess. That George came well sharply and returned to cop a cab. She mon-used the decision.
npu-ac1200-nf-nt-sns	1	s61-70968/ssb5/c20	005.wav	20.00	3.643	11.680	I dush for my fellows of Nottingham. Surely we can submit with good grace. I bring you to talk, old man. But I, recklessly, and do know that he played unfairly in the second second. He broke his violin using all patience.
npu-ac1200-nf-nt-sns	1	s61-70968/ssb5/c20	006.wav	20.00	4.210	13.610	And it was seen you that I gave another person consolation to. Company men, here, here! We raised their voices so louder. The strollers took their parts with their parts in their mouths as they had some chance of beating off their bones. Robin and the little tumbler between them tried to force his wife to man back. And very valiantly did the excuse of me.
npu-ac1200-nf-nt-sns	1	s61-70968/ssb5/c20	007.wav	20.00	3.908	12.600	The head and she for the life of the Ottingham Center is plenty to threaten most of the show. The wire helps to thrust them all in and enters the system. Now, these silent on-goers lie. The captured offenders set up an instant shout. Silent, you may be surprised, Monty Sherry.
npu-ac1200-nf-nt-sns	1	s61-70968/ssb5/c20	008.wav	20.00	2.538	7.880	The rest of the men doubled their efforts and
npu-ac1200-nf-nt-sns	1	s61-70968/ssb5/c20	009.wav	20.00	2.990	9.450	George Montice will never forget this day. What is your name, Lordy? And mind of you a couple. Right, Lord.
npu-ac1200-nf-nt-sns	1	s61-70968/ssb5/c20	010.wav	20.00	3.811	12.280	I like the wheel. You're the second wheel that I have met and liked it so much. But they'll find a man. Moffy Shae called out to Robin to give him an arm. He said Moffy Shae faintly interrupted. There has been court so far this year.
npu-ac1200-nf-nt-sns	1	s61-70968/ssb5/c20	011.wav	20.00	3.892	12.520	It would not be safe for you to stay here now. Great follow-up. With mine and my Lord Sheriff's men. Not again, capital retreat. Master Monstow, the Sheriff of Nottingham, was lightly put about when told of the rioting. And the driver tried to ignore that any moment.
npu-ac1200-nf-nt-sns	2	s61-70968/clean/c20	002.wav	20.00	4.301	13.950	Master, though I am an old man. Fourth Whith all ran to the opening of the tent to see what might be amiss, but Master Will, who peeped out first, needed no more than one glance. He gave way to the others very readily and retreated unperceived by the squire in Mistress Fitzuth to the rear of the tent. Cries of a nodding
npu-ac1200-nf-nt-sns	2	s61-70968/clean/c20	003.wav	20.00	4.123	13.340	him, unknotting him! Before them fled the stroller and his three sons, capless and terrified. What is that tumult and rioting? cried out the squire authoritatively, and he blew twice on the silver whistle which hung at his belt. Nay, we refuse their request most politely. Most noble, said the little stroller,
npu-ac1200-nf-nt-sns	2	s61-70968/clean/c20	004.wav	20.00	3.953	12.760	And then they became vexed and would have snatched your purse from us. I could not see my boy injured excellence for but doing his duty as one of Cumberland's sons. So I did push this fellow. It is enough, said George Gamewell sharply as he turned upon the crowd. Shame on you, citizen!
npu-ac1200-nf-nt-sns	2	s61-70968/clean/c20	005.wav	20.00	4.122	13.330	sins," cried he. "'I blush for my fellows of Nottingham. Surely we can submit with good grace." "'Tis fine for you to talk, old man,' answered the lean, sullen apprentice. But I wrestled with this fellow, and do know that he played unfairly in the second bout." Spoke the squire, losing all patient.
npu-ac1200-nf-nt-sns	2	s61-70968/clean/c20	006.wav	20.00	4.268	13.830	And it was to you that I gave another person consolation. Come to me, men. Here, here!" He raised his voice still louder. The strollers took their part in it with hearty zest, now that they had some chance of beating off their foes. Robin and the little tumbler between them tried to force the squire to stand back, and very valiantly did these two
npu-ac1200-nf-nt-sns	2	s61-70968/clean/c20	007.wav	20.00	4.095	13.240	themselves. The head and chief of the riot, the Nottingham apprentice, with clenched fists threatened Montfichet. The squire helped to thrust them all in and entered swiftly himself. Now be silent on your lives, he began, but the captured apprentice set up an instant shout. Silence, you naïve, cried Montfichet.
npu-ac1200-nf-nt-sns	2	s61-70968/clean/c20	008.wav	20.00	4.267	13.820	He felt fur and found the wizard's black cloth. The squire was quite out of breath. Thrusting open the proper entrance of the tent, Robin suddenly rushed forth with his burden with a great shout, "'A month viché, a month viché! Game well to the rescue!" Taking advantage of this, the squire's few men redoubled their efforts, and,
npu-ac1200-nf-nt-sns	2	s61-70968/clean/c20	009.wav	20.00	4.024	13.000	encouraged by Robbins and the little strollers' cries, fought their way to him. George Montfichet will never forget this day. What is your name, Lording? asked the little stroller presently. Robbin Fitzsouf. And mine is Will Stutley. Shall we become, Rads? Right-willing
npu-ac1200-nf-nt-sns	2	s61-70968/clean/c20	010.wav	20.00	4.361	14.160	Interestingly, for between us we have won the battle," answered Robin. "'I like you, Will. You are the second Will that I have met in light within two days. Is there a sign in that?' Montfiché called out for Robin to give him an arm. "'Friends,' said Montfiché faintly to the wrestlers. "'Bear us escort so far as the sheriffs have
npu-ac1200-nf-nt-sns	2	s61-70968/clean/c20	011.wav	20.00	4.165	13.330	house. It will not be safe for you to stay here now. Pray follow us, with mine and my Lord Sheriff's men." Nottingham Castle was reached, and admittance was demanded. Master Monceau, the Sheriff of Nottingham, was mightily put about when told of the rioting, and Henry might return to England at any moment.
npu-ac1200-nf-nt-sns	2	s61-70968/ssb15/c20	000.wav	20.00	3.945	12.690	He began a confused complaint against the wizard who had vanished behind the curtain on the left. If not so earnest the mind of these mummeries, child, a golden fortune and a happy life, he was like unto my father in a way, and yet was not my father. Also, there was a stripping page,
npu-ac1200-nf-nt-sns	2	s61-70968/ssb15/c20	001.wav	20.00	3.950	12.750	returned it to her maid. This was so sweet of Lady Sir, and in some manner I do think she died. But then the picture was gone as quickly as it came. Mr. Nell, do you hear these marbles? Take your place and let us see what the crystal can show to you. Like if not young.
npu-ac1200-nf-nt-sns	2	s61-70968/ssb15/c20	002.wav	20.00	4.342	14.080	Master, though I am an old man. Force Whist all ran to the opening of the tent to see what might be amiss, but Master Will, who peaked out first, needed no more than one glance. He gave way to the others very readily and retreated unperceived by the squire and mistress Bidsooth to the rear of the tent. Crying as if I'm not
npu-ac1200-nf-nt-sns	2	s61-70968/ssb15/c20	003.wav	20.00	4.143	13.410	him, unknotting him. Before them fled the stroller and his three sons, capless and terrified. What is that tumult and rioting? cried out the squire authoritatively, and he blew twice on the silver whistle which hung at his cell. Nay, we retrieved their request most politely, most noble, said the little stroller.
npu-ac1200-nf-nt-sns	2	s61-70968/ssb15/c20	004.wav	20.00	3.949	12.740	and then they became vexed and would have snatched your purse from us. I could not see my boy injured at once, for by doing the duty of one of Cumberland's sons. So I did push this fellow. It is enough that George came well sharply as he turned upon the crowd. Shame on you citizen!
npu-ac1200-nf-nt-sns	2	s61-70968/ssb15/c20	005.wav	20.00	3.875	12.500	I blush for my fellows of Nottingham. Surely we can submit with good grace. It is fine for you to talk, old man," answered the lean fellow in apprentice, but I wrestled with his fellow and do know that he played unfairly in the second bout. Spoke the squire losing all patience,
npu-ac1200-nf-nt-sns	2	s61-70968/ssb15/c20	006.wav	20.00	4.360	14.170	And it was to you that I gave another person consolation. Come to me, men. Here, here!" He raised his voice still louder. The strollers took their part in it with hearty zest, now that they had some chance of beating off their foes. Robbidon, a little tumbler between them, tried to force this wire to stand back, and very valiantly did these two from
npu-ac1200-nf-nt-sns	2	s61-70968/ssb15/c20	007.wav	20.00	4.126	13.340	themselves. The head and chief of the riots in Ottingham Apprentice, with quench fists, threatened Montpichet. His squire helped to thrust them all in and entered swiftly himself. Now be silent on your lies, he began, but the captured apprentice set up an instant shout. Silent, you naïve, cried Montpichet.
npu-ac1200-nf-nt-sns	2	s61-70968/ssb15/c20	008.wav	20.00	4.215	13.660	He felt for and found the wizard's black claw. The squire was quite out of breath. Thrusting open the proper entrance of the tent, Robin suddenly rushed forth with his burden with a great shout. A musty shea, a musty shea! Game well to the rescue! Taking advantage of this, the squire's few men redoubled their efforts and,
npu-ac1200-nf-nt-sns	2	s61-70968/ssb15/c20	009.wav	20.00	3.799	12.260	encouraged by Robin from the little stroller's drive, fought their way to him. George Montice will never forget this day. What is your name, Lording? asked the little stroller presently. Robin sits loose, and mine is real stutley. Shall we become rats? Right, willing
npu-ac1200-nf-nt-sns	2	s61-70968/ssb15/c20	010.wav	20.00	4.363	14.160	for between us we have won the battle," answered Robin. "'I like you, Will. You are the second Will that I have met and liked within two days. Is there a sign in that?" Monty Shea called out for Robin to give him an arm. "'Bren," said Monty Shea faintly to the rep for, "'Bear us escort so far as the sheriff's house is."
npu-ac1200-nf-nt-sns	2	s61-70968/ssb15/c20	011.wav	20.00	4.019	12.990	It will not be safe for you to stay here now. Pray follow us, with mine and my Lord Sheriff's men." Nottingham Castle was reached and admittance was demanded. Master Momso, the Sheriff of Nottingham, was mightily put about when told of the rioting, and Henry might return to England at any moment.
npu-ac1200-nf-nt-sns	2	s61-70968/ssb5/c20	000.wav	20.00	3.792	12.180	The man who used to play with the Witcher would vanish from the game if not so early in the morning. He was not very young, a golden human, not coming by. He was not with my father, and yet looked off my phone. So there was a tripping page for the game.
npu-ac1200-nf-nt-sns	2	s61-70968/ssb5/c20	001.wav	20.00	3.679	11.820	I'm trying to figure this out. This was so easy. And somehow I do think she died. But then the picture was gone and quickly everything. And now do you hear these marbles? Take your place and let us hear the presentation. You like to be not young.
npu-ac1200-nf-nt-sns	2	s61-70968/ssb5/c20	002.wav	20.00	2.379	7.370	I'm not
npu-ac1200-nf-nt-sns	2	s61-70968/ssb5/c20	003.wav	20.00	4.153	13.410	We have automatic cameras. Before them, led the scroller to the ground. That was a terrifying sight. What if the commando rioting tried out the fire-soul and hit it with a piece of wood? Why from the silver lip of the tunnel itself? Today, we receive their request. Look, the lightning is so renewable, said the little scroller.
npu-ac1200-nf-nt-sns	2	s61-70968/ssb5/c20	004.wav	20.00	3.950	12.740	And then we could play back and would have snatched your person on you. I could not see my boy injured actually. So the boys were easily able to come to their son. So I did push this fellow. It was a mess. That George came well sharply and returned to cop a cab. She mon-used the decision.
npu-ac1200-nf-nt-sns	2	s61-70968/ssb5/c20	005.wav	20.00	3.631	11.670	I dush for my fellows of Nottingham. Surely we can submit with good grace. I bring you to talk, old man. But I, recklessly, and do know that he played unfairly in the second second. He broke his violin using all patience.
npu-ac1200-nf-nt-sns	2	s61-70968/ssb5/c20	006.wav	20.00	4.186	13.560	And it was seen you that I gave another person consolation to. Company men, here, here! We raised their voices so louder. The strollers took their parts with their parts in their mouths as they had some chance of beating off their bones. Robin and the little tumbler between them tried to force his wife to man back. And very valiantly did the excuse of me.
npu-ac1200-nf-nt-sns	2	s61-70968/ssb5/c20	007.wav	20.00	3.898	12.580	The head and she for the life of the Ottingham Center is plenty to threaten most of the show. The wire helps to thrust them all in and enters the system. Now, these silent on-goers lie. The captured offenders set up an instant shout. Silent, you may be surprised, Monty Sherry.
npu-ac1200-nf-nt-sns	2	s61-70968/ssb5/c20	008.wav	20.00	2.528	7.880	The rest of the men doubled their efforts and
npu-ac1200-nf-nt-sns	2	s61-70968/ssb5/c20	009.wav	20.00	2.979	9.420	George Montice will never forget this day. What is your name, Lordy? And mind of you a couple. Right, Lord.
npu-ac1200-nf-nt-sns	2	s61-70968/ssb5/c20	010.wav	20.00	3.800	12.260	I like the wheel. You're the second wheel that I have met and liked it so much. But they'll find a man. Moffy Shae called out to Robin to give him an arm. He said Moffy Shae faintly interrupted. There has been court so far this year.
npu-ac1200-nf-nt-sns	2	s61-70968/ssb5/c20	011.wav	20.00	3.875	12.490	It would not be safe for you to stay here now. Great follow-up. With mine and my Lord Sheriff's men. Not again, capital retreat. Master Monstow, the Sheriff of Nottingham, was lightly put about when told of the rioting. And the driver tried to ignore that any moment.
npu-c25-nf-nt	2	s61-70968/clean/c25	002.wav	25.00	5.654	18.610	more than one glance. He gave way to the others very readily, and retreated unperceived by the squire in Mistress Fitzuth to the rear of the tent. "Cries of unnottingham, unnottingham!" Before them fled the stroller and his three sons, capless and terrified. "What is that tumult and rioting?" cried out the squire authoritatively, and he blew twice on the silver whistle which hung at his belt.
npu-c25-nf-nt	2	s61-70968/clean/c25	003.wav	25.00	5.564	18.260	"Nay, we've refused their request most politely. Most noble," said the little stroller. And then they became vexed, and would have snatched your purse from us. I could not see my boy injured excellence, for but doing his duty as one of Cumberland's sons. So I did push this fellow. "It is enough," said George Gamewell sharply as he turned upon the crowd. "Shame on you, citizen.
npu-c25-nf-nt	2	s61-70968/clean/c25	004.wav	25.00	5.379	17.610	"I blush for my fellows of Nottingham. Surely we can submit with good grace." "It is fine for you to talk, old man," answered the lean, sullen apprentice. "But I wrestled with this fellow, and do know that he played unfairly in the second bout," spoke the squire, losing all patience. "And it was to you that I gave another person consolation. Come to me,
npu-c25-nf-nt	2	s61-70968/clean/c25	005.wav	25.00	5.815	19.140	"Here! Here!" he raised his voice still louder. The strollers took their part in it with hearty zest now that they had some chance of beating off their foes. Robin and the little tumbler between them tried to force the squire to stand back, and very valiantly did these two comport themselves. The head and chief of the riot, the Nottingham Apprentice, with clenched fists threatened Montfichet. The squire helped to thrust them all in and entered swiftly.
npu-c25-nf-nt	2	s61-70968/clean/c25	006.wav	25.00	5.716	18.790	himself. "Now, be silent on your lives," he began, but the captured apprentice set up an instant shout. "Silence, you naïve!" cried Montfichet. He felt fur and found the wizard's black cloth. The squire was quite out of breath. Thrusting open the proper entrance of the tent, Robin suddenly rushed forth with his burden with a great shout. "A Montfichet! A Montfichet! Game well to the rescue!"
npu-c25-nf-nt	2	s61-70968/clean/c25	007.wav	25.00	5.402	17.680	"Taking advantage of this, the squire's few men redoubled their efforts, and, encouraged by Robbins and the little strollers' cries, fought their way to him. George Montfichet will never forget this day." "What is your name, Lording?" asked the little stroller presently. "Robin Fitzuth." "And mine is Will Stutley. Shall we become, Rads?"
npu-c25-nf-nt	2	s61-70968/clean/c25	008.wav	25.00	5.323	17.420	"I like you, Will. You are the second Will that I have met in light within two days. Is there a sign in that?" Montfichet called out for Robin to give him an arm. "Friends," said Montfichet faintly to the wrestlers. "Bear us escort so far as the Sheriff's house. It will not be safe for you to stay here now." Pray follow
npu-c25-nf-nt	2	s61-70968/clean/c25	009.wav	15.00	4.611	14.940	us, with mine and my Lord Sheriff's men." Nottingham Castle was reached, and admittance was demanded. Master Monceau, the Sheriff of Nottingham, was mightily put about when told of the rioting, and Henry might return to England at any moment.
npu-c25-nf-nt	2	s61-70968/ssb15/c25	000.wav	25.00	5.352	17.510	He began a confused complaint against the wizard who had vanished behind the curtain on the left. "If not so, earneth the mind of these mummeries, child, a golden fortune and a happy life." He was like unto my father, in a way, and yet was not my father. Also, there was a stripping page who turned into a maid. This was so sweet a lady, sir, and in some
npu-c25-nf-nt	2	s61-70968/ssb15/c25	001.wav	25.00	5.378	17.610	I do think she died, but then the picture was gone as quickly as it came. Mr. Nell, do you hear these models? Take your place and let us see what the crystal can show to you. Who like is not young Master, though I am an old man. Forced with all rent the opening of the tent to see what might be amiss, but Master Will, who peaked out first, needed no
npu-c25-nf-nt	2	s61-70968/ssb15/c25	002.wav	25.00	5.653	18.540	more than one glance. He gave way to the others very readily and retreated unperceived by the squire and mistress Vissuz to the rear of the tent. "Cries of unnottingham, unnottingham! Before them fled the stroller and his three sons, capless and terrified. "What is that tumult and rioting?" cried out the squire authoritatively, and he blew twice on the sower whistle which hung at his
npu-c25-nf-nt	2	s61-70968/ssb15/c25	003.wav	25.00	5.007	16.340	We were free to say request most politely most noble that the little stronger and then they became back and would have snatched your purse from us I Could not see my boy injured excellent for but doing the duty as one of Cumberland's sons So I did push this fellow It is enough that George game well sharply as he turned upon the crowd shame on you citizen
npu-c25-nf-nt	2	s61-70968/ssb15/c25	004.wav	25.00	5.217	17.050	I blush for my fellows of Nottingham. Surely we can submit with good grace. It is fine for you to talk, old man, after the lean fellow in apprentice. But I wrestled with his fellow and do know that he played unfairly in the second bout. Spoke the squire losing all patience, and it was to you that I gave another person consolation. Come to me,
npu-c25-nf-nt	2	s61-70968/ssb15/c25	005.wav	25.00	5.790	19.060	"Here, here!" he raised his voice still louder. The strollers took their part in it with hearty zest, now that they had some chance of beating off their foes. Robbiting a little tumbler between them, tried to force the squire to stand back, and very valiantly did these two comport themselves. The head and chief of the riots in Ottingham Apprentice, with quench fists, threatened Monteshe, the squire helped to thrust them all in and entered
npu-c25-nf-nt	2	s61-70968/ssb15/c25	006.wav	25.00	5.719	18.770	himself. "Now, be silent on your lies," he began, but the captured apprentice set up an instant shout. "Silence, you naïve," cried Montbichet. He felt firm, found the wizard's black cloth. The squire was quite out of breath. Thrusting open the proper entrance of the tent, Robin suddenly rushed forth with his burden with a great shout. "A Montbichet, a Montbichet, gain well to the rescue!"
npu-c25-nf-nt	2	s61-70968/ssb15/c25	007.wav	25.00	5.346	17.500	"Taking advantage of this, the Squires' few men redoubled their efforts and, encouraged by Robbins and the little Stroller's cries, fought their way to him. George Montchichet will never forget this day." "What is your name, Lording?" asked the little Stroller presently. "Robbins is his youth. And mine is Will Stutley. Shall we become, Rad?"
npu-c25-nf-nt	2	s61-70968/ssb15/c25	008.wav	25.00	5.428	17.790	"I'd like you, Will. You're the second Will that I have met and liked within two days. Is there a sign in that?" Montchichet called out for Robin to give him an arm. "Bren," said Montchichet faintly to the rest of her, "bear us escort so far as the Sheriff's House. It will not be safe for you to stay here now. Pray, follow us."
npu-c25-nf-nt	2	s61-70968/ssb15/c25	009.wav	15.00	4.511	14.580	with mine and my Lord Sheriff's men. Nottingham Castle was reached and admittance was demanded. Master Momso, the Sheriff of Nottingham, was mightily put about when told of the rioting, and Henry might return to England at any moment.
npu-c25-nf-nt	2	s61-70968/ssb5/c25	000.wav	25.00	3.276	10.110	[Pause]
npu-c25-nf-nt	2	s61-70968/ssb5/c25	001.wav	25.00	5.130	16.580	I do think she got it. But then the picture was gone and quickly everything. And now do you hear these models taking off face? And let us see what the crystal picture is. You like to see all the young models. What's this all in? We're going to have to see what might be in here. But that's for real. We can start first.
npu-c25-nf-nt	2	s61-70968/ssb5/c25	002.wav	25.00	5.480	17.980	He gave way to the other dead men and was treated by the choir in the strictest way of the year. He cried, "I'm not in him! I'm not in him!" Before them, Tled's shoulder and his hand, apples had terrified him. "What is that comment?" "Writing!" cried out the choir. "I'm not in him!" And he swiped on the silver lip of which hung himself.
npu-c25-nf-nt	2	s61-70968/ssb5/c25	003.wav	25.00	5.492	18.030	We were free to request most likely to be able to do both of them a little stronger. And then we would say, "That, and would have snatched your person out of you." I could not see my boy injured actually. So the boys and the youths want to come to a gun. So I did push this fellow. It is not that George came well sharply. I'm trying to calm him down. She monies to the truth.
npu-c25-nf-nt	2	s61-70968/ssb5/c25	004.wav	25.00	5.027	16.410	I dush for my fellows of Nottingham. Surely we can submit with good grace. I bring you to talk, old man. But I, recklessly, and do know that he played unfairly in the second second. He wrote this while losing all patience. And it was the you that I gave another person consolation. Come to me, my friend.
npu-c25-nf-nt	2	s61-70968/ssb5/c25	005.wav	25.00	5.953	19.620	"Here, here!" he raised his voice so louder. The strollers took their part in it, and parted that, now that they had some chance of beating off their bones. Robin and the little tumbler between them tried to force his wife and man back, and very valiantly did he a tooth-and-porned man. The head and sheaf of the wife, the Ottingham family, was clenched stiff, threatened, and won't be shown. The choir helped to thrust them all in and entered
npu-c25-nf-nt	2	s61-70968/ssb5/c25	006.wav	25.00	5.481	17.760	Now, he's silent on your slide. The captured offenders set up an instant shout. Silent, you may be described, Monty Shay. He's not burnt down with his black cloth. It's quiet, quiet and quiet. Thrusting open the proper entrance of the site, Robin suddenly rushed forth with his burden with his great shout. "A Monty Shay, a Monty Shay, he will to the rest of the world!"
npu-c25-nf-nt	2	s61-70968/ssb5/c25	007.wav	25.00	5.108	16.710	Here we go. Taking advantage of the required human redoubled their efforts and encouraged by Ronald and the school of pride, offer a way to help. George Montuchet will never forget this day. What is your name, Lordy? Ask the Lord his name. Welcome to the school of pride. And mine is you of public. Welcome to the conference. Right, Lord.
npu-c25-nf-nt	2	s61-70968/ssb5/c25	008.wav	25.00	5.301	17.340	I'd like to build a new one. You're the second wheel that I have met and liked in the beginning. But they'll find a man. The Mocky Shave called out to Robin to give him an arm. The brand new one. The Mocky Shave faithfully interrupted. There has been court so far as a sheriff has. It would not be safe for you to stay here now.
npu-c25-nf-nt	2	s61-70968/ssb5/c25	009.wav	15.00	4.295	13.890	with mine and my royal sheriff's men. Not again, capital retreat. Master Montel, the sheriff of Nottingham, was lightly put about when told of the rioting. And I was trying to ignore that any moment.
npu-ac1200-nf-nt	2	s61-70968/clean/c20	002.wav	20.00	4.276	13.910	Master, though I am an old man. Fourth Whith all ran to the opening of the tent to see what might be amiss, but Master Will, who peeped out first, needed no more than one glance. He gave way to the others very readily and retreated unperceived by the squire in Mistress Fitzuth to the rear of the tent. Cries of a nodding
npu-ac1200-nf-nt	2	s61-70968/clean/c20	003.wav	20.00	4.178	13.570	him, unknotting him! Before them fled the stroller and his three sons, capless and terrified. "What is that tumult and rioting?" cried out the squire authoritatively, and he blew twice on the silver whistle which hung at his belt. "Nay, we refuse their request most politely. Most noble," said the little stroller.
npu-ac1200-nf-nt	2	s61-70968/clean/c20	004.wav	20.00	4.014	12.980	And then they became vexed and would have snatched your purse from us. I could not see my boy injured excellence for but doing his duty as one of Cumberland's sons. So I did push this fellow. "It is enough," said George Gamewell sharply as he turned upon the crowd. "Shame on you, citizen."
npu-ac1200-nf-nt	2	s61-70968/clean/c20	005.wav	20.00	3.983	12.880	"I blush for my fellows of Nottingham. Surely we can submit with good grace." "It is fine for you to talk, old man," answered the lean, sullen apprentice. "But I wrestled with this fellow, and do know that he played unfairly in the second bout," spoke the squire, losing all patience.
npu-ac1200-nf-nt	2	s61-70968/clean/c20	006.wav	20.00	4.301	13.990	"And it was to you that I gave another person consolation." "Come to me, men. Here, here!" he raised his voice still louder. The strollers took their part in it with hearty zest, now that they had some chance of beating off their foes. Robin and the little tumbler between them tried to force the squire to stand back, and very valiantly did these two
npu-ac1200-nf-nt	2	s61-70968/clean/c20	007.wav	20.00	4.148	13.470	themselves. The head and chief of the riot, the Nottingham apprentice, with clenched fists threatened Montfichet. The squire helped to thrust them all in and entered swiftly himself. "Now be silent on your lives," he began, but the captured apprentice set up an instant shout. "Silence, you naïve," cried Montfichet.
npu-ac1200-nf-nt	2	s61-70968/clean/c20	008.wav	20.00	4.254	13.810	He felt fur and found the wizard's black cloth. The squire was quite out of breath. Thrusting open the proper entrance of the tent, Robin suddenly rushed forth with his burden with a great shout, "A month viché, a month viché! Game well to the rescue!" Taking advantage of this, the squire's few men redoubled their efforts, and,
npu-ac1200-nf-nt	2	s61-70968/clean/c20	009.wav	20.00	4.114	13.330	encouraged by Robbins and the little strollers' cries, fought their way to him. George Montfichet will never forget this day. "What is your name, Lording?" asked the little stroller presently. "Robin Fitzsouf. And mine is Will Stutley. Shall we become, Rads?" "Right, Willing."
npu-ac1200-nf-nt	2	s61-70968/clean/c20	010.wav	20.00	4.062	13.150	"I like you, Will. You are the second Will that I have met in light within two days. Is there a sign in that?" Montfichet called out for Robin to give him an arm. "Friends," said Montfichet faintly to the wrestlers. "Bear us escort so far as the sheriffs have to."
npu-ac1200-nf-nt	2	s61-70968/clean/c20	011.wav	20.00	4.105	13.310	house. It will not be safe for you to stay here now. Pray follow us, with mine and my Lord Sheriff's men." Nottingham Castle was reached, and admittance was demanded. Master Monceau, the Sheriff of Nottingham, was mightily put about when told of the rioting, and Henry might return to England at any moment.
npu-ac1200-nf-nt	2	s61-70968/ssb15/c20	000.wav	20.00	3.998	12.900	He began a confused complaint against the wizard who had vanished behind the curtain on the left. "If not so, earneth the mind of these mummeries, child, a golden fortune and a happy life." He was like unto my father, in a way, and yet was not my father. Also, there was a stripping page,
npu-ac1200-nf-nt	2	s61-70968/ssb15/c20	001.wav	20.00	3.933	12.720	returned it to her maid. This was so sweet of Lady Sir, and in some manner I do think she died. But then the picture was gone as quickly as it came. Mr. Nell, do you hear these marbles? Take your place and let us see what the crystal can show to you. Like if not young.
npu-ac1200-nf-nt	2	s61-70968/ssb15/c20	002.wav	20.00	4.354	14.160	Master, though I am an old man. Force Whist all ran to the opening of the tent to see what might be amiss, but Master Will, who peaked out first, needed no more than one glance. He gave way to the others very readily and retreated unperceived by the squire and mistress Bidsooth to the rear of the tent. "Cries of—I'm not
npu-ac1200-nf-nt	2	s61-70968/ssb15/c20	003.wav	20.00	4.177	13.580	him, unknotting him. Before them fled the stroller and his three sons, capless and terrified. "What is that tumult and rioting?" cried out the squire authoritatively, and he blew twice on the silver whistle which hung at his cell. "Nay, we refuse their request most politely, most noble," said the little stroller.
npu-ac1200-nf-nt	2	s61-70968/ssb15/c20	004.wav	20.00	3.938	12.740	and then they became vexed and would have snatched your purse from us. I could not see my boy injured at once, for by doing the duty of one of Cumberland's sons. So I did push this fellow. It is enough that George came well sharply as he turned upon the crowd. Shame on you citizen!
npu-ac1200-nf-nt	2	s61-70968/ssb15/c20	005.wav	20.00	3.889	12.570	I blush for my fellows of Nottingham. Surely we can submit with good grace. "It is fine for you to talk, old man," answered the lean fellow in apprentice. But I wrestled with his fellow and do know that he played unfairly in the second bout. Spoke the squire losing all patience,
npu-ac1200-nf-nt	2	s61-70968/ssb15/c20	006.wav	20.00	4.328	14.070	And it was to you that I gave another person consolation. "Come to me, men. Here, here!" He raised his voice still louder. The strollers took their part in it with hearty zest, now that they had some chance of beating off their foes. Robbid and a little tumbler between them tried to force this wire to stand back, and very valiantly did these two from
npu-ac1200-nf-nt	2	s61-70968/ssb15/c20	007.wav	20.00	4.171	13.540	themselves. The head and chief of the riots in Ottingham Apprentice, with quench fists, threatened Montpichet. His squire helped to thrust them all in and entered swiftly himself. "Now be silent on your lies," he began, but the captured apprentice set up an instant shout. "Silence, you naïve," cried Montpichet.
npu-ac1200-nf-nt	2	s61-70968/ssb15/c20	008.wav	20.00	4.238	13.740	He felt for and found the wizard's black claw. The squire was quite out of breath. Thrusting open the proper entrance of the tent, Robin suddenly rushed forth with his burden with a great shout. "A must be shea, a must be shea! Game well to the rescue!" Taking advantage of this, the squire's few men redoubled their efforts and,
npu-ac1200-nf-nt	2	s61-70968/ssb15/c20	009.wav	20.00	3.960	12.830	encouraged by Robin from the little stroller's drive, fought their way to him. George Montice will never forget this day. "What is your name, Lording?" asked the little stroller presently. "Robin is a thief, and mine is Will Stutley. Shall we become rats?" "Right, Willing."
npu-ac1200-nf-nt	2	s61-70968/ssb15/c20	010.wav	20.00	4.104	13.150	"I'd like you, Will. You're the second Will that I have met and liked within two days. Is there a sign in that?" Montchichet called out for Robin to give him an arm. "Bren," said Montchichet faintly to the rep for, "bear us escort so far as the sheriff's house is."
npu-ac1200-nf-nt	2	s61-70968/ssb15/c20	011.wav	20.00	4.001	12.970	It will not be safe for you to stay here now. Pray follow us, with mine and my Lord Sheriff's men." Nottingham Castle was reached and admittance was demanded. Master Momso, the Sheriff of Nottingham, was mightily put about when told of the rioting, and Henry might return to England at any moment.
npu-ac1200-nf-nt	2	s61-70968/ssb5/c20	000.wav	20.00	2.409	7.440	[Pause]
npu-ac1200-nf-nt	2	s61-70968/ssb5/c20	001.wav	20.00	3.673	11.840	I'm trying to figure this out. This was so easy. And somehow I do think she died. But then the picture was gone and quickly everything. And now do you hear these marbles? Take your place and let us hear the presentation. You like to be not young.
npu-ac1200-nf-nt	2	s61-70968/ssb5/c20	002.wav	20.00	2.377	7.380	I'm not
npu-ac1200-nf-nt	2	s61-70968/ssb5/c20	003.wav	20.00	4.125	13.390	We have automatic cameras. Before them, led the scroller to the ground. That was a terrifying sight. What if the commando rioting tried out the fire-soul and hit it with a piece of wood? Why from the silver lip of the tunnel itself? Today, we receive their request. Look, the lightning is so renewable, said the little scroller.
npu-ac1200-nf-nt	2	s61-70968/ssb5/c20	004.wav	20.00	3.937	12.730	And then we could play back and would have snatched your person on you. I could not see my boy injured actually. So the boys were easily able to come to their son. So I did push this fellow. It was a mess. That George came well sharply and returned to cop a cab. She mon-used the decision.
npu-ac1200-nf-nt	2	s61-70968/ssb5/c20	005.wav	20.00	3.620	11.660	I dush for my fellows of Nottingham. Surely we can submit with good grace. I bring you to talk, old man. But I, recklessly, and do know that he played unfairly in the second second. He broke his violin using all patience.
npu-ac1200-nf-nt	2	s61-70968/ssb5/c20	006.wav	20.00	4.182	13.570	And it was seen you that I gave another person consolation to. Company men, here, here! We raised their voices so louder. The strollers took their parts with their parts in their mouths as they had some chance of beating off their bones. Robin and the little tumbler between them tried to force his wife to man back. And very valiantly did the excuse of me.
npu-ac1200-nf-nt	2	s61-70968/ssb5/c20	007.wav	20.00	3.878	12.540	The head and she for the life of the Ottingham Center is plenty to threaten most of the show. The wire helps to thrust them all in and enters the system. Now, these silent on-goers lie. The captured offenders set up an instant shout. "Silence, you may be deprived of your share."
npu-ac1200-nf-nt	2	s61-70968/ssb5/c20	008.wav	20.00	2.521	7.870	The rest of the men doubled their efforts and
npu-ac1200-nf-nt	2	s61-70968/ssb5/c20	009.wav	20.00	3.010	9.440	George Montice will never forget this day. What is your name, Lordy? And mind of you a couple. Right, Lord.
npu-ac1200-nf-nt	2	s61-70968/ssb5/c20	010.wav	20.00	3.789	12.220	I like the wheel. You're the second wheel that I have met and liked it so much. But they'll find a man. Moffy Shae called out to Robin to give him an arm. He said Moffy Shae faintly interrupted. There has been court so far this year.
npu-ac1200-nf-nt	2	s61-70968/ssb5/c20	011.wav	20.00	3.866	12.480	It would not be safe for you to stay here now. Great follow-up. With mine and my Lord Sheriff's men. Not again, capital retreat. Master Monstow, the Sheriff of Nottingham, was lightly put about when told of the rioting. And the driver tried to ignore that any moment.
npu-ac1200-nf	2	s61-70968/clean/c20	002.wav	20.00	7.144	23.060	Master, though I am an old man. Fourth Whith all ran to the opening of the tent to see  what might be amiss; but Master Will, who peeped out first, needed no more than one  glance. He gave way to the others very readily, and retreated unperceived by the squire in  Mistress Fitzuth to the rear of the tent.  Cries of a nodding
npu-ac1200-nf	2	s61-70968/clean/c20	003.wav	20.00	4.373	14.280	him, unknotting him! Before them fled the stroller and his three sons, capless and terrified.  "What is that tumult and rioting?" cried out the squire authoritatively, and he blew  twice on the silver whistle which hung at his belt.  "Nay, we refuse their request most politely. Most noble," said the little stroller. "I
npu-ac1200-nf	2	s61-70968/clean/c20	004.wav	20.00	4.241	13.690	And then they became vexed and would have snatched your purse from us.  I could not see my boy injured excellence for but doing his duty as one of Cumberland's sons.  So I did push this fellow.  "It is enough," said George Gamewell sharply as he turned upon the crowd.  "Shame on you, citizen."
npu-ac1200-nf	2	s61-70968/clean/c20	005.wav	20.00	4.261	13.870	sins," cried he. "I blush for my fellows of Nottingham. Surely we can submit with good  grace."  "It is fine for you to talk, old man," answered the lean sullen apprentice. "But I wrestled  with this fellow, and do know that he played unfairly in the second bout," spoke the squire  losing all patience.
npu-ac1200-nf	2	s61-70968/clean/c20	006.wav	20.00	4.547	14.860	"And it was to you that I gave another person consolation."  "Come to me, men. Here, here!" he raised his voice still louder. The strollers took their  part in it with hearty zest, now that they had some chance of beating off their foes.  Robin and the little tumbler between them tried to force the squire to stand back, and very  valiantly did these two comply.
npu-ac1200-nf	2	s61-70968/clean/c20	007.wav	20.00	4.326	14.100	themselves. The head and chief of the riot, the Nottingham  apprentice, with clenched fists threatened Montfichet. The squire helped to thrust them  all in and entered swiftly himself. "Now, be silent on your lives," he began, but the  captured apprentice set up an instant shout. "Silence, you naïve," cried Montfichet.
npu-ac1200-nf	2	s61-70968/clean/c20	008.wav	20.00	4.448	14.520	He felt fur and found the wizard's black cloth. The squire was quite out of breath.  Thrusting open the proper entrance of the tent, Robin suddenly rushed forth with his burden,  with a great shout, "A month viché, a month viché! Game well to the rescue!"  Taking advantage of this, the squire's few men redoubled their efforts, and,
npu-ac1200-nf	2	s61-70968/clean/c20	009.wav	20.00	4.300	14.030	encouraged by Robbins and the little strollers' cries, fought their way to him. George Montfichet  will never forget this day.  "What is your name, Lording?" asked the little stroller presently.  "Robin Fitzsouf. And mine is Will Stutley. Shall we become, Rads?"  "Right, Willing."
npu-ac1200-nf	2	s61-70968/clean/c20	010.wav	20.00	4.095	13.270	"I like you, Will. You are the second Will that I have met in light within two days. Is  there a sign in that?" Montfichet called out for Robin to give him an arm.  "Friends," said Montfichet faintly to the wrestlers. "Bear us escort so far as the sheriff's
npu-ac1200-nf	2	s61-70968/clean/c20	011.wav	20.00	4.368	14.100	house. It will not be safe for you to stay here now. Pray follow us, with mine and my  Lord Sheriff's men."  Nottingham Castle was reached, and admittance was demanded. Master Monceau, the Sheriff  of Nottingham, was mightily put about when told of the rioting, and Henry might return  to England at any moment.
npu-ac1200-nf	2	s61-70968/ssb15/c20	000.wav	20.00	4.137	13.430	He began a confused complaint against the wizard who had vanished behind the curtain on the left.  "If not so, earneth the mind of these mummeries, child, a golden fortune and a happy life."  He was like unto my father, in a way, and yet was not my father.  Also, there was a stripping page,
npu-ac1200-nf	2	s61-70968/ssb15/c20	001.wav	20.00	4.081	13.260	returned it to her maid. This was so sweet of Lady Sir, and in some manner I do think  she died. But then the picture was gone as quickly as it came.  Mr. Nell, do you hear these marbles? Take your place and let us see what the crystal  can show to you. Like if not young.
npu-ac1200-nf	2	s61-70968/ssb15/c20	002.wav	20.00	4.497	14.700	Master, though I am an old man. Force Whist all ran to the opening of the tent to see  what might be amiss, but Master Will, who peaked out first, needed no more than one  glance. He gave way to the others very readily and retreated unperceived by the squire and  Mistress Bidsooth to the rear of the tent. "Cries of—I'm not
npu-ac1200-nf	2	s61-70968/ssb15/c20	003.wav	20.00	4.323	14.100	him, unknotting him. Before them fled the stroller and his three sons, capless and terrified.  "What is that tumult and rioting?" cried out the squire authoritatively, and he blew  twice on the silver whistle which hung at his cell. "Nay, we refuse their request most  politely, most noble," said the little stroller.
npu-ac1200-nf	2	s61-70968/ssb15/c20	004.wav	20.00	4.176	13.590	and then they became vexed and would have snatched your purse from us.  I could not see my boy injured at once,  for by doing the duty of one of Cumberland's sons.  So I did push this fellow.  It is enough that George came well sharply as he turned upon the crowd.  Shame on you citizen!
npu-ac1200-nf	2	s61-70968/ssb15/c20	005.wav	20.00	4.031	13.100	I blush for my fellows of Nottingham. Surely we can submit with good grace.  "It is fine for you to talk, old man," answered the lean fellow in apprentice.  But I wrestled with his fellow and do know that he played unfairly in the second bout.  Spoke the squire losing all patience.
npu-ac1200-nf	2	s61-70968/ssb15/c20	006.wav	20.00	4.596	15.030	And it was to you that I gave another person consolation.  "Come to me, men. Here, here!" he raised his voice still louder.  The strollers took their part in it with hearty zest, now that they had some chance of beating off their foes.  Robbid and a little tumbler between them tried to force this wire to stand back,  and very valiantly did these two from the back.
npu-ac1200-nf	2	s61-70968/ssb15/c20	007.wav	20.00	4.276	13.940	The head and chief of the riots in Ottingham Apprentice, with quench fists, threatened Montpichet.  The squire helped to thrust them all in and entered swiftly himself.  "Now be silent on your lies," he began, but the captured apprentice set up an instant shout.  "Silence, you naïve," cried Montpichet.
npu-ac1200-nf	2	s61-70968/ssb15/c20	008.wav	20.00	4.495	14.690	He felt for and found the wizard's black claw.  The squire was quite out of breath.  Thrusting open the proper entrance of the tent,  Robin suddenly rushed forth with his burden with a great shout.  "A must be shea, a must be shea!  Game well to the rescue!"  Taking advantage of this, the squire's few men redoubled their efforts,
npu-ac1200-nf	2	s61-70968/ssb15/c20	009.wav	20.00	4.153	13.530	encouraged by Robin from the little stroller's drive, fought their way to him. George Montchichet  will never forget this day. "What is your name, Lording?" asked the little stroller presently.  "Robin is a thief, and mine is real stutley. Shall we become rats?"  "Right, Willing."
npu-ac1200-nf	2	s61-70968/ssb15/c20	010.wav	20.00	4.105	13.350	"I'd like you, Will. You're the second Will that I have met and liked within two days.  Is there a sign in that?"  Monty Shea called out for Robin to give him an arm.  "Bren," said Monty Shea faintly to the rep for, "bear us escort so far as the sheriff
npu-ac1200-nf	2	s61-70968/ssb15/c20	011.wav	20.00	4.203	13.690	It will not be safe for you to stay here now.  Pray follow us, with mine and my Lord Sheriff's men.  Nottingham Castle was reached and admittance was demanded.  Master Momso, the Sheriff of Nottingham, was mightily put about when told of the rioting,  and Henry might return to England at any moment.
npu-ac1200-nf	2	s61-70968/ssb5/c20	000.wav	20.00	2.979	9.460	[  ]  [  ]  [  ]  [  ]  [  ]
npu-ac1200-nf	2	s61-70968/ssb5/c20	001.wav	20.00	3.950	12.830	I'm trying to figure this out.  This was so easy.  And somehow I do think she died.  But then the picture was gone and quickly everything.  And now do you hear these marbles?  Take your place and let us hear the presentation.  You like to be not young.
npu-ac1200-nf	2	s61-70968/ssb5/c20	002.wav	20.00	3.142	9.940	[  [  ]  [  ]  [  ]  [  ]  [  ]  [
npu-ac1200-nf	2	s61-70968/ssb5/c20	003.wav	20.00	4.413	14.420	We have automatic cameras.  Before them, led the scroller and the camera.  That was a terrifying sight.  We wondered if they'd come at them rioting,  cried out the fire,  and we'd fight on the silver lip of the tongue itself.  Today, we were free with their request.  Look, the light was so renewable, said the little scroller.
npu-ac1200-nf	2	s61-70968/ssb5/c20	004.wav	20.00	4.298	14.030	And then we could play back and would have snatched your person on you.  I could not see my boy injured actually, so the boys were easily able to come to their son.  So I did push this fellow.  He had to be a little bit more careful.  That George came well sharply and returned to calm the crowd.  She mon-used the decision.
npu-ac1200-nf	2	s61-70968/ssb5/c20	005.wav	20.00	3.749	12.090	I dush for my fellows of Nottingham. Surely we can submit with good grace.  I bring you to talk, old man.  But I, recklessly, do know that he played unfairly in the second second.  He broke his violin using all patience.
npu-ac1200-nf	2	s61-70968/ssb5/c20	006.wav	20.00	4.416	14.430	And it was seen you that I gave another person consolation to.  Company men, here, here!  We raised his voice so louder.  The strollers took their part in the department desk, now that they had some chance of beating off their bones.  Robin and the little tumbler between them tried to force his wife to land back.  And very valiantly did the excuse of me.
npu-ac1200-nf	2	s61-70968/ssb5/c20	007.wav	20.00	4.079	13.250	The head and sheep of the riot may not have ascended, but French stiff threatened Montuchel.  The fire helped to thrust them all in and entered the city of France.  Now, these silent, on-goers lies, that the captured offenders set up an instant shout.  "Silence, you may not be safe."
npu-ac1200-nf	2	s61-70968/ssb5/c20	008.wav	20.00	3.236	10.380	The  town with his black cloth  Trusting open the copper  Rushed horses  A monkey shay a monkey shay  rescue  Double their efforts and
npu-ac1200-nf	2	s61-70968/ssb5/c20	009.wav	20.00	4.027	13.100	The first I promise I will always cry, often later.  George Montuchier will never forget this day.  What is your name, Lordy?  Ask the Lord to come.  Welcome to the city.  And mind of you a couple.  Where does he come from?  Right, Lord.
npu-ac1200-nf	2	s61-70968/ssb5/c20	010.wav	20.00	4.536	14.860	I'm not the one to battle, after Robin.  I like the will.  You're the second will that I have met and liked, if it's a good thing.  But they'll find a man.  Mochisei called out for Robin to give him an arm.  He ran.  Said Mochisei faintly interrupted.  There has been court so far as a sheriff has.
npu-ac1200-nf	2	s61-70968/ssb5/c20	011.wav	20.00	4.438	14.510	It would not be safe for you to stay here now.  Great follow-up. With mine and my Lord Sheriff's men.  Not again, capital retreat.  No, this is just a matter of time.  Master Monstow, the Sheriff of Nottingham,  was lightly put about when told of the rioting.  And the FHR tried to ignore that any moment.
npu-nf-nt	2	s61-70968/clean/c20	002.wav	20.00	5.243	17.150	Master, though I am an old man. Fourth Whith all ran to the opening of the tent to see what might be amiss; but Master Will, who peeped out first, needed no more than one glance. He gave way to the others very readily, and retreated unperceived by the squire in Mistress Fitzuth to the rear of the tent. Cries of a knotting
npu-nf-nt	2	s61-70968/clean/c20	003.wav	20.00	5.126	16.690	him, unknotting him! Before them fled the stroller and his three sons, capless and terrified. "What is that tumult and rioting?" cried out the squire authoritatively, and he blew twice on the silver whistle which hung at his belt. "Nay, we refuse their request most politely. Most noble," said the little stroller.
npu-nf-nt	2	s61-70968/clean/c20	004.wav	20.00	4.938	16.070	And then they became vexed and would have snatched your purse from us. I could not see my boy injured excellence for but doing his duty as one of Cumberland's sons. So I did push this fellow. "It is enough," said George Gamewell sharply as he turned upon the crowd. "Shame on you, citizen."
npu-nf-nt	2	s61-70968/clean/c20	005.wav	20.00	4.911	15.970	"I blush for my fellows of Nottingham. Surely we can submit with good grace." "It is fine for you to talk, old man," answered the lean, sullen apprentice. "But I wrestled with this fellow, and do know that he played unfairly in the second bout," spoke the squire, losing all patience.
npu-nf-nt	2	s61-70968/clean/c20	006.wav	20.00	5.251	17.160	"And it was to you that I gave another person consolation." "Come to me, men. Here, here!" he raised his voice still louder. The strollers took their part in it with hearty zest, now that they had some chance of beating off their foes. Robin and the little tumbler between them tried to force the squire to stand back, and very valiantly did these two
npu-nf-nt	2	s61-70968/clean/c20	007.wav	20.00	5.119	16.690	themselves. The head and chief of the riot, the Nottingham apprentice, with clenched fists threatened Montfichet. The squire helped to thrust them all in and entered swiftly himself. "Now, be silent on your lives," he began, but the captured apprentice set up an instant shout. "Silence, you naïve," cried Montfichet.
npu-nf-nt	2	s61-70968/clean/c20	008.wav	20.00	5.201	16.960	He felt fur and found the wizard's black cloth. The squire was quite out of breath. Thrusting open the proper entrance of the tent, Robin suddenly rushed forth with his burden with a great shout, "A month viché, a month viché! Game well to the rescue!" Taking advantage of this, the squire's few men redoubled their efforts, and,
npu-nf-nt	2	s61-70968/clean/c20	009.wav	20.00	4.888	15.910	encouraged by Robbins and the little strollers' cries, fought their way to him. George Montfichet will never forget this day. "What is your name, Lording?" asked the little stroller presently. "Robin Fitzsouf. And mine is Will Stutley. Shall we become, Rads?"
npu-nf-nt	2	s61-70968/clean/c20	010.wav	20.00	4.993	16.250	"I like you, Will. You are the second Will that I have met in light within two days. Is there a sign in that?" Montfichet called out for Robin to give him an arm. "Friends," said Montfichet faintly to the wrestlers. "Bear us escort so far as the sheriffs have to."
npu-nf-nt	2	s61-70968/clean/c20	011.wav	20.00	5.108	16.440	house. It will not be safe for you to stay here now. Pray follow us, with mine and my Lord Sheriff's men." Nottingham Castle was reached, and admittance was demanded. Master Monceau, the Sheriff of Nottingham, was mightily put about when told of the rioting, and Henry might return to England at any moment.
npu-nf-nt	2	s61-70968/ssb15/c20	000.wav	20.00	4.978	15.980	He began a confused complaint against the wizard who had vanished behind the curtain on the left. "If not so, earneth the mind of these mummeries, child, a golden fortune and a happy life." He was like unto my father, in a way, and yet was not my father. Also, there was a stripping page,
npu-nf-nt	2	s61-70968/ssb15/c20	001.wav	20.00	4.862	15.790	returned it to her maid. This was so sweet of Lady Sir, and in some manner I do think she died. But then the picture was gone as quickly as it came. Mr. Nell, do you hear these marbles? Take your place and let us see what the crystal can show to you. Like if not young.
npu-nf-nt	2	s61-70968/ssb15/c20	002.wav	20.00	5.148	16.770	"I am an old man." Force Whist all ran to the opening of the tent to see what might be amiss, but Master Will, who peaked out first, needed no more than one glance. He gave way to the others very readily and retreated unperceived by the squire and mistress Bidsooth to the rear of the tent. "I'm not
npu-nf-nt	2	s61-70968/ssb15/c20	003.wav	20.00	5.143	16.800	him, unknotting him. Before them fled the stroller and his three sons, capless and terrified. "What is that tumult and rioting?" cried out the squire authoritatively, and he blew twice on the sower whistle which hung at his cell. "Nay, we refuse their request most politely, most noble," said the little stroller.
npu-nf-nt	2	s61-70968/ssb15/c20	004.wav	20.00	4.915	15.780	and then they became vexed and would have snatched your purse from us. I could not see my boy injured at once, for by doing the duty of one of Cumberland's sons. So I did push this fellow. It is enough that George came well sharply as he turned upon the crowd. Shame on you citizen!
npu-nf-nt	2	s61-70968/ssb15/c20	005.wav	20.00	4.837	15.710	I blush for my fellows of Nottingham. Surely we can submit with good grace. It is fine for you to talk, old man," answered the lean fellow in apprentice, "but I wrestled with his fellow and do know that he played unfairly in the second bout." Spoke the squire, losing all patience.
npu-nf-nt	2	s61-70968/ssb15/c20	006.wav	20.00	5.404	17.500	"And it was to you that I gave another person consolation. Come to me, men. Here, here!" He raised his voice still louder. The strollers took their part in it with hearty zest, now that they had some chance of beating off their foes. Robbidon, a little tumbler between them, tried to force the squire to stand back, and very valiantly did these two from
npu-nf-nt	2	s61-70968/ssb15/c20	007.wav	20.00	5.073	16.530	The head and chief of the riots in Ottingham Apprentice, with quench fists, threatened Montpichet. His squire helped to thrust them all in and entered swiftly himself. "Now be silent on your lies," he began, but the captured apprentice set up an instant shout. "Silence, you naïve," cried Montpichet.
npu-nf-nt	2	s61-70968/ssb15/c20	008.wav	20.00	5.172	16.890	He felt for and found the wizard's black claw. The squire was quite out of breath. Thrusting open the proper entrance of the tent, Robin suddenly rushed forth with his burden with a great shout. "A must be shea! A must be shea! Game well to the rescue!" Taking advantage of this, the squire's few men redoubled their efforts and,
npu-nf-nt	2	s61-70968/ssb15/c20	009.wav	20.00	4.884	15.890	encouraged by Robin from the little stroller's drive, fought their way to him. George Montice will never forget this day. "What is your name, Lording?" asked the little stroller presently. "Robin is a thief, and mine is Will Stutley. Shall we become rats?" "Right, Willing."
npu-nf-nt	2	s61-70968/ssb15/c20	010.wav	20.00	4.998	16.260	"I'd like you, Will. You're the second Will that I have met and liked within two days. Is there a sign in that?" Montchichet called out for Robin to give him an arm. "Bren," said Montchichet faintly to the rep for, "bear us escort so far as the sheriff's house is."
npu-nf-nt	2	s61-70968/ssb15/c20	011.wav	20.00	4.933	16.070	It will not be safe for you to stay here now. Pray follow us, with mine and my Lord Sheriff's men." Nottingham Castle was reached and admittance was demanded. Master Momso, the Sheriff of Nottingham, was mightily put about when told of the rioting, and Henry might return to England at any moment.
npu-nf-nt	2	s61-70968/ssb5/c20	000.wav	20.00	3.237	10.100	[Pause]
npu-nf-nt	2	s61-70968/ssb5/c20	001.wav	20.00	3.388	10.710	I'm trying to figure out what I'm doing.
npu-nf-nt	2	s61-70968/ssb5/c20	002.wav	20.00	3.194	10.020	I'm not
npu-nf-nt	2	s61-70968/ssb5/c20	003.wav	20.00	5.218	17.050	We have automatic cameras. Before them, led the scroller to the ground. That was a terrifying sight. We wondered if they'd come at them rioting, cried out the fire, and so we waited for them to leave. We'd fight on the silver lip of the tunnel itself. Today, we were free with their request. Look, the light was so renewable, said the little scroller.
npu-nf-nt	2	s61-70968/ssb5/c20	004.wav	20.00	4.864	15.800	And then we could play back and would have snatched your person on you. I could not see my boy injured actually. So the boys were easily able to come to their son. So I did push this fellow. It was a mess. That George came well sharply and he turned the problem out. She mon-used the decision.
npu-nf-nt	2	s61-70968/ssb5/c20	005.wav	20.00	4.510	14.610	I dush for my fellows of Nottingham. Surely we can submit with good grace. I bring you to talk, old man. But I, recklessly, I do know that he played unfairly in the second second. He wrote this while amusing all patients.
npu-nf-nt	2	s61-70968/ssb5/c20	006.wav	20.00	5.069	16.520	And it was seen you that I gave another person consolation to. Company men, here, here, we raise this voice so louder. The strollers took their part in this department that now they have some chance of beating off their bones. Robin and the little tumbler between them tried to force this while he ran back. And very valiantly did the excuse of me.
npu-nf-nt	2	s61-70968/ssb5/c20	007.wav	20.00	4.826	15.680	The head and she for the life of the Ottingham Center is plenty to threaten most of the show. The wire helps to thrust them all in and enters the system. Now, these pilot on your slide, the captured center, set up an instant shell. The pilot, you may be surprised, won't you, Sharon?
npu-nf-nt	2	s61-70968/ssb5/c20	008.wav	20.00	5.079	16.520	The fire is burning down with his black cloth, his quiet, quiet, and proud. Thrusting open the proper entrance into the night, Robin suddenly rushed forth with his burden with his great shout, "A month be shamed, a month be shamed, he will to the rescue!" Taking advantage of this, the fire seemed then redoubled their efforts, and
npu-nf-nt	2	s61-70968/ssb5/c20	009.wav	20.00	3.880	12.400	George Montice will never forget this day. What is your name, Lordy? Ask the Lord his name. And mind is real, sir.
npu-nf-nt	2	s61-70968/ssb5/c20	010.wav	20.00	3.780	12.060	I have a second will that I have met before. But they'll find him, that's what I'm going to do.
npu-nf-nt	2	s61-70968/ssb5/c20	011.wav	20.00	4.837	15.710	It would not be safe for you to stay here now. Great follow-up. With mine and my Lord Sheriff's men. Not again, Capitol retreat. Master Moncels, the Sheriff of Nottingham, is likely put about when told of the rioting. And I'm not sure if it was in any form.
npu	2	s61-70968/clean/c20	002.wav	20.00	16.636	55.550	Master, though I am an old man. Fourth Whith all ran to the opening of the tent to see  what might be amiss, but Master Will, who peeped out first, needed no more than one glance.  He gave way to the others very readily and retreated unperceived by the squire in Mistress  fits ooth to the rear of the tent.  Cries of a knotting
npu	2	s61-70968/clean/c20	003.wav	20.00	5.326	17.410	him, unknotting him! Before them fled the stroller and his three sons, capless and terrified.  "What is that tumult and rioting?" cried out the squire authoritatively, and he blew  twice on the silver whistle which hung at his belt.  "Nay, we refuse their request most politely. Most noble," said the little stroller.
npu	2	s61-70968/clean/c20	004.wav	20.00	5.164	16.840	And then they became vexed and would have snatched your purse from us.  I could not see my boy injured excellence for but doing his duty as one of Cumberland's sons.  So I did push this fellow.  "It is enough," said George Gamewell sharply as he turned upon the crowd.  "Shame on you, citizen."
npu	2	s61-70968/clean/c20	005.wav	20.00	5.274	17.200	sins," cried he. "I blush for my fellows of Nottingham. Surely we can submit with good  grace."  "It is fine for you to talk, old man," answered the lean, sullen apprentice. "But I wrestled  with this fellow, and do know that he played unfairly in the second bout," spoke the squire  losing all patience.
npu	2	s61-70968/clean/c20	006.wav	20.00	5.580	18.280	"And it was to you that I gave another person consolation!"  "Come to me, men. Here, here!" he raised his voice still louder.  The strollers took their part in it with hearty zest, now that they had some chance of beating  off their foes.  Robin and the little tumbler between them tried to force the squire to stand back, and  very valiantly did these two comply.
npu	2	s61-70968/clean/c20	007.wav	20.00	5.293	17.290	themselves. The head and chief of the riot, the Nottingham  apprentice, with clenched fists threatened Montfichet. The squire helped to thrust them  all in and entered swiftly himself. "Now, be silent on your lives," he began, but the  captured apprentice set up an instant shout. "Silence, you naïve," cried Montfichet.
npu	2	s61-70968/clean/c20	008.wav	20.00	5.433	17.730	He felt fur and found the wizard's black cloth. The squire was quite out of breath.  Thrusting open the proper entrance of the tent, Robin suddenly rushed forth with his burden,  with a great shout, "A month viché, a month viché! Game well to the rescue!"  Taking advantage of this, the squire's few men redoubled their efforts, and,
npu	2	s61-70968/clean/c20	009.wav	20.00	5.286	17.210	encouraged by Robbins and the little strollers' cries, fought their way to him. George Montfichet  will never forget this day.  "What is your name, Lording?" asked the little stroller presently.  "Robin Fitzsouf. And mine is Will Stutley. Shall we become, Rads?"  "Right, Willing."
npu	2	s61-70968/clean/c20	010.wav	20.00	5.035	16.380	"I like you, Will. You are the second Will that I have met in light within two days. Is  there a sign in that?" Montfichet called out for Robin to give him an arm.  "Friends," said Montfichet faintly to the wrestlers. "Bear us escort so far as the sheriffs
npu	2	s61-70968/clean/c20	011.wav	20.00	5.291	17.290	house. It will not be safe for you to stay here now. Pray follow us, with mine and my  Lord Sheriff's men."  Nottingham Castle was reached, and admittance was demanded. Master Monceau, the Sheriff  of Nottingham, was mightily put about when told of the rioting, and Henry might return  to England at any moment.
npu	2	s61-70968/ssb15/c20	000.wav	20.00	5.095	16.550	He began a confused complaint against the wizard who had vanished behind the curtain on the left.  "If not so, earneth the mind of these mummeries, child, a golden fortune and a happy life."  He was like unto my father, in a way, and yet was not my father.  Also, there was a stripping page,
npu	2	s61-70968/ssb15/c20	001.wav	20.00	5.035	16.380	returned it to her maid. This was so sweet of Lady Sir, and in some manner I do think  she died. But then the picture was gone as quickly as it came. Mr. Nell, do you hear  these marbles? Take your place and let us see what the crystal can show to you. Like  if not young.
npu	2	s61-70968/ssb15/c20	002.wav	20.00	5.601	18.370	Master, though I am an old man.  Force Whist all ran to the opening of the tent to see what might be amiss, but Master  Will, who peaked out first, needed no more than one glance.  He gave way to the others very readily and retreated unperceived by the squire and mistress  Bidsooth to the rear of the tent.  Cry the—I'm not a ghost!
npu	2	s61-70968/ssb15/c20	003.wav	20.00	5.330	17.390	him, unknotting him. Before them fled the stroller and his three sons, capless and terrified.  "What is that tumult and rioting?" cried out the squire authoritatively, and he blew  twice on the silver whistle which hung at his cell. "Nay, we refuse their request most  politely, most noble," said the little stroller.
npu	2	s61-70968/ssb15/c20	004.wav	20.00	5.140	16.760	and then they became vexed and would have snatched your purse from us.  I could not see my boy injured at once,  for by doing the duty of one of Cumberland's sons.  So I did push this fellow.  It is enough that George came well sharply as he turned upon the crowd.  Shame on you citizen!
npu	2	s61-70968/ssb15/c20	005.wav	20.00	4.965	16.120	I blush for my fellows of Nottingham. Surely we can submit with good grace.  It is fine for you to talk, old man, answer the lean fellow in apprentice.  But I wrestled with his fellow and do know that he played unfairly in the second bout.  Spoke the squire losing all patience.
npu	2	s61-70968/ssb15/c20	006.wav	20.00	5.607	18.350	And it was to you that I gave another person consolation.  "Come to me, men. Here, here!" he raised his voice still louder.  The strollers took their part in it with hearty zest, now that they had some chance of beating off their foes.  Robbiting a little tumbler between them, tried to force the squire to stand back,  and very valiantly did these two from the back.
npu	2	s61-70968/ssb15/c20	007.wav	20.00	5.295	17.290	The head and chief of the riots in Ottingham Apprentice, with quench fists, threatened Mont-Pichet.  The squire helped to thrust them all in and entered swiftly himself.  "Now be silent on your lies," he began, but the captured apprentice set up an instant shout.  "Silence, you naïve," cried Mont-Pichet.
npu	2	s61-70968/ssb15/c20	008.wav	20.00	5.448	17.830	He felt for and found the wizard's black claw.  The squire was quite out of breath.  Thrusting opened the proper entrance of the tent.  Robin suddenly rushed forth with his burden with a great shout.  "A must be shea! A must be shea! Game well to the rescue!"  Taking advantage of this, the squire's few men redoubled their efforts and...
npu	2	s61-70968/ssb15/c20	009.wav	20.00	5.115	16.670	encouraged by Robin from the little stroller's drive, fought their way to him. George Montchichet  will never forget this day. "What is your name, Lording?" asked the little stroller presently.  "Robin is a thief, and mine is real stutley. Shall we become rats?"  "Right, Willing."
npu	2	s61-70968/ssb15/c20	010.wav	20.00	5.090	16.560	"I'd like you, Will. You're the second Will that I have met and liked within two days.  Is there a sign in that?"  Monty Shea called out for Robin to give him an arm.  "Bren," said Monty Shea faintly to the rep for, "bear us escort so far as the sheriff's
npu	2	s61-70968/ssb15/c20	011.wav	20.00	5.163	16.830	It will not be safe for you to stay here now.  Pray follow us, with mine and my Lord Sheriff's men.  Nottingham Castle was reached and admittance was demanded.  Master Momso, the Sheriff of Nottingham, was mightily put about when told of the rioting,  and Henry might return to England at any moment.
npu	2	s61-70968/ssb5/c20	000.wav	20.00	3.933	12.500	[  [  ]  [  ]  [  ]  [  ]  [  ]
npu	2	s61-70968/ssb5/c20	001.wav	20.00	5.725	18.530	I'm trying to figure this out. This was so easy. And somehow I do think she died. But then the picture has gone and quickly everything.  And now do you hear these marbles? Take your place and let us hear the cripple's mission. Like if not young.
npu	2	s61-70968/ssb5/c20	002.wav	20.00	4.681	15.190	[  [  ]  [  ]  [  ]  [  ]  [  ]  [  ]  [  ]  [  ]  [  ]  [  ]
npu	2	s61-70968/ssb5/c20	003.wav	20.00	5.507	18.030	We have automatic cameras.  Before them, led the scroller to the ground.  That was a terrifying sight.  We wondered if they'd come at them.  Why, it ain't tried out the fire.  So, we did it.  We tried to find them.  We were free with their request.  Look, the light was so renewable.  That the little scroller...
npu	2	s61-70968/ssb5/c20	004.wav	20.00	5.140	16.740	And then we could play back and would have snatched your person on you.  I could not see my boy injured actually, so the boys were easily able to come to the sun.  So I did push this fellow.  It was a mess.  That George Gaines well sharply turned the problem out.  She monkeying for the sun.
npu	2	s61-70968/ssb5/c20	005.wav	20.00	4.746	15.390	I dush for my fellows of Nottingham. Surely we can submit with good grace.  I bring you to talk, old man.  But I, recklessly, do know that he played unfairly in the second second.  So, this while, I'm using all patience.
npu	2	s61-70968/ssb5/c20	006.wav	20.00	5.368	17.540	And it was seen here that I gave another person consolation.  Company men, here, here!  We raised the voice so louder.  The strollers took their part in the department desk  now that they had some chance of beating off their bones.  Robin and the little tumbler between them  tried to force his wife to turn back.  And very valiantly did the excuse
npu	2	s61-70968/ssb5/c20	007.wav	20.00	4.961	16.120	The head and sheep of the riot may not have ascended, but French stiff threatened Montuchel.  The fire helped to thrust them all in and entered Ciccer's farm.  Now, these pilot on your slide, the captured offenders set up an instant shout.  The pilot used mainly to cry Montuchel.
npu	2	s61-70968/ssb5/c20	008.wav	20.00	3.845	12.280	[  ]  [  ]  [  ]  [  ]  [  ]
npu	2	s61-70968/ssb5/c20	009.wav	20.00	6.140	20.090	First I want to go to school with pride, awful as it is. George Montice will never forget this day.  What is your name, Lordy? Ask the Lord to come.  Welcome to the future.  And mind if you'll step away, so that he can come back.  Right, Lordy.
npu	2	s61-70968/ssb5/c20	010.wav	20.00	5.904	19.470	[Multiple voices]
npu	2	s61-70968/ssb5/c20	011.wav	20.00	5.401	17.640	It would not be safe for you to stay here now.  Great follow-up. With mine and my Lord Sheriff's men.  Not again, Capitol retreat.  No, this is just a matter of time.  Master Monstow, the Sheriff of Nottingham,  was lightly put about when told of the rioting.  And I'm not trying to ignore that any longer.
