arm	rep	set	chunk	audio_s	wall_s	cpu_s	text
cpu	1	s61-70968/clean/c20	002.wav	20.00	21.581	80.360	Master, though I am an old man. Fourth Whith all ran to the opening of the tent to see  what might be amiss, but Master Will, who peeped out first, needed no more than one glance.  He gave way to the others very readily and retreated unperceived by the squire in Mistress  fits ooth to the rear of the tent.  Cries of a knotting
cpu	1	s61-70968/clean/c20	003.wav	20.00	7.793	29.780	him, unknotting him! Before them fled the stroller and his three sons, capless and terrified.  "What is that tumult and rioting?" cried out the squire authoritatively, and he blew  twice on the silver whistle which hung at his belt.  "Nay, we refuse their request most politely. Most noble," said the little stroller.
cpu	1	s61-70968/clean/c20	004.wav	20.00	7.632	29.240	And then they became vexed and would have snatched your purse from us.  I could not see my boy injured excellence for but doing his duty as one of Cumberland's sons.  So I did push this fellow.  "It is enough," said George Gamewell sharply as he turned upon the crowd.  "Shame on you, citizen."
cpu	1	s61-70968/clean/c20	005.wav	20.00	7.743	29.650	sins," cried he. "I blush for my fellows of Nottingham. Surely we can submit with good  grace."  "It is fine for you to talk, old man," answered the lean, sullen apprentice. "But I wrestled  with this fellow, and do know that he played unfairly in the second bout," spoke the squire  losing all patience.
cpu	1	s61-70968/clean/c20	006.wav	20.00	8.063	30.730	"And it was to you that I gave another person consolation."  "Come to me, men. Here, here!" he raised his voice still louder.  The strollers took their part in it with hearty zest, now that they had some chance of beating  off their foes.  Robin and the little tumbler between them tried to force the squire to stand back, and  very valiantly did these two comply.
cpu	1	s61-70968/clean/c20	007.wav	20.00	7.765	29.720	themselves. The head and chief of the riot, the Nottingham  apprentice, with clenched fists threatened Montfichet. The squire helped to thrust them  all in and entered swiftly himself. "Now, be silent on your lives," he began, but the  captured apprentice set up an instant shout. "Silence, you naïve," cried Montfichet.
cpu	1	s61-70968/clean/c20	008.wav	20.00	7.896	30.150	He felt fur and found the wizard's black cloth. The squire was quite out of breath.  Thrusting open the proper entrance of the tent, Robin suddenly rushed forth with his burden,  with a great shout, "A month viché, a month viché! Game well to the rescue!"  Taking advantage of this, the squire's few men redoubled their efforts, and,
cpu	1	s61-70968/clean/c20	009.wav	20.00	7.746	29.640	encouraged by Robbins and the little strollers' cries, fought their way to him. George Montfichet  will never forget this day.  "What is your name, Lording?" asked the little stroller presently.  "Robin Fitzsouf. And mine is Will Stutley. Shall we become, Rads?"  "Right, Willing."
cpu	1	s61-70968/clean/c20	010.wav	20.00	7.517	28.840	"I like you, Will. You are the second Will that I have met in light within two days. Is  there a sign in that?" Montfichet called out for Robin to give him an arm.  "Friends," said Montfichet faintly to the wrestlers. "Bear us escort so far as the sheriffs
cpu	1	s61-70968/clean/c20	011.wav	20.00	7.769	29.720	house. It will not be safe for you to stay here now. Pray follow us, with mine and my  Lord Sheriff's men."  Nottingham Castle was reached, and admittance was demanded. Master Monceau, the Sheriff  of Nottingham, was mightily put about when told of the rioting, and Henry might return  to England at any moment.
cpu	1	s61-70968/ssb15/c20	000.wav	20.00	7.572	28.990	He began a confused complaint against the wizard who had vanished behind the curtain on the left.  "If not so, earneth the mind of these mummeries, child, a golden fortune and a happy life."  He was like unto my father, in a way, and yet was not my father.  Also, there was a stripping page,
cpu	1	s61-70968/ssb15/c20	001.wav	20.00	7.515	28.870	returned it to her maid. This was so sweet of Lady Sir, and in some manner I do think  she died. But then the picture was gone as quickly as it came. Mr. Nell, do you hear  these marbles? Take your place and let us see what the crystal can show to you. Like  if not young.
cpu	1	s61-70968/ssb15/c20	002.wav	20.00	8.089	30.840	Master, though I am an old man.  Force Whist all ran to the opening of the tent to see what might be amiss, but Master  Will, who peaked out first, needed no more than one glance.  He gave way to the others very readily and retreated unperceived by the squire and mistress  Bidsooth to the rear of the tent.  Cry the—I'm not a ghost!
cpu	1	s61-70968/ssb15/c20	003.wav	20.00	7.798	29.840	him, unknotting him. Before them fled the stroller and his three sons, capless and terrified.  "What is that tumult and rioting?" cried out the squire authoritatively, and he blew  twice on the silver whistle which hung at his cell. "Nay, we refuse their request most  politely, most noble," said the little stroller.
cpu	1	s61-70968/ssb15/c20	004.wav	20.00	7.608	29.180	and then they became vexed and would have snatched your purse from us.  I could not see my boy injured at once,  for by doing the duty of one of Cumberland's sons.  So I did push this fellow.  It is enough that George came well sharply as he turned upon the crowd.  Shame on you citizen!
cpu	1	s61-70968/ssb15/c20	005.wav	20.00	7.591	29.120	I blush for my fellows of Nottingham. Surely we can submit with good grace.  It is fine for you to talk, old man, after the lean so-and-a-frentice.  But I wrestled with his fellow and do know that he played unfairly in the second bout.  Spoke the squire losing all patience.
cpu	1	s61-70968/ssb15/c20	006.wav	20.00	8.089	30.830	And it was to you that I gave another person consolation.  "Come to me, men. Here, here!" he raised his voice still louder.  The strollers took their part in it with hearty zest, now that they had some chance of beating off their foes.  Robbiting a little tumbler between them, tried to force the squire to stand back,  and very valiantly did these two from the back.
cpu	1	s61-70968/ssb15/c20	007.wav	20.00	7.775	29.740	The head and chief of the riots in Ottingham Apprentice, with quench fists, threatened Mont-Pichet.  The squire helped to thrust them all in and entered swiftly himself.  "Now be silent on your lies," he began, but the captured apprentice set up an instant shout.  "Silence, you naïve," cried Mont-Pichet.
cpu	1	s61-70968/ssb15/c20	008.wav	20.00	8.009	30.550	He felt for and found the wizard's black claw.  The squire was quite out of breath.  Thrusting open the proper entrance of the tent,  Robin suddenly rushed forth with his burden with a great shout.  "A must be shea! A must be shea!  Game well to the rescue!"  Taking advantage of this, the squire's few men redoubled their efforts, and...
cpu	1	s61-70968/ssb15/c20	009.wav	20.00	7.597	29.130	encouraged by Robin from the little stroller's drive, fought their way to him. George Montchichet  will never forget this day. "What is your name, Lording?" asked the little stroller presently.  "Robin is a thief, and mine is real stutley. Shall we become rats?"  "Right, Willing."
cpu	1	s61-70968/ssb15/c20	010.wav	20.00	7.571	29.050	"I'd like you, Will. You're the second Will that I have met and liked within two days.  Is there a sign in that?"  Monty Shea called out for Robin to give him an arm.  "Bren," said Monty Shea faintly to the rep for, "bear us escort so far as the sheriff's
cpu	1	s61-70968/ssb15/c20	011.wav	20.00	7.640	29.300	It will not be safe for you to stay here now.  Pray follow us, with mine and my Lord Sheriff's men.  Nottingham Castle was reached and admittance was demanded.  Master Momso, the Sheriff of Nottingham, was mightily put about when told of the rioting,  and Henry might return to England at any moment.
cpu	1	s61-70968/ssb5/c20	000.wav	20.00	6.417	24.970	[  [  ]  [  ]  [  ]  [  ]  [  ]
cpu	1	s61-70968/ssb5/c20	001.wav	20.00	8.061	30.880	I'm trying to figure this out. This was so easy. And somehow I do think she died. But then the picture has gone and quickly everything.  And now do you hear these marbles? Take your place and let us hear the cripple's mission. You like it's not young?
cpu	1	s61-70968/ssb5/c20	002.wav	20.00	7.174	27.670	[  [  ]  [  ]  [  ]  [  ]  [  ]  [  ]  [  ]  [  ]  [  ]  [  ]
cpu	1	s61-70968/ssb5/c20	003.wav	20.00	7.981	30.480	We have automatic cameras.  Before them, led the scroller to the ground.  That was a terrifying sight.  We wondered if they'd come at them.  Why, it ain't tried out the fire.  So, we did it.  We tried to find them.  We were free with their request.  Look, the light was so renewable.  That the little scroller...
cpu	1	s61-70968/ssb5/c20	004.wav	20.00	7.618	29.210	And then we could play back and would have snatched your person on you.  I could not see my boy injured actually, so the boys were easily able to come to the sun.  So I did push this fellow.  It was a mess.  That George Gaines well sharply turned the problem out.  She monkeying for the sun.
cpu	1	s61-70968/ssb5/c20	005.wav	20.00	7.239	27.900	I dush for my fellows of Nottingham. Surely we can submit with good grace.  I bring you to talk, old man.  But I, recklessly, do know that he played unfairly in the second second.  So, this while, I'm using all patience.
cpu	1	s61-70968/ssb5/c20	006.wav	20.00	7.860	30.040	And it was seen here that I gave another person consolation.  Company men, here, here!  We raised the voice so louder.  The strollers took their part in the department desk  now that they had some chance of beating off their bones.  Robin and the little tumbler between them  tried to force his wife to turn back.  And very valiantly did the excuse
cpu	1	s61-70968/ssb5/c20	007.wav	20.00	7.442	28.590	The head and sheep of the riot may not have ascended, but French stiff threatened Montuchel.  The fire helped to thrust them all in and entered Ciccer's farm.  Now, these pilot on your slide, the captured offenders set up an instant shout.  The pilot used mainly to cry Montuchel.
cpu	1	s61-70968/ssb5/c20	008.wav	20.00	6.323	24.730	[  ]  [  ]  [  ]  [  ]  [  ]
cpu	1	s61-70968/ssb5/c20	009.wav	20.00	10.064	37.630	First I want to go to school with pride, awful ladies. George Montice will never forget this day. What is your name, Lordy? I'm so sorry.  You're welcome to sit here. And mind if you'll settle in, where does he come from? Right, you'll have to.
cpu	1	s61-70968/ssb5/c20	010.wav	20.00	10.649	39.660	The two of them are in the same place, but the two of them have to fight for the battle after Robin. I like the girl. You're the second girl that I have met and like the girl. But they'll find a man.  Mochie Shae called out for Robin to give him an honor.  The man said Mochie Shae faintly interrupted. There has been court so far as a sheriff has.
cpu	1	s61-70968/ssb5/c20	011.wav	20.00	7.878	30.100	It would not be safe for you to stay here now.  Great follow-up. With mine and my Lord Sheriff's men.  Not again, Capitol retreat.  No, this is just a matter of time.  Master Monstow, the Sheriff of Nottingham,  was lightly put about when told of the rioting.  And I'm not trying to ignore that any more.
npu	1	s61-70968/clean/c20	002.wav	20.00	16.692	55.620	Master, though I am an old man. Fourth Whith all ran to the opening of the tent to see  what might be amiss, but Master Will, who peeped out first, needed no more than one glance.  He gave way to the others very readily and retreated unperceived by the squire in Mistress  fits ooth to the rear of the tent.  Cries of a knotting
npu	1	s61-70968/clean/c20	003.wav	20.00	5.346	17.440	him, unknotting him! Before them fled the stroller and his three sons, capless and terrified.  "What is that tumult and rioting?" cried out the squire authoritatively, and he blew  twice on the silver whistle which hung at his belt.  "Nay, we refuse their request most politely. Most noble," said the little stroller.
npu	1	s61-70968/clean/c20	004.wav	20.00	5.191	16.880	And then they became vexed and would have snatched your purse from us.  I could not see my boy injured excellence for but doing his duty as one of Cumberland's sons.  So I did push this fellow.  "It is enough," said George Gamewell sharply as he turned upon the crowd.  "Shame on you, citizen."
npu	1	s61-70968/clean/c20	005.wav	20.00	5.296	17.230	sins," cried he. "I blush for my fellows of Nottingham. Surely we can submit with good  grace."  "It is fine for you to talk, old man," answered the lean, sullen apprentice. "But I wrestled  with this fellow, and do know that he played unfairly in the second bout," spoke the squire  losing all patience.
npu	1	s61-70968/clean/c20	006.wav	20.00	5.613	18.310	"And it was to you that I gave another person consolation!"  "Come to me, men. Here, here!" he raised his voice still louder.  The strollers took their part in it with hearty zest, now that they had some chance of beating  off their foes.  Robin and the little tumbler between them tried to force the squire to stand back, and  very valiantly did these two comply.
npu	1	s61-70968/clean/c20	007.wav	20.00	5.320	17.320	themselves. The head and chief of the riot, the Nottingham  apprentice, with clenched fists threatened Montfichet. The squire helped to thrust them  all in and entered swiftly himself. "Now, be silent on your lives," he began, but the  captured apprentice set up an instant shout. "Silence, you naïve," cried Montfichet.
npu	1	s61-70968/clean/c20	008.wav	20.00	5.451	17.760	He felt fur and found the wizard's black cloth. The squire was quite out of breath.  Thrusting open the proper entrance of the tent, Robin suddenly rushed forth with his burden,  with a great shout, "A month viché, a month viché! Game well to the rescue!"  Taking advantage of this, the squire's few men redoubled their efforts, and,
npu	1	s61-70968/clean/c20	009.wav	20.00	5.303	17.230	encouraged by Robbins and the little strollers' cries, fought their way to him. George Montfichet  will never forget this day.  "What is your name, Lording?" asked the little stroller presently.  "Robin Fitzsouf. And mine is Will Stutley. Shall we become, Rads?"  "Right, Willing."
npu	1	s61-70968/clean/c20	010.wav	20.00	5.055	16.420	"I like you, Will. You are the second Will that I have met in light within two days. Is  there a sign in that?" Montfichet called out for Robin to give him an arm.  "Friends," said Montfichet faintly to the wrestlers. "Bear us escort so far as the sheriffs
npu	1	s61-70968/clean/c20	011.wav	20.00	5.318	17.330	house. It will not be safe for you to stay here now. Pray follow us, with mine and my  Lord Sheriff's men."  Nottingham Castle was reached, and admittance was demanded. Master Monceau, the Sheriff  of Nottingham, was mightily put about when told of the rioting, and Henry might return  to England at any moment.
npu	1	s61-70968/ssb15/c20	000.wav	20.00	5.128	16.590	He began a confused complaint against the wizard who had vanished behind the curtain on the left.  "If not so, earneth the mind of these mummeries, child, a golden fortune and a happy life."  He was like unto my father, in a way, and yet was not my father.  Also, there was a stripping page,
npu	1	s61-70968/ssb15/c20	001.wav	20.00	5.065	16.410	returned it to her maid. This was so sweet of Lady Sir, and in some manner I do think  she died. But then the picture was gone as quickly as it came. Mr. Nell, do you hear  these marbles? Take your place and let us see what the crystal can show to you. Like  if not young.
npu	1	s61-70968/ssb15/c20	002.wav	20.00	5.635	18.400	Master, though I am an old man.  Force Whist all ran to the opening of the tent to see what might be amiss, but Master  Will, who peaked out first, needed no more than one glance.  He gave way to the others very readily and retreated unperceived by the squire and mistress  Bidsooth to the rear of the tent.  Cry the—I'm not a ghost!
npu	1	s61-70968/ssb15/c20	003.wav	20.00	5.348	17.390	him, unknotting him. Before them fled the stroller and his three sons, capless and terrified.  "What is that tumult and rioting?" cried out the squire authoritatively, and he blew  twice on the silver whistle which hung at his cell. "Nay, we refuse their request most  politely, most noble," said the little stroller.
npu	1	s61-70968/ssb15/c20	004.wav	20.00	5.163	16.770	and then they became vexed and would have snatched your purse from us.  I could not see my boy injured at once,  for by doing the duty of one of Cumberland's sons.  So I did push this fellow.  It is enough that George came well sharply as he turned upon the crowd.  Shame on you citizen!
npu	1	s61-70968/ssb15/c20	005.wav	20.00	4.986	16.170	I blush for my fellows of Nottingham. Surely we can submit with good grace.  It is fine for you to talk, old man, answer the lean fellow in apprentice.  But I wrestled with his fellow and do know that he played unfairly in the second bout.  Spoke the squire losing all patience.
npu	1	s61-70968/ssb15/c20	006.wav	20.00	5.630	18.400	And it was to you that I gave another person consolation.  "Come to me, men. Here, here!" he raised his voice still louder.  The strollers took their part in it with hearty zest, now that they had some chance of beating off their foes.  Robbiting a little tumbler between them, tried to force the squire to stand back,  and very valiantly did these two from the back.
npu	1	s61-70968/ssb15/c20	007.wav	20.00	5.312	17.300	The head and chief of the riots in Ottingham Apprentice, with quench fists, threatened Mont-Pichet.  The squire helped to thrust them all in and entered swiftly himself.  "Now be silent on your lies," he began, but the captured apprentice set up an instant shout.  "Silence, you naïve," cried Mont-Pichet.
npu	1	s61-70968/ssb15/c20	008.wav	20.00	5.468	17.850	He felt for and found the wizard's black claw.  The squire was quite out of breath.  Thrusting opened the proper entrance of the tent.  Robin suddenly rushed forth with his burden with a great shout.  "A must be shea! A must be shea! Game well to the rescue!"  Taking advantage of this, the squire's few men redoubled their efforts and...
npu	1	s61-70968/ssb15/c20	009.wav	20.00	5.140	16.690	encouraged by Robin from the little stroller's drive, fought their way to him. George Montchichet  will never forget this day. "What is your name, Lording?" asked the little stroller presently.  "Robin is a thief, and mine is real stutley. Shall we become rats?"  "Right, Willing."
npu	1	s61-70968/ssb15/c20	010.wav	20.00	5.112	16.590	"I'd like you, Will. You're the second Will that I have met and liked within two days.  Is there a sign in that?"  Monty Shea called out for Robin to give him an arm.  "Bren," said Monty Shea faintly to the rep for, "bear us escort so far as the sheriff's
npu	1	s61-70968/ssb15/c20	011.wav	20.00	5.194	16.860	It will not be safe for you to stay here now.  Pray follow us, with mine and my Lord Sheriff's men.  Nottingham Castle was reached and admittance was demanded.  Master Momso, the Sheriff of Nottingham, was mightily put about when told of the rioting,  and Henry might return to England at any moment.
npu	1	s61-70968/ssb5/c20	000.wav	20.00	3.952	12.540	[  [  ]  [  ]  [  ]  [  ]  [  ]
npu	1	s61-70968/ssb5/c20	001.wav	20.00	5.571	18.330	I'm trying to figure this out. This was so easy. And somehow I do think she died. But then the picture has gone and quickly everything.  And now do you hear these marbles? Take your place and let us hear the cripple's mission. Like if not young.
npu	1	s61-70968/ssb5/c20	002.wav	20.00	4.707	15.230	[  [  ]  [  ]  [  ]  [  ]  [  ]  [  ]  [  ]  [  ]  [  ]  [  ]
npu	1	s61-70968/ssb5/c20	003.wav	20.00	5.525	18.010	We have automatic cameras.  Before them, led the scroller to the ground.  That was a terrifying sight.  We wondered if they'd come at them.  Why, it ain't tried out the fire.  So, we did it.  We tried to find them.  We were free with their request.  Look, the light was so renewable.  That the little scroller...
npu	1	s61-70968/ssb5/c20	004.wav	20.00	5.161	16.750	And then we could play back and would have snatched your person on you.  I could not see my boy injured actually, so the boys were easily able to come to the sun.  So I did push this fellow.  It was a mess.  That George Gaines well sharply turned the problem out.  She monkeying for the sun.
npu	1	s61-70968/ssb5/c20	005.wav	20.00	4.784	15.430	I dush for my fellows of Nottingham. Surely we can submit with good grace.  I bring you to talk, old man.  But I, recklessly, do know that he played unfairly in the second second.  So, this while, I'm using all patience.
npu	1	s61-70968/ssb5/c20	006.wav	20.00	5.442	17.590	And it was seen here that I gave another person consolation.  Company men, here, here!  We raised the voice so louder.  The strollers took their part in the department desk  now that they had some chance of beating off their bones.  Robin and the little tumbler between them  tried to force his wife to turn back.  And very valiantly did the excuse
npu	1	s61-70968/ssb5/c20	007.wav	20.00	4.986	16.160	The head and sheep of the riot may not have ascended, but French stiff threatened Montuchel.  The fire helped to thrust them all in and entered Ciccer's farm.  Now, these pilot on your slide, the captured offenders set up an instant shout.  The pilot used mainly to cry Montuchel.
npu	1	s61-70968/ssb5/c20	008.wav	20.00	3.869	12.280	[  ]  [  ]  [  ]  [  ]  [  ]
npu	1	s61-70968/ssb5/c20	009.wav	20.00	6.129	20.040	First I want to go to school with pride, awful as it is. George Montice will never forget this day.  What is your name, Lordy? Ask the Lord to come.  Welcome to the future.  And mind if you'll step away, so that he can come back.  Right, Lordy.
npu	1	s61-70968/ssb5/c20	010.wav	20.00	5.932	19.510	[Multiple voices]
npu	1	s61-70968/ssb5/c20	011.wav	20.00	5.418	17.670	It would not be safe for you to stay here now.  Great follow-up. With mine and my Lord Sheriff's men.  Not again, Capitol retreat.  No, this is just a matter of time.  Master Monstow, the Sheriff of Nottingham,  was lightly put about when told of the rioting.  And I'm not trying to ignore that any longer.
npu-ac1000	1	s61-70968/clean/c20	002.wav	20.00	12.162	41.160	Master, though I am an old man. Fourth Whith all ran to the opening of the tent to see  what might be amiss; but Master Will, who peeped out first, needed no more than one glance.  He gave way to the others very readily, and retreated unperceived by the squire in Mistress  Fitz-Ooth to the rear of the tent. Cries of unnotting, unnotting, unnotting, unnotting,
npu-ac1000	1	s61-70968/clean/c20	003.wav	20.00	4.319	13.960	him, unknotting him!" Before them fled the stroller and his three sons,  capless and terrified.  "What is that tumult and rioting?" cried out the squire authoritatively, and he blew  twice on the silver whistle which hung at his belt.  "Nay, we refuse their request most politely. Most noble," said the little stroller. "Nay,  we refuse their request most politely. Most noble," said the little stroller. "Nay, we refuse
npu-ac1000	1	s61-70968/clean/c20	004.wav	20.00	3.869	12.410	And then they became vexed, and would have snatched your purse from us.  I could not see my boy injured excellence, for but doing his duty as one of Cumberland's  sons.  So I did push this fellow.  "It is enough," said George Gamewell sharply as he turned upon the crowd.  "Shame on you, citizenous citizeness, that you have been so kind to me.
npu-ac1000	1	s61-70968/clean/c20	005.wav	20.00	3.959	12.720	sins," cried he. "I blush for my fellows of Nottingham. Surely we can submit with good  grace."  "Tis fine for you to talk, old man," answered the lean sullen apprentice. "But I wrestled  with this fellow, and do know that he played unfairly in the second bout," spoke the squire  losing all patient. "I wrestled with this fellow, and do know that he played unfairly in the
npu-ac1000	1	s61-70968/clean/c20	006.wav	20.00	11.306	38.220	"And it was to you that I gave another person consolation. Come to me, men, here, here!"  He raised his voice still louder. The strollers took their part in it with hearty zest, now  that they had some chance of beating off their foes. Robin and the little tumbler between  them tried to force the squire to stand back, and very valiantly did these two come to come,
npu-ac1000	1	s61-70968/clean/c20	007.wav	20.00	4.401	14.210	themselves. The head and chief of the riot, the Nottingham  apprentice, with clenched fists threatened Montfichet. The squire helped to thrust them  all in and entered swiftly himself. "Now, be silent on your lives," he began, but the  captured apprentice set up an instant shout. "Silence, you naïve!" cried Montfichet.  "Sit down, you naïve!" cried Montfichet. "Sit down, you naïve!" cried Montfichet.
npu-ac1000	1	s61-70968/clean/c20	008.wav	20.00	3.753	12.020	He felt fur and found the wizard's black cloth. The squire was quite out of breath.  Thrusting open the proper entrance of the tent, Robin suddenly rushed forth with his  burden with a great shout, "A month viché, a month viché! Game well to the rescue!"  Taking advantage of this, the squire's few men redoubled their efforts, and—and, and
npu-ac1000	1	s61-70968/clean/c20	009.wav	20.00	3.815	12.250	encouraged by Robbins and the little strollers' cries, fought their way to him. George Montfichet  will never forget this day.  "What is your name, Lording?" asked the little stroller presently.  "Robin Fitzsouf. And mine is Will Stutley. Shall we become, Rads?"  "Right, Willie." replied the little stroller. "Right, Willie."
npu-ac1000	1	s61-70968/clean/c20	010.wav	20.00	4.242	13.700	"Boringly, for between us we have won the battle," answered Robin.  "I like you, Will.  You are the second Will that I have met in light within two days.  Is there a sign in that?"  Montfichet called out for Robin to give him an arm.  "Friends," said Montfichet faintly to the wrestlers.  "Bear us escort so far as the sheriffs have, have us escort so far as the sheriffs have,
npu-ac1000	1	s61-70968/clean/c20	011.wav	20.00	3.593	11.480	house. It will not be safe for you to stay here now. Pray follow us, with mine and my  Lord Sheriff's men."  Nottingham Castle was reached, and admittance was demanded. Master Monceau, the Sheriff  of Nottingham, was mightily put about when told of the rioting, and Henry might return  to England at any moment.
npu-ac1000	1	s61-70968/ssb15/c20	000.wav	20.00	5.191	16.130	He began a confused complaint against the wizard who had vanished behind the curtain on the left.  "If not so, earneth the mind of these mummeries, child, a golden fortune and a happy life."  He was like unto my father, in a way, and yet was not my father.  Also, there was a stripping page, which was
npu-ac1000	1	s61-70968/ssb15/c20	001.wav	20.00	8.542	27.640	She returned it to her maid.  This was so sweet, old lady sir, and in some manner I do think she died.  But then the picture was gone as quickly as it came.  Mr. Nell, do you hear these marvels?  Take your place and let us see what the crystal can show to you.  Like if not young.
npu-ac1000	1	s61-70968/ssb15/c20	002.wav	20.00	9.008	29.300	Master, though I am an old man. Force Whist all ran to the opening of the tent to see what might be amiss, but Master Will, who peeped out first, needed no more than one glance. He gave way to the others very readily and retreated unperceived by the squire and mistress Bidsooth to the rear of the tent.  cry that I'm not a good person.
npu-ac1000	1	s61-70968/ssb15/c20	003.wav	20.00	3.655	11.720	him, unknotting him. Before them fled the stroller and his three sons, capless and terrified.  "What is that tumult and rioting?" cried out the squire authoritatively, and he blew  twice on the silver whistle which hung at his cell.  "Nay, we refuse their request most politely, most noble," said the little stroller. "Before
npu-ac1000	1	s61-70968/ssb15/c20	004.wav	20.00	5.344	16.700	and then they became vexed and would have snatched your purse from us.  I could not see my boy injured at once, for by doing the duty of one of Cumberland's sons.  So I did push this fellow.  It is enough that George gained well sharply as he turned upon the crowd.  shame on you citizens.
npu-ac1000	1	s61-70968/ssb15/c20	005.wav	20.00	3.557	11.380	I blush for my fellows of Nottingham. Surely we can submit with good grace.  "It is fine for you to talk, old man," answered the lean fellow in apprentice.  But I wrestled with his fellow, and do know that he played unfairly in the second bout.  Spoke the squire losing all patience. Spoke the squire losing all patience.
npu-ac1000	1	s61-70968/ssb15/c20	006.wav	20.00	4.067	13.100	"And it was to you that I gave another person consolation.  "Come to me, men.  Here, here!" he raised his voice still louder.  The strollers took their part in it with hearty zest, now that they had some chance of beating  off their foes.  Robbiting a little tumbler between them, tried to force the squire to stand back, and very  valiantly did these two from the foes stand back.
npu-ac1000	1	s61-70968/ssb15/c20	007.wav	20.00	3.708	11.870	The head and chief of the riots in Ottingham Apprentice, with quench fists, threatened  Mont-Pichet.  His squire helped to thrust them all in and entered swiftly himself.  "Now be silent on your lies," he began, but the captured apprentice set up an instant  shout.  "Silence, you naïve," cried Mont-Pichet.
npu-ac1000	1	s61-70968/ssb15/c20	008.wav	20.00	3.722	11.920	He felt for and found the wizard's black claw.  The squire was quite out of breath.  Thrusting open the proper entrance of the tent,  Robin suddenly rushed forth with his burden with a great shout.  "A must be shea! A must be shea! Game well to the rescue!"  Taking advantage of this, the squire's few men redoubled their efforts,
npu-ac1000	1	s61-70968/ssb15/c20	009.wav	20.00	3.522	11.240	encouraged by Robin from the little stroller's drive,  fought their way to him.  George Montice will never forget this day.  What is your name, Lording?  Ask the little stroller presently.  Robin sits loose.  And mine is real stutley.  Shall we become, Rad?  Right, Willie.
npu-ac1000	1	s61-70968/ssb15/c20	010.wav	20.00	3.429	10.930	"I'd like you, Will. You're the second Will that I have met and liked within two days.  Is there a sign in that?"  Montchichet called out for Robin to give him an arm.  "Bren," said Montchichet faintly to the rep for, "bear us escort so far as the sheriffs
npu-ac1000	1	s61-70968/ssb15/c20	011.wav	20.00	3.529	11.250	It will not be safe for you to stay here now.  Pray follow us, with mine and my Lord Sheriff's men.  Nottingham Castle was reached, and admittance was demanded.  Master Momso, the Sheriff of Nottingham, was mightily put about when told of the rioting,  and Henry might return to England at any moment.
npu-ac1000	1	s61-70968/ssb5/c20	000.wav	20.00	4.392	13.440	[Pause]  So there was a cutting edge between the two.
npu-ac1000	1	s61-70968/ssb5/c20	001.wav	20.00	3.450	10.990	I'm trying to explain to you.  This was so easy.  And in some manner I do think she died.  But then the picture was gone and quickly everything.  And now do you hear these marbles?  Take your place and let us see what the cripple can show you.  You like to be not young anymore.
npu-ac1000	1	s61-70968/ssb5/c20	002.wav	20.00	1.988	6.050	[INAUDIBLE]
npu-ac1000	1	s61-70968/ssb5/c20	003.wav	20.00	6.594	21.830	"We am, I'm not a clown." Before them, Tread the scroller, he said, "Apollot is terrified." "What is that comment?" "A rioting," cried out the squire. "I'm going to kill you." "Please, wipe on the silver lip or we're coming to you." "No." "Today, we were free with their request." "Look, the light is so beautiful," said the little scroller.
npu-ac1000	1	s61-70968/ssb5/c20	004.wav	20.00	3.498	11.150	And then we could play back and would have snatched your person.  I could not see my boy injured actually.  So the boys were easily able to come to the sun.  So I did push this fellow.  It was not that George came well sharply.  He turned the problem out.  She mon-used the business to this day.
npu-ac1000	1	s61-70968/ssb5/c20	005.wav	20.00	4.936	15.340	I dush for my fellows of Nottingham. Surely we can submit with good grace.  I bring you to talk, old man.  But I, recklessly, and do know that he played unfairly in the second second.  Why are you being all patient?
npu-ac1000	1	s61-70968/ssb5/c20	006.wav	20.00	3.790	12.170	And it was seen you that I gave another person consolation to.  Company men, here, here, we raise this voice so louder.  The strollers took their part in it, which part of that now is they have some chance of beating off their bones.  Robin and the little tumbler between them tried to force this while he ran back.  And very valiantly did the excuse and took them from the boat.
npu-ac1000	1	s61-70968/ssb5/c20	007.wav	20.00	3.478	11.090	The head and sheath of the riot, the Ottingham Accent,  has clenched their threatened multi-shows.  The fire helped to thrust them all in and entered the system.  Now, these pilot on your slide,  the captured apprentice set up an instant shout.  The pilot used main, cried multi-shows.
npu-ac1000	1	s61-70968/ssb5/c20	008.wav	20.00	4.696	15.220	He felt burnt down with his black cloth. His wife was playing the drums.  Thrusting open the copper entrance of the house, Robin suddenly rushed forth to disperse into the great shelter.  "A musty shea, a musty shea, he will to the rescue!"  Taking advantage of this, the fires two men redoubled their efforts and,
npu-ac1000	1	s61-70968/ssb5/c20	009.wav	20.00	3.315	10.550	The first I promise I will always cry, "Poffer ladies!"  George Montice will never forget this day.  What is your name, Lordy? Ask the Lord to call me.  Welcome to the city.  And mind of you of public, where do you come from?  Right, really.
npu-ac1000	1	s61-70968/ssb5/c20	010.wav	20.00	4.691	14.530	I have a second will that I have met before.  But they'll find a man.  Mochiche called out to Robin to give him an arm.  He said Mochiche faintly interrupted.  bear us escort so far as a sheriff.
npu-ac1000	1	s61-70968/ssb5/c20	011.wav	20.00	3.723	11.940	It would not be safe for you to stay here now.  Great follow-up. With mine and my Lord Sheriff's men.  Not again, capital retreat.  No, this is just a matter of time.  Master Monstow, the Sheriff of Nottingham,  was lightly put about when told of the rioting.  And the FHR tried to ignore that any moment.
npu-c30	1	s61-70968/clean/c30	002.wav	30.00	10.288	33.650	him, unknotting him! Before them fled the stroller and his three sons, capless and terrified.  "What is that tumult and rioting?" cried out the squire authoritatively, and he blew  twice on the silver whistle which hung at his belt.  "Nay, we refuse their request most politely. Most noble," said the little stroller. "And  then they became vexed, and would have snatched your purse from us."  I could not see my boy injured excellence, for but doing his duty as one of Cumberland's sons.
npu-c30	1	s61-70968/clean/c30	003.wav	30.00	9.337	30.150	"So I did push this fellow."  "It is enough," said George Gamewell sharply as he turned upon the crowd.  "Shame on you, citizens!" cried he.  "I blush for my fellows of Nottingham.  Surely we can submit with good grace."  "Tis fine for you to talk, old man," answered the lean sullen apprentice.  "But I wrestled with this fellow, and do know that he played unfairly in the second bout."  the squire losing all patient.
npu-c30	1	s61-70968/clean/c30	004.wav	30.00	9.841	31.840	"And it was to you that I gave another person consolation!"  "Come to me, men. Here, here!" he raised his voice still louder.  The strollers took their part in it with hearty zest now that they had some chance of beating  off their foes. Robin and the little tumbler between them tried to force the squire to  stand back, and very valiantly did these two comport themselves.  The head and chief of the riot, the Nottingham Apprentice, with clenched fists threatened  Monfichet. The squire helped to thrust them all in and entered swiftly.
npu-c30	1	s61-70968/clean/c30	005.wav	30.00	9.635	31.090	himself. "Now, be silent on your lives," he began, but the captured apprentice set up  an instant shout. "Silence, you naïve!" cried Montfichet. He felt fur and found the wizard's  black cloth. The squire was quite out of breath. Thrusting open the proper entrance of the  tent, Robin suddenly rushed forth with his burden with a great shout. "A Montfichet!  A Montfichet! Game well to the rescue!" Taking advantage of this, the squire's few men redoubled  their efforts and
npu-c30	1	s61-70968/clean/c30	006.wav	30.00	9.682	31.310	encouraged by Robbins and the little strollers' cries, fought their way to him. George Montfichet  will never forget this day.  "What is your name, Lording?" asked the little stroller presently.  "Robin Fitzsouf."  "And mine is Will Stutley. Shall we become, Rads?"  "Right willingly, for between us we have won the battle," answered Robbin.  "I like you, Will. You are the second Will that I have met in light within two days.  Is there a sign in that?
npu-c30	1	s61-70968/clean/c30	007.wav	30.00	9.600	31.040	Montfiché called out for Robin to give him an arm.  "Friends," said Montfiché faintly to the wrestlers, "bear us escort so far as the sheriff's  house. It will not be safe for you to stay here now. Pray follow us, with mine and my  Lord Sheriff's men."  Nottingham Castle was reached, and admittance was demanded. Master Monceau, the sheriff  of Nottingham, was mightily put about when told of the rioting, and Henry might return  to England at any moment.
npu-c30	1	s61-70968/ssb15/c30	000.wav	30.00	9.300	29.930	He began a confused complaint against the wizard who had vanished behind the curtain on the left.  "If not so, earneth the mind of these mummeries, child, a golden fortune and a happy life."  He was like unto my father, in a way, and yet was not my father.  Also, there was a stripping page who turned into a maid.  This was so sweet a lady, sir, and in some manner I do think she died.  But then the picture was gone as quickly as it came.
npu-c30	1	s61-70968/ssb15/c30	001.wav	30.00	10.018	32.220	"Mr. Nell, do you hear these novels? Take your place and let us see what the crystal can show to you."  "Who like is not young, Master, though I am an old man?"  Forcwith all ran to the opening of the tent to see what might be amiss, but Master Will, who peaked out first, needed no more than one glance.  He gave way to the others very readily and retreated unperceived by the squire and mistress Bidsooth to the rear of the tent.  cry that I'm not a good person.
npu-c30	1	s61-70968/ssb15/c30	002.wav	30.00	9.717	31.390	him, unknotting him. Before them fled the stroller and his three sons, capless and terrified.  "What is that tumult and rioting?" cried out the squire authoritatively, and he blew  twice on the silver whistle which hung in his cell. "Nay, we retrieved their request most  politely, most noble," said the little stroller, "and then they became vexed and would have  snatched your purse from us. I could not see my boy injured, Exxon, for by doing their duty  at one of Cumberland Tun.
npu-c30	1	s61-70968/ssb15/c30	003.wav	30.00	9.050	29.120	So I did push this fellow.  It is enough that George came well sharply as he turned upon the crowd.  Shame on you, citizens, cried he.  I blush for my fellows of Nottingham.  Surely we can submit with good grace.  It is fine for you to talk old man after the lean fellow in apprentice.  But I wrestled with this fellow and do know that he played unfairly in the second bout.  of this choir, leaving all patients.
npu-c30	1	s61-70968/ssb15/c30	004.wav	30.00	9.909	32.120	"And it was to you that I gave another person consolation.  "Come to me, men.  Here, here!" he raised his voice still louder.  The strollers took their part in it with hearty zest, now that they had some chance of beating  off their foes.  Robbiting a little tumbler between them, tried to force the squire to stand back, and very  valiantly did these two comport themselves.  The head and chief of the riot, the Nottingham Apprentice, with quench fists threatened Monteshe.  fire help to thrust them all in and enter quickly.
npu-c30	1	s61-70968/ssb15/c30	005.wav	30.00	9.524	30.770	himself. "Now, be silent on your lies," he began, but the captured apprentice set up an instant shout.  "Silence, you naïve," cried Montbichet. He felt firm, found the wizard's black cloth.  The squire was quite out of breath. Thrusting open the proper entrance of the tent,  Robin suddenly rushed forth with his burden with a great shout.  "A Montbichet! A Montbichet! Game well to the rescue!"  taking advantage of this requires few men redoubled their efforts and
npu-c30	1	s61-70968/ssb15/c30	006.wav	30.00	9.694	31.370	encouraged by Robbins and the little stroller's cries,  fought their way to him.  George Montice will never forget this day.  What is your name, Lording?  Ask the little stroller presently.  Robbins is his youth.  And mine is Will Stutley.  Shall we become friends?  Right willingly, for between us we have won the battle,  answered Robbins.  I like you, Will.  You're the second Will that I have met and liked within two  days.  Is that all fine and that?
npu-c30	1	s61-70968/ssb15/c30	007.wav	30.00	9.523	30.740	"Monsichet called out for Robin to give him an arm."  "Brand," said Monsichet faintly to the wrestler, "bear us escort so far as the sheriff's house.  It will not be safe for you to stay here now.  Pray follow us, with mine and my Lord Sheriff's men."  Nottingham Castle was reached and admittance was demanded.  Master Monso, the sheriff of Nottingham, was mightily put about when told of the rioting,  and Henry might return to England at any moment.
npu-c30	1	s61-70968/ssb5/c30	000.wav	30.00	7.490	23.540	[  ]  [  ]  [  ]  [  ]  [  ]  [  ]  Make sure you comment quickly at the end.
npu-c30	1	s61-70968/ssb5/c30	001.wav	30.00	8.108	25.880	[  ]  [  ]  [  ]  [  ]  [  ]  [  ]  [  ]  (audience applauding)  I'm not even sure what to do.
npu-c30	1	s61-70968/ssb5/c30	002.wav	30.00	9.652	31.180	We have automatic cameras before them to let the solar energy come.  Apple said, "Terrifying."  "What if the commons in rioting tried out the fire from the radio station?"  "We would fight on the solar lift over time, myself."  "Today, we were free with their request.  Look, the light was so renewable," said the little solar.  And then we would stay back and would have snatched your person.  I could not see my boy injured actually, so the viewers would be easily able to come  time.
npu-c30	1	s61-70968/ssb5/c30	003.wav	30.00	9.481	30.670	So I did first this fellow.  Did he?  No.  That George game well sharply.  I'm sorry to talk about it.  Shame on you, citizen of the public.  I dush for my fellows of Nottingham.  Surely we can submit with good grace.  I bring you to talk, old man.  I bring you to talk about it.  But I, recklessly,  I do know that he played unfairly in the second half of the game.  of this while using all patients.
npu-c30	1	s61-70968/ssb5/c30	004.wav	30.00	9.892	32.020	And it was seen here that I gave another person consolation.  Company men, here, here, we raise their voices so louder.  The strollers took their part in the curtain dance, now that they had some chance of beating off their bones.  Robin and the little tumbler between them tried to force his wife to land back,  and very valiantly did he a tooth-in-pork in the morning.  The head and sheaf of the wife, the Ottingham Sperma, was clenched stiff, threatened most of the show.  Why? I hope we trust them all in and enter the system.
npu-c30	1	s61-70968/ssb5/c30	005.wav	30.00	9.407	30.390	Now, East Violet, on your slide.  The captured offenders set up an instant shout.  Violet, you may be surprised by the sound.  You're not burned down with your black cloth.  It's quiet and quiet and quiet.  Thrusting open the proper entrance of the night,  Robin suddenly rushed forth with his burden with his great shout.  A monty shay, a monty shay,  he will to the rescue.  Taking advantage of this,  and redoubled their efforts and
npu-c30	1	s61-70968/ssb5/c30	006.wav	30.00	9.807	31.760	The first I rob him of is the school they've tried,  off the laser.  George Montice will never forget this day.  What is your name, Lordy?  Ask the school they've tried.  The robbing is quickly over.  And mine is real sturdily.  What is the problem?  Right, really, please.  The between us we have won the battle,  after robbing.  I like the bill.  You're the second bill that I have met  and like the decision to give.  But they were fine in that.
npu-c30	1	s61-70968/ssb5/c30	007.wav	30.00	9.559	30.910	The Monkish's made my doubt for Robin to give him an arm.  The Grands said Monkish's faith was interrupted.  Bear us escort so far as the sheriff counts.  It would not be safe for you to stay here now.  Great follow-up. With mine and my Lord Sheriff's men.  Not again, capital retreat.  And his business is in the mountains.  Master Monk's though, the sheriff has not even put a lightly put about when told of the rioting.  [INAUDIBLE]
npu-fa	1	s61-70968/clean/c20	002.wav	20.00	20.326	59.300	Master, though I am an old man. Fourth Whith all ran to the opening of the tent to see  what might be amiss; but Master Will, who peeped out first, needed no more than one glance.  He gave way to the others very readily, and retreated unperceived by the squire in Mistress  fits ooth to the rear of the tent.  Cries of a knotting
npu-fa	1	s61-70968/clean/c20	003.wav	20.00	6.408	16.980	him, unknotting him! Before them fled the stroller and his three sons, capless and terrified.  "What is that tumult and rioting?" cried out the squire authoritatively, and he blew  twice on the silver whistle which hung at his belt.  "Nay, we refuse their request most politely. Most noble," said the little stroller.
npu-fa	1	s61-70968/clean/c20	004.wav	20.00	6.237	16.450	And then they became vexed and would have snatched your purse from us.  I could not see my boy injured excellence for but doing his duty as one of Cumberland's sons.  So I did push this fellow.  "It is enough," said George Gamewell sharply as he turned upon the crowd.  "Shame on you, citizen."
npu-fa	1	s61-70968/clean/c20	005.wav	20.00	6.356	16.820	sins," cried he. "I blush for my fellows of Nottingham. Surely we can submit with good  grace."  "It is fine for you to talk, old man," answered the lean, sullen apprentice. "But I wrestled  with this fellow, and do know that he played unfairly in the second bout," spoke the squire  losing all patience.
npu-fa	1	s61-70968/clean/c20	006.wav	20.00	6.671	17.880	"And it was to you that I gave another person consolation."  "Come to me, men. Here, here!" he raised his voice still louder.  The strollers took their part in it with hearty zest, now that they had some chance of beating  off their foes.  Robin and the little tumbler between them tried to force the squire to stand back, and  very valiantly did these two comply.
npu-fa	1	s61-70968/clean/c20	007.wav	20.00	6.397	16.920	themselves. The head and chief of the riot, the Nottingham  apprentice, with clenched fists threatened Montfichet. The squire helped to thrust them  all in and entered swiftly himself. "Now, be silent on your lives," he began, but the  captured apprentice set up an instant shout. "Silence, you naïve," cried Montfichet.
npu-fa	1	s61-70968/clean/c20	008.wav	20.00	6.496	17.330	He felt fur and found the wizard's black cloth. The squire was quite out of breath.  Thrusting open the proper entrance of the tent, Robin suddenly rushed forth with his burden,  with a great shout, "A month viché, a month viché! Game well to the rescue!"  Taking advantage of this, the squire's few men redoubled their efforts, and,
npu-fa	1	s61-70968/clean/c20	009.wav	20.00	6.332	16.790	encouraged by Robbins and the little strollers' cries, fought their way to him. George Montfichet  will never forget this day.  "What is your name, Lording?" asked the little stroller presently.  "Robin Fitzsouf. And mine is Will Stutley. Shall we become, Rads?"  "Right, Willing."
npu-fa	1	s61-70968/clean/c20	010.wav	20.00	6.119	15.990	"I like you, Will. You are the second Will that I have met in light within two days. Is  there a sign in that?" Montfichet called out for Robin to give him an arm.  "Friends," said Montfichet faintly to the wrestlers. "Bear us escort so far as the sheriffs
npu-fa	1	s61-70968/clean/c20	011.wav	20.00	6.361	16.890	house. It will not be safe for you to stay here now. Pray follow us, with mine and my  Lord Sheriff's men."  Nottingham Castle was reached, and admittance was demanded. Master Monceau, the Sheriff  of Nottingham, was mightily put about when told of the rioting, and Henry might return  to England at any moment.
npu-fa	1	s61-70968/ssb15/c20	000.wav	20.00	6.183	16.140	He began a confused complaint against the wizard who had vanished behind the curtain on the left.  "If not so, earneth the mind of these mummeries, child, a golden fortune and a happy life."  He was like unto my father, in a way, and yet was not my father.  Also, there was a stripping page,
npu-fa	1	s61-70968/ssb15/c20	001.wav	20.00	6.121	15.980	returned it to her maid. This was so sweet of Lady Sir, and in some manner I do think  she died. But then the picture was gone as quickly as it came. Mr. Nell, do you hear  these marbles? Take your place and let us see what the crystal can show to you. Like  if not young.
npu-fa	1	s61-70968/ssb15/c20	002.wav	20.00	6.677	17.980	Master, though I am an old man.  Force Whist all ran to the opening of the tent to see what might be amiss, but Master  Will, who peaked out first, needed no more than one glance.  He gave way to the others very readily and retreated unperceived by the squire and mistress  Bidsooth to the rear of the tent.  Cry the—I'm not a ghost!
npu-fa	1	s61-70968/ssb15/c20	003.wav	20.00	6.396	17.000	him, unknotting him. Before them fled the stroller and his three sons, capless and terrified.  "What is that tumult and rioting?" cried out the squire authoritatively, and he blew  twice on the silver whistle which hung at his cell. "Nay, we refuse their request most  politely, most noble," said the little stroller.
npu-fa	1	s61-70968/ssb15/c20	004.wav	20.00	6.231	16.330	and then they became vexed and would have snatched your purse from us.  I could not see my boy injured at once,  for by doing the duty of one of Cumberland's sons.  So I did push this fellow.  It is enough that George came well sharply as he turned upon the crowd.  Shame on you citizen!
npu-fa	1	s61-70968/ssb15/c20	005.wav	20.00	6.180	16.270	I blush for my fellows of Nottingham. Surely we can submit with good grace.  It is fine for you to talk, old man, after the lean so-and-a-frentice.  But I wrestled with his fellow and do know that he played unfairly in the second bout.  Spoke the squire losing all patience.
npu-fa	1	s61-70968/ssb15/c20	006.wav	20.00	6.689	17.980	And it was to you that I gave another person consolation.  "Come to me, men. Here, here!" he raised his voice still louder.  The strollers took their part in it with hearty zest, now that they had some chance of beating off their foes.  Robbiting a little tumbler between them, tried to force the squire to stand back,  and very valiantly did these two from the back.
npu-fa	1	s61-70968/ssb15/c20	007.wav	20.00	6.381	16.870	The head and chief of the riots in Ottingham Apprentice, with quench fists, threatened Mont-Pichet.  The squire helped to thrust them all in and entered swiftly himself.  "Now be silent on your lies," he began, but the captured apprentice set up an instant shout.  "Silence, you naïve," cried Mont-Pichet.
npu-fa	1	s61-70968/ssb15/c20	008.wav	20.00	6.613	17.720	He felt for and found the wizard's black claw.  The squire was quite out of breath.  Thrusting open the proper entrance of the tent,  Robin suddenly rushed forth with his burden with a great shout.  "A must be shea! A must be shea!  Game well to the rescue!"  Taking advantage of this, the squire's few men redoubled their efforts, and...
npu-fa	1	s61-70968/ssb15/c20	009.wav	20.00	6.187	16.230	encouraged by Robin from the little stroller's drive, fought their way to him. George Montchichet  will never forget this day. "What is your name, Lording?" asked the little stroller presently.  "Robin is a thief, and mine is real stutley. Shall we become rats?"  "Right, Willing."
npu-fa	1	s61-70968/ssb15/c20	010.wav	20.00	6.154	16.170	"I'd like you, Will. You're the second Will that I have met and liked within two days.  Is there a sign in that?"  Monty Shea called out for Robin to give him an arm.  "Bren," said Monty Shea faintly to the rep for, "bear us escort so far as the sheriff's
npu-fa	1	s61-70968/ssb15/c20	011.wav	20.00	6.250	16.440	It will not be safe for you to stay here now.  Pray follow us, with mine and my Lord Sheriff's men.  Nottingham Castle was reached and admittance was demanded.  Master Momso, the Sheriff of Nottingham, was mightily put about when told of the rioting,  and Henry might return to England at any moment.
npu-fa	1	s61-70968/ssb5/c20	000.wav	20.00	5.002	12.110	[  [  ]  [  ]  [  ]  [  ]  [  ]
npu-fa	1	s61-70968/ssb5/c20	001.wav	20.00	6.652	17.990	I'm trying to figure this out. This was so easy. And somehow I do think she died. But then the picture has gone and quickly everything.  And now do you hear these marbles? Take your place and let us hear the cripple's mission. You like it's not young?
npu-fa	1	s61-70968/ssb5/c20	002.wav	20.00	5.766	14.780	[  [  ]  [  ]  [  ]  [  ]  [  ]  [  ]  [  ]  [  ]  [  ]  [  ]
npu-fa	1	s61-70968/ssb5/c20	003.wav	20.00	6.571	17.590	We have automatic cameras.  Before them, led the scroller to the ground.  That was a terrifying sight.  We wondered if they'd come at them.  Why, it ain't tried out the fire.  So, we did it.  We tried to find them.  We were free with their request.  Look, the light was so renewable.  That the little scroller...
npu-fa	1	s61-70968/ssb5/c20	004.wav	20.00	6.207	16.300	And then we could play back and would have snatched your person on you.  I could not see my boy injured actually, so the boys were easily able to come to the sun.  So I did push this fellow.  It was a mess.  That George Gaines well sharply turned the problem out.  She monkeying for the sun.
npu-fa	1	s61-70968/ssb5/c20	005.wav	20.00	5.816	15.000	I dush for my fellows of Nottingham. Surely we can submit with good grace.  I bring you to talk, old man.  But I, recklessly, do know that he played unfairly in the second second.  So, this while, I'm using all patience.
npu-fa	1	s61-70968/ssb5/c20	006.wav	20.00	6.455	17.120	And it was seen here that I gave another person consolation.  Company men, here, here!  We raised the voice so louder.  The strollers took their part in the department desk  now that they had some chance of beating off their bones.  Robin and the little tumbler between them  tried to force his wife to turn back.  And very valiantly did the excuse
npu-fa	1	s61-70968/ssb5/c20	007.wav	20.00	6.027	15.750	The head and sheep of the riot may not have ascended, but French stiff threatened Montuchel.  The fire helped to thrust them all in and entered Ciccer's farm.  Now, these pilot on your slide, the captured offenders set up an instant shout.  The pilot used mainly to cry Montuchel.
npu-fa	1	s61-70968/ssb5/c20	008.wav	20.00	4.912	11.870	[  ]  [  ]  [  ]  [  ]  [  ]
npu-fa	1	s61-70968/ssb5/c20	009.wav	20.00	8.686	24.900	First I want to go to school with pride, awful ladies. George Montice will never forget this day.  What is your name, Lordy?  Ask the Lord to come and help you.  Welcome to the city.  And mind if you'll have trouble, I'll be in contact.
npu-fa	1	s61-70968/ssb5/c20	010.wav	20.00	16.063	49.890	with the command of the F1 to battle after Robin.  I like the build. You're the second build that I've met.  And I think it's really good. But they'll find a man.  Moffy Shae's called out for Robin to give him an arm.  Brandy said Moffy Shae faintly interrupted.  Vera asked for it so far as a sheriff had.
npu-fa	1	s61-70968/ssb5/c20	011.wav	20.00	6.449	17.260	It would not be safe for you to stay here now.  Great follow-up. With mine and my Lord Sheriff's men.  Not again, Capitol retreat.  No, this is just a matter of time.  Master Monstow, the Sheriff of Nottingham,  was lightly put about when told of the rioting.  And I'm not trying to ignore that any more.
npu-q8	1	s61-70968/clean/c20	002.wav	20.00	15.118	54.720	Master, though I am an old man. Fourth Whith all ran to the opening of the tent to see  what might be amiss, but Master Will, who peeped out first, needed no more than one  glance. He gave way to the others very readily and retreated unperceived by the squire in  Mistress Fitzuth to the rear of the tent.  Cries of a nodding
npu-q8	1	s61-70968/clean/c20	003.wav	20.00	5.060	18.870	him, unknotting him! Before them fled the stroller and his three sons,  capless and terrified. "What is that tumult and rioting?" cried out the  squire authoritatively, and he blew twice on the silver whistle which hung at his belt.  "Nay, we refuse their request most politely. Most noble," said the little stroller.
npu-q8	1	s61-70968/clean/c20	004.wav	20.00	4.928	18.460	And then they became vexed and would have snatched your purse from us.  I could not see my boy injured excellence for but doing his duty as one of Cumberland's sons.  So I did push this fellow.  "It is enough," said George Gamewell sharply as he turned upon the crowd.  "Shame on you, citizen."
npu-q8	1	s61-70968/clean/c20	005.wav	20.00	4.868	18.250	"I blush for my fellows of Nottingham. Surely we can submit with good grace."  "It is fine for you to talk, old man," answered the lean, swollen apprentice.  "But I wrestled with this fellow, and do know that he played unfairly in the second bout,"  spoke the squire, losing all patience.
npu-q8	1	s61-70968/clean/c20	006.wav	20.00	5.268	19.590	"And it was to you that I gave another person consolation."  "Come to me, men. Here, here!" he raised his voice still louder.  The strollers took their part in it with hearty zest, now that they had some chance of beating  off their foes.  Robin and the little tumbler between them tried to force the squire to stand back, and  very valiantly did these two comply.
npu-q8	1	s61-70968/clean/c20	007.wav	20.00	5.042	18.820	themselves. The head and chief of the riot, the Nottingham  apprentice, with clenched fists threatened Montfichet. The squire helped to thrust them  all in and entered swiftly himself. "Now, be silent on your lives," he began, but the  captured apprentice set up an instant shout. "Silence, you naïve," cried Montfichet.
npu-q8	1	s61-70968/clean/c20	008.wav	20.00	5.143	19.150	He felt fur and found the wizard's black cloth. The squire was quite out of breath.  Thrusting open the proper entrance of the tent, Robin suddenly rushed forth with his burden,  with a great shout, "A month viché, a month viché! Game well to the rescue!"  Taking advantage of this, the squire's few men redoubled their efforts, and,
npu-q8	1	s61-70968/clean/c20	009.wav	20.00	5.018	18.760	encouraged by Robbins and the little strollers' cries, fought their way to him. George Montfichet  will never forget this day.  "What is your name, Lording?" asked the little stroller presently.  "Robin Fitzsouf. And mine is Will Stutley. Shall we become, Rads?"  "Right, Willing."
npu-q8	1	s61-70968/clean/c20	010.wav	20.00	4.817	18.030	"I'd like you, Will. You're the second Will that I have met in light within two days. Is  there a sign in that?" Montfichet called out for Robin to give him an arm.  "Friends," said Montfichet faintly to the wrestlers. "Bear us escort so far as the
npu-q8	1	s61-70968/clean/c20	011.wav	20.00	5.036	18.830	house. It will not be safe for you to stay here now. Pray follow us, with mine and my  Lord Sheriff's men."  Nottingham Castle was reached, and admittance was demanded. Master Monceau, the Sheriff  of Nottingham, was mightily put about when told of the rioting, and Henry might return  to England at any moment.
npu-q8	1	s61-70968/ssb15/c20	000.wav	20.00	4.887	18.260	He began a confused complaint against the wizard who had vanished behind the curtain on the left.  "If not so, earneth the mind of these mummeries, child, a golden fortune and a happy life."  He was like unto my father, in a way, and yet was not my father.  Also, there was a stripping page,
npu-q8	1	s61-70968/ssb15/c20	001.wav	20.00	4.833	18.110	returned it to her maid. This was so sweet of Lady Sir, and in some manner I do think  she died. But then the picture was gone as quickly as it came. Mr. Nell, do you hear  these marbles? Take your place and let us see what the crystal can show to you. Like  if not young.
npu-q8	1	s61-70968/ssb15/c20	002.wav	20.00	5.292	19.660	Master, though I am an old man.  Force Whist all ran to the opening of the tent to see what might be amiss, but Master  Will, who peaked out first, needed no more than one glance.  He gave way to the others very readily and retreated unperceived by the squire and mistress  Bidsooth to the rear of the tent.  Cry the—I'm not a ghost!
npu-q8	1	s61-70968/ssb15/c20	003.wav	20.00	5.083	18.950	him, unknotting him. Before them fled the stroller and his three sons, capless and terrified.  "What is that tumult and rioting?" cried out the squire authoritatively, and he blew  twice on the silver whistle which hung at his cell. "Nay, we retrieved their request most  politely, most noble," said the little stroller.
npu-q8	1	s61-70968/ssb15/c20	004.wav	20.00	5.032	18.480	and then they became vexed and would have snatched your purse from us.  I could not see my boy injured at once,  for by doing the duty of one of Cumberland's sons.  So I did push this fellow.  It is enough that George came well sharply as he turned upon the crowd.  Shame on you citizen!
npu-q8	1	s61-70968/ssb15/c20	005.wav	20.00	4.906	18.390	I blush for my fellows of Nottingham. Surely we can submit with good grace.  It is fine for you to talk, old man, after the lean so-and-a-frentice.  But I wrestled with his fellow, and do know that he played unfairly in the second bout.  Spoke the squire losing all patience.
npu-q8	1	s61-70968/ssb15/c20	006.wav	20.00	5.297	19.650	And it was to you that I gave another person consolation.  "Come to me, men. Here, here!" he raised his voice still louder.  The strollers took their part in it with hearty zest, now that they had some chance of beating off their foes.  Robbiting a little tumbler between them, tried to force the squire to stand back,  and very valiantly did these two from the back.
npu-q8	1	s61-70968/ssb15/c20	007.wav	20.00	5.173	19.240	The head and chief of the riot, the Nottingham Apprentice, was quenched fists to threaten  Mont-Pichet.  His squire helped to thrust them all in and entered swiftly himself.  "Now be silent on your lies," he began, but the captured apprentice set up an instant  shout.  "Silent, you naïve," cried Mont-Pichet.
npu-q8	1	s61-70968/ssb15/c20	008.wav	20.00	5.176	19.290	He felt for and found the wizard's black claw.  The squire was quite out of breath.  Thrusting open the proper entrance of the tent,  Robin suddenly rushed forth with his burden with a great shout.  "A must be shea! A must be shea! Game well to the rescue!"  Taking advantage of this, the squire's few men redoubled their efforts, and...
npu-q8	1	s61-70968/ssb15/c20	009.wav	20.00	4.894	18.350	encouraged by Robin from the little stroller's drive, fought their way to him. George Montchichet  will never forget this day. "What is your name, Lording?" asked the little stroller presently.  "Robin is a thief, and mine is real stutley. Shall we become rats?"  "Right, Willing."
npu-q8	1	s61-70968/ssb15/c20	010.wav	20.00	4.981	18.230	"I'd like you, Will. You're the second Will that I have met and liked within two days.  Is there a sign in that?"  Monty Shea called out for Robin to give him an arm.  "Bren," said Monty Shea faintly to the rep for, "bear us escort so far as the sheriff
npu-q8	1	s61-70968/ssb15/c20	011.wav	20.00	4.933	18.470	It will not be safe for you to stay here now.  Pray follow us, with mine and my Lord Sheriff's men.  Nottingham Castle was reached and admittance was demanded.  Master Momso, the Sheriff of Nottingham, was mightily put about when told of the rioting,  and Henry might return to England at any moment.
npu-q8	1	s61-70968/ssb5/c20	000.wav	20.00	3.949	15.080	[  [  ]  [  ]  [  ]  [  ]  [  ]
npu-q8	1	s61-70968/ssb5/c20	001.wav	20.00	3.669	14.180	(Random voice)
npu-q8	1	s61-70968/ssb5/c20	002.wav	20.00	4.551	17.190	[  [  ]  [  ]  [  ]  [  ]  [  ]  [  ]  [  ]  [  ]  [  ]  [  ]
npu-q8	1	s61-70968/ssb5/c20	003.wav	20.00	5.081	18.960	We have automatic cameras before them to let the solar system go.  That was a terrifying thing.  We wanted them to come at them rioting,  cried out the fire,  and so we did it.  We tried to put the solar whistle which hung on the cell.  Today we received their request.  Look, the light was so renewable, said the little solar.
npu-q8	1	s61-70968/ssb5/c20	004.wav	20.00	4.913	18.400	And then we could play back and would have snatched your person on you.  I could not see my boy injured actually, so the boys were easily able to come to the sun.  So I did push this fellow.  It was a mess.  That George Gaines well sharply turned the problem out.  She monkeying for the sun.
npu-q8	1	s61-70968/ssb5/c20	005.wav	20.00	4.605	17.330	I dush for my fellows of Nottingham. Surely we can submit with good grace.  I bring you to talk, old man.  But I, recklessly, do know that he played unfairly in the second second.  So, this while, I'm using all patience.
npu-q8	1	s61-70968/ssb5/c20	006.wav	20.00	5.119	19.100	And it was seen you that I gave another person consolation to.  Company men, here, here!  We raised the voice so louder.  The strollers took their part in the department desk  now that they had some chance of beating off their bones.  Robin and the little tumbler between them  tried to force his wife to turn back.  And very valiantly did the excuse
npu-q8	1	s61-70968/ssb5/c20	007.wav	20.00	4.775	17.910	The head and sheep of the riot may not have ascended, but French stiff threatened Montuchel.  The fire helped to thrust them all in and entered Ciccer's farm.  Now, these pilot on your slide, the captured offenders set up an instant shout.  The pilot used mainly to cry Montuchel.
npu-q8	1	s61-70968/ssb5/c20	008.wav	20.00	3.869	14.920	[  ]  [  ]  [  ]  [  ]  [  ]
npu-q8	1	s61-70968/ssb5/c20	009.wav	20.00	5.412	20.050	(inaudible)
npu-q8	1	s61-70968/ssb5/c20	010.wav	20.00	9.721	34.630	I'm not the one who's going to fight for Robin. I like the bill. You're the second bill that I have met and like the bill. But they'll find a man.  Moffy Shae called out for Robin to give him an order.  He said Moffy Shae faintly interrupted.  There has been court so far as a sheriff has.
npu-q8	1	s61-70968/ssb5/c20	011.wav	20.00	5.145	19.170	It would not be safe for you to stay here now.  Great follow-up. With mine and my Lord Sheriff's men.  Not again, Capitol retreat.  No, this is just a matter of time.  Master Monstow, the Sheriff of Nottingham, is as lively as he could about when told of the rioting.  And I'm not trying to ignore that any longer.
npu-q5	1	s61-70968/clean/c20	002.wav	20.00	5.875	19.120	Master, though I am an old man.  Fourth Whith all ran to the opening of the tent to see what might be amiss, but Master  Will, who peeped out first, needed no more than one glance.  He gave way to the others very readily and retreated unperceived by the squire in Mistress  Fitzuth to the rear of the tent.  Cries of a knotting-gathering, a very unawaresoment, a very unawaresoment, a very unawaresoment,
npu-q5	1	s61-70968/clean/c20	003.wav	20.00	5.086	16.450	him, unknotting him! Before them fled the stroller and his three sons,  capless and terrified. "What is that tumult and rioting?" cried out the  squire authoritatively, and he blew twice on the silver whistle which hung at his belt.  "Nay, we refuse their request most politely. Most noble," said the little stroller.
npu-q5	1	s61-70968/clean/c20	004.wav	20.00	4.952	16.020	And then they became vexed and would have snatched your purse from us.  I could not see my boy injured excellence for but doing his duty as one of Cumberland's sons.  So I did push this fellow.  "It is enough," said George Gamewell sharply as he turned upon the crowd.  "Shame on you, citizen."
npu-q5	1	s61-70968/clean/c20	005.wav	20.00	5.028	16.260	sins," cried he. "I blush for my fellows of Nottingham. Surely we can submit with good  grace."  "It is fine for you to talk, old man," answered the lean sullen apprentice. "But I wrestled  with this fellow, and do know that he played unfairly in the second bout," spoke the squire  losing all patient.
npu-q5	1	s61-70968/clean/c20	006.wav	20.00	5.313	17.220	"And it was to you that I gave another person consolation!"  "Come to me, men. Here, here!" he raised his voice still louder.  The strollers took their part in it with hearty zest, now that they had some chance of beating  off their foes.  Robin and the little tumbler between them tried to force the squire to stand back, and very  valiantly did these two comply.
npu-q5	1	s61-70968/clean/c20	007.wav	20.00	5.116	16.540	themselves. The head and chief of the riot, the Nottingham  apprentice, with clenched fists threatened Mont-Fichet. The squire helped to thrust them  all in and entered swiftly himself. "Now, be silent on your lives," he began, but the  captured apprentice set up an instant shout. "Silence, you naïve," cried Mont-Fichet.
npu-q5	1	s61-70968/clean/c20	008.wav	20.00	5.184	16.770	He felt fur and found the wizard's black cloth. The squire was quite out of breath.  Thrusting open the proper entrance of the tent, Robin suddenly rushed forth with his burden,  with a great shout, "A month viché, a month viché! Game well to the rescue!"  Taking advantage of this, the squire's few men redoubled their efforts, and,
npu-q5	1	s61-70968/clean/c20	009.wav	20.00	5.118	16.560	encouraged by Robbins and the little strollers' cries, fought their way to him. George Montfichet  will never forget this day.  "What is your name, Lording?" asked the little stroller presently.  "Robin Fitzsouf."  "And mine is Will Stutley. Shall we become, Rads?"  "Right, Willing."
npu-q5	1	s61-70968/clean/c20	010.wav	20.00	4.860	15.650	"I like you, Will. You are the second Will that I have met in light within two days. Is  there a sign in that?" Montfichet called out for Robin to give him an arm.  "Friends," said Montfichet faintly to the wrestlers. "Bear us escort so far as the sheriff's
npu-q5	1	s61-70968/clean/c20	011.wav	20.00	5.072	16.400	house. It will not be safe for you to stay here now. Pray follow us, with mine and my  Lord Sheriff's men."  Nottingham Castle was reached, and admittance was demanded. Master Monceau, the Sheriff  of Nottingham, was mightily put about when told of the rioting, and Henry might return  to England at any moment.
npu-q5	1	s61-70968/ssb15/c20	000.wav	20.00	4.855	15.590	He began a confused complaint against the wizard who had vanished behind the curtain on the left.  If not so earnest the mind of these mummeries, child, a golden fortune and a happy life,  he was like unto my father in a way, and yet was not my father.  Also, there was a stripping page,
npu-q5	1	s61-70968/ssb15/c20	001.wav	20.00	4.867	15.650	returned it to her maid. This was so sweet of Lady Sir, and in some manner I do think she died.  But then the picture was gone as quickly as it came.  Mr. Nell, do you hear these marbles? Take your place and let us see what the crystal can show to you.  Like if not young.
npu-q5	1	s61-70968/ssb15/c20	002.wav	20.00	5.335	17.290	Master, though I am an old man.  Force Whist all ran to the opening of the tent to see what might be amiss, but Master  Will, who peaked out first, needed no more than one glance.  He gave way to the others very readily and retreated unperceived by the squire and mistress  Bidsooth to the rear of the tent.  Cry the—I'm not a ghost!
npu-q5	1	s61-70968/ssb15/c20	003.wav	20.00	5.089	16.460	him, unknotting him. Before them fled the stroller and his three sons, capless and terrified.  "What is that tumult and rioting?" cried out the squire authoritatively, and he blew  twice on the silver whistle which hung on his self. "Nay, we refuse their request most  politely, most noble," said the little stroller.
npu-q5	1	s61-70968/ssb15/c20	004.wav	20.00	4.899	15.800	and then they became vexed and would have snatched your purse from us.  I could not see my boy injured that once, for by doing the duty of one of Cumberland's sons.  So I did push this fellow.  It is enough that George came well sharply as he turned upon the crowd.  Shame on you citizen!
npu-q5	1	s61-70968/ssb15/c20	005.wav	20.00	4.819	15.360	I blush for my fellows of Nottingham. Surely we can submit with good grace.  She is fine for you to talk old man, answer the lean fellow in apprentice.  But I wrestled with his fellow and do know that he played unfairly in the second bout.  Spoke the squire losing all patience.
npu-q5	1	s61-70968/ssb15/c20	006.wav	20.00	5.303	17.200	And it was to you that I gave another person consolation.  "Come to me, men. Here, here!" he raised his voice still louder.  The strollers took their part in it with hearty zest, now that they had some chance of beating off their foes.  Robbing a little tumbler between them, tried to force the squire to stand back,  and very valiantly did these two from the bottom.
npu-q5	1	s61-70968/ssb15/c20	007.wav	20.00	5.136	16.620	themselves. The head and chief of the riot, the Nottingham Apprentice, was quenched fists,  threatened Mont-Pichet. The squire helped to thrust them all in and entered swiftly himself.  "Now be silent on your lies," he began, but the captured apprentice set up an instant shout.  "Silence, you knave," cried Mont-Pichet.
npu-q5	1	s61-70968/ssb15/c20	008.wav	20.00	5.147	16.700	He felt for and found the wizard's black cloth.  The squire was quite out of breath.  Thrusting opened the proper entrance of the tent.  Robin suddenly rushed forth with his burden with a great shout.  "A must be she! A must be she! Game well to the rescue!"  Taking advantage of this, the squire's few men redoubled their efforts and...
npu-q5	1	s61-70968/ssb15/c20	009.wav	20.00	4.922	15.870	encouraged by Robbins and the little stroller's cries, fought their way to him. George Montesier  will never forget this day. "What is your name, Lording?" asked the little stroller presently.  "Robbins is his youth, and mine is real stutley. Shall we become rats?"  "Right, Willing."
npu-q5	1	s61-70968/ssb15/c20	010.wav	20.00	4.897	15.810	"I'd like you, Will. You're the second Will that I have met and liked within two days.  Is there a sign in that?"  Monty Shea called out for Robin to give him an arm.  "Bren," said Monty Shea faintly to the Redbird, "bear us escort so far as the Sheriff's
npu-q5	1	s61-70968/ssb15/c20	011.wav	20.00	4.997	16.100	It will not be safe for you to stay here now.  Pray follow us, with mine and my Lord Sheriff's men.  Nottingham Castle was reached and admittance was demanded.  Master Monso, the Sheriff of Nottingham, was mightily put about when told of the rioting,  and Henry might return to England at any moment.
npu-q5	1	s61-70968/ssb5/c20	000.wav	20.00	4.420	14.100	[Ambient audio]
npu-q5	1	s61-70968/ssb5/c20	001.wav	20.00	4.956	15.930	I'm trying to quit you. This was so easy. And somehow I do think she died. But then the picture was gone and quickly everything.  And now, do you hear these marvels? Take your place and let us hear the cripple's mission. You like to be not young.
npu-q5	1	s61-70968/ssb5/c20	002.wav	20.00	3.757	12.020	[Multiple voices]
npu-q5	1	s61-70968/ssb5/c20	003.wav	20.00	8.011	26.830	We have automatic cameras. Before them, to let the scroller in.  Now, look at the terrifying thing. What is that?  A man rioting. He tried out the fire. So, he did it.  He tried to put his wife on the silver lip, but was hungry.  Today, we receive their request. Look, the light is so beautiful.
npu-q5	1	s61-70968/ssb5/c20	004.wav	20.00	4.959	16.020	And then we could play back and would have snatched your person on you.  I could not see my boy injured actually, so the boys would be easily at one of Cumberland's sons.  So I did push this fellow.  It was not that George Gaines well sharply, and he turned the problem out.  She mon-used the decision.
npu-q5	1	s61-70968/ssb5/c20	005.wav	20.00	4.626	14.850	I dush for my fellows of Nottingham. Surely we can submit with good grace.  I bring you to talk, old man.  But I, recklessly, and do know that he played unfairly in the second second.  So, just while I'm using all patience.
npu-q5	1	s61-70968/ssb5/c20	006.wav	20.00	5.077	16.400	And it was seen you that I gave another person consolation to.  Company men, here, here, we raise this voice so louder.  The strollers took their parts with the curtain backs now as they had some chance of beating off their bones.  Robin and the little tumbler between them tried to force this while he ran back.  And very valiantly did the excuse himself.
npu-q5	1	s61-70968/ssb5/c20	007.wav	20.00	4.963	16.030	The head and sheep of the riot may not have been sent there.  The French did threaten Montuchel.  The riot helped to thrust them all in and entered Cicero's farm.  Now, these silent, on-going lies,  the captured offenders set up an instant shout.  Silent, you may be surprised, Montuchel.
npu-q5	1	s61-70968/ssb5/c20	008.wav	20.00	3.864	12.300	[  ]  [  ]  [  ]  [  ]  [  ]
npu-q5	1	s61-70968/ssb5/c20	009.wav	20.00	10.650	35.420	and first I want to go with pride, off the laser. George Montice will never forget this day.  What is your name, Lordy? Ask the Lord to call me.  Welcome to the city.  And mind is real lovely. How do you think I'll pass?  Right, really.
npu-q5	1	s61-70968/ssb5/c20	010.wav	20.00	3.678	11.730	(inaudible)
npu-q5	1	s61-70968/ssb5/c20	011.wav	20.00	5.168	16.760	It would not be safe for you to stay here now.  Great follow-up. With mine and my Lord Sheriff's men.  Not again, capital retreat.  No, this is just a matter of time.  Master Monstow, the Sheriff of Nottingham,  was mightily put about when told of the rioting.  And I'm not trying to ignore that any longer.
npu-t2	1	s61-70968/clean/c20	002.wav	20.00	25.064	48.330	Master, though I am an old man. Fourth Whith all ran to the opening of the tent to see  what might be amiss, but Master Will, who peeped out first, needed no more than one glance.  He gave way to the others very readily and retreated unperceived by the squire in Mistress  fits ooth to the rear of the tent.  Cries of a knotting
npu-t2	1	s61-70968/clean/c20	003.wav	20.00	8.079	15.230	him, unknotting him! Before them fled the stroller and his three sons, capless and terrified.  "What is that tumult and rioting?" cried out the squire authoritatively, and he blew  twice on the silver whistle which hung at his belt.  "Nay, we refuse their request most politely. Most noble," said the little stroller.
npu-t2	1	s61-70968/clean/c20	004.wav	20.00	7.855	14.810	And then they became vexed and would have snatched your purse from us.  I could not see my boy injured excellence for but doing his duty as one of Cumberland's sons.  So I did push this fellow.  "It is enough," said George Gamewell sharply as he turned upon the crowd.  "Shame on you, citizen."
npu-t2	1	s61-70968/clean/c20	005.wav	20.00	8.009	15.090	sins," cried he. "I blush for my fellows of Nottingham. Surely we can submit with good  grace."  "It is fine for you to talk, old man," answered the lean, sullen apprentice. "But I wrestled  with this fellow, and do know that he played unfairly in the second bout," spoke the squire  losing all patience.
npu-t2	1	s61-70968/clean/c20	006.wav	20.00	8.432	15.890	"And it was to you that I gave another person consolation!"  "Come to me, men. Here, here!" he raised his voice still louder.  The strollers took their part in it with hearty zest, now that they had some chance of beating  off their foes.  Robin and the little tumbler between them tried to force the squire to stand back, and  very valiantly did these two comply.
npu-t2	1	s61-70968/clean/c20	007.wav	20.00	8.040	15.170	themselves. The head and chief of the riot, the Nottingham  apprentice, with clenched fists threatened Montfichet. The squire helped to thrust them  all in and entered swiftly himself. "Now, be silent on your lives," he began, but the  captured apprentice set up an instant shout. "Silence, you naïve," cried Montfichet.
npu-t2	1	s61-70968/clean/c20	008.wav	20.00	8.222	15.480	He felt fur and found the wizard's black cloth. The squire was quite out of breath.  Thrusting open the proper entrance of the tent, Robin suddenly rushed forth with his burden,  with a great shout, "A month viché, a month viché! Game well to the rescue!"  Taking advantage of this, the squire's few men redoubled their efforts, and,
npu-t2	1	s61-70968/clean/c20	009.wav	20.00	8.002	15.080	encouraged by Robbins and the little strollers' cries, fought their way to him. George Montfichet  will never forget this day.  "What is your name, Lording?" asked the little stroller presently.  "Robin Fitzsouf. And mine is Will Stutley. Shall we become, Rads?"  "Right, Willing."
npu-t2	1	s61-70968/clean/c20	010.wav	20.00	7.681	14.460	"I like you, Will. You are the second Will that I have met in light within two days. Is  there a sign in that?" Montfichet called out for Robin to give him an arm.  "Friends," said Montfichet faintly to the wrestlers. "Bear us escort so far as the sheriffs
npu-t2	1	s61-70968/clean/c20	011.wav	20.00	8.033	15.130	house. It will not be safe for you to stay here now. Pray follow us, with mine and my  Lord Sheriff's men."  Nottingham Castle was reached, and admittance was demanded. Master Monceau, the Sheriff  of Nottingham, was mightily put about when told of the rioting, and Henry might return  to England at any moment.
npu-t2	1	s61-70968/ssb15/c20	000.wav	20.00	7.763	14.610	He began a confused complaint against the wizard who had vanished behind the curtain on the left.  "If not so, earneth the mind of these mummeries, child, a golden fortune and a happy life."  He was like unto my father, in a way, and yet was not my father.  Also, there was a stripping page,
npu-t2	1	s61-70968/ssb15/c20	001.wav	20.00	7.667	14.470	returned it to her maid. This was so sweet of Lady Sir, and in some manner I do think  she died. But then the picture was gone as quickly as it came. Mr. Nell, do you hear  these marbles? Take your place and let us see what the crystal can show to you. Like  if not young.
npu-t2	1	s61-70968/ssb15/c20	002.wav	20.00	8.467	15.960	Master, though I am an old man.  Force Whist all ran to the opening of the tent to see what might be amiss, but Master  Will, who peaked out first, needed no more than one glance.  He gave way to the others very readily and retreated unperceived by the squire and mistress  Bidsooth to the rear of the tent.  Cry the—I'm not a ghost!
npu-t2	1	s61-70968/ssb15/c20	003.wav	20.00	8.065	15.220	him, unknotting him. Before them fled the stroller and his three sons, capless and terrified.  "What is that tumult and rioting?" cried out the squire authoritatively, and he blew  twice on the silver whistle which hung at his cell. "Nay, we refuse their request most  politely, most noble," said the little stroller.
npu-t2	1	s61-70968/ssb15/c20	004.wav	20.00	7.824	14.750	and then they became vexed and would have snatched your purse from us.  I could not see my boy injured at once,  for by doing the duty of one of Cumberland's sons.  So I did push this fellow.  It is enough that George came well sharply as he turned upon the crowd.  Shame on you citizen!
npu-t2	1	s61-70968/ssb15/c20	005.wav	20.00	7.562	14.260	I blush for my fellows of Nottingham. Surely we can submit with good grace.  It is fine for you to talk, old man, answer the lean fellow in apprentice.  But I wrestled with his fellow and do know that he played unfairly in the second bout.  Spoke the squire losing all patience.
npu-t2	1	s61-70968/ssb15/c20	006.wav	20.00	8.459	15.960	And it was to you that I gave another person consolation.  "Come to me, men. Here, here!" he raised his voice still louder.  The strollers took their part in it with hearty zest, now that they had some chance of beating off their foes.  Robbiting a little tumbler between them, tried to force the squire to stand back,  and very valiantly did these two from the back.
npu-t2	1	s61-70968/ssb15/c20	007.wav	20.00	8.047	15.170	The head and chief of the riots in Ottingham Apprentice, with quench fists, threatened Mont-Pichet.  The squire helped to thrust them all in and entered swiftly himself.  "Now be silent on your lies," he began, but the captured apprentice set up an instant shout.  "Silence, you naïve," cried Mont-Pichet.
npu-t2	1	s61-70968/ssb15/c20	008.wav	20.00	8.253	15.530	He felt for and found the wizard's black claw.  The squire was quite out of breath.  Thrusting opened the proper entrance of the tent.  Robin suddenly rushed forth with his burden with a great shout.  "A must be shea! A must be shea! Game well to the rescue!"  Taking advantage of this, the squire's few men redoubled their efforts and...
npu-t2	1	s61-70968/ssb15/c20	009.wav	20.00	7.780	14.670	encouraged by Robin from the little stroller's drive, fought their way to him. George Montchichet  will never forget this day. "What is your name, Lording?" asked the little stroller presently.  "Robin is a thief, and mine is real stutley. Shall we become rats?"  "Right, Willing."
npu-t2	1	s61-70968/ssb15/c20	010.wav	20.00	7.755	14.620	"I'd like you, Will. You're the second Will that I have met and liked within two days.  Is there a sign in that?"  Monty Shea called out for Robin to give him an arm.  "Bren," said Monty Shea faintly to the rep for, "bear us escort so far as the sheriff's
npu-t2	1	s61-70968/ssb15/c20	011.wav	20.00	7.848	14.830	It will not be safe for you to stay here now.  Pray follow us, with mine and my Lord Sheriff's men.  Nottingham Castle was reached and admittance was demanded.  Master Momso, the Sheriff of Nottingham, was mightily put about when told of the rioting,  and Henry might return to England at any moment.
npu-t2	1	s61-70968/ssb5/c20	000.wav	20.00	6.134	11.580	[  [  ]  [  ]  [  ]  [  ]  [  ]
npu-t2	1	s61-70968/ssb5/c20	001.wav	20.00	8.809	16.460	I'm trying to figure this out. This was so easy. And somehow I do think she died. But then the picture has gone and quickly everything.  And now do you hear these marbles? Take your place and let us hear the cripple's mission. Like if not young.
npu-t2	1	s61-70968/ssb5/c20	002.wav	20.00	7.184	13.580	[  [  ]  [  ]  [  ]  [  ]  [  ]  [  ]  [  ]  [  ]  [  ]  [  ]
npu-t2	1	s61-70968/ssb5/c20	003.wav	20.00	8.316	15.670	We have automatic cameras.  Before them, led the scroller to the ground.  That was a terrifying sight.  We wondered if they'd come at them.  Why, it ain't tried out the fire.  So, we did it.  We tried to find them.  We were free with their request.  Look, the light was so renewable.  That the little scroller...
npu-t2	1	s61-70968/ssb5/c20	004.wav	20.00	7.824	14.740	And then we could play back and would have snatched your person on you.  I could not see my boy injured actually, so the boys were easily able to come to the sun.  So I did push this fellow.  It was a mess.  That George Gaines well sharply turned the problem out.  She monkeying for the sun.
npu-t2	1	s61-70968/ssb5/c20	005.wav	20.00	7.271	13.710	I dush for my fellows of Nottingham. Surely we can submit with good grace.  I bring you to talk, old man.  But I, recklessly, do know that he played unfairly in the second second.  So, this while, I'm using all patience.
npu-t2	1	s61-70968/ssb5/c20	006.wav	20.00	8.134	15.330	And it was seen here that I gave another person consolation.  Company men, here, here!  We raised the voice so louder.  The strollers took their part in the department desk  now that they had some chance of beating off their bones.  Robin and the little tumbler between them  tried to force his wife to turn back.  And very valiantly did the excuse
npu-t2	1	s61-70968/ssb5/c20	007.wav	20.00	7.543	14.240	The head and sheep of the riot may not have ascended, but French stiff threatened Montuchel.  The fire helped to thrust them all in and entered Ciccer's farm.  Now, these pilot on your slide, the captured offenders set up an instant shout.  The pilot used mainly to cry Montuchel.
npu-t2	1	s61-70968/ssb5/c20	008.wav	20.00	6.008	11.370	[  ]  [  ]  [  ]  [  ]  [  ]
npu-t2	1	s61-70968/ssb5/c20	009.wav	20.00	9.214	17.320	First I want to go to school with pride, awful as it is. George Montice will never forget this day.  What is your name, Lordy? Ask the Lord to come.  Welcome to the future.  And mind if you'll step away, so that he can come back.  Right, Lordy.
npu-t2	1	s61-70968/ssb5/c20	010.wav	20.00	8.857	16.690	[Multiple voices]
npu-t2	1	s61-70968/ssb5/c20	011.wav	20.00	8.174	15.420	It would not be safe for you to stay here now.  Great follow-up. With mine and my Lord Sheriff's men.  Not again, Capitol retreat.  No, this is just a matter of time.  Master Monstow, the Sheriff of Nottingham,  was lightly put about when told of the rioting.  And I'm not trying to ignore that any longer.
npu-nt	1	s61-70968/clean/c20	002.wav	20.00	5.259	17.130	Master, though I am an old man. Fourth Whith all ran to the opening of the tent to see what might be amiss; but Master Will, who peeped out first, needed no more than one glance. He gave way to the others very readily, and retreated unperceived by the squire in Mistress Fitzuth to the rear of the tent. Cries of a knotting
npu-nt	1	s61-70968/clean/c20	003.wav	20.00	5.131	16.690	him, unknotting him! Before them fled the stroller and his three sons, capless and terrified. "What is that tumult and rioting?" cried out the squire authoritatively, and he blew twice on the silver whistle which hung at his belt. "Nay, we refuse their request most politely. Most noble," said the little stroller.
npu-nt	1	s61-70968/clean/c20	004.wav	20.00	4.947	16.050	And then they became vexed and would have snatched your purse from us. I could not see my boy injured excellence for but doing his duty as one of Cumberland's sons. So I did push this fellow. "It is enough," said George Gamewell sharply as he turned upon the crowd. "Shame on you, citizen."
npu-nt	1	s61-70968/clean/c20	005.wav	20.00	4.927	15.980	"I blush for my fellows of Nottingham. Surely we can submit with good grace." "It is fine for you to talk, old man," answered the lean, sullen apprentice. "But I wrestled with this fellow, and do know that he played unfairly in the second bout," spoke the squire, losing all patience.
npu-nt	1	s61-70968/clean/c20	006.wav	20.00	5.266	17.150	"And it was to you that I gave another person consolation." "Come to me, men. Here, here!" he raised his voice still louder. The strollers took their part in it with hearty zest, now that they had some chance of beating off their foes. Robin and the little tumbler between them tried to force the squire to stand back, and very valiantly did these two
npu-nt	1	s61-70968/clean/c20	007.wav	20.00	5.134	16.680	themselves. The head and chief of the riot, the Nottingham apprentice, with clenched fists threatened Montfichet. The squire helped to thrust them all in and entered swiftly himself. "Now, be silent on your lives," he began, but the captured apprentice set up an instant shout. "Silence, you naïve," cried Montfichet.
npu-nt	1	s61-70968/clean/c20	008.wav	20.00	5.227	16.960	He felt fur and found the wizard's black cloth. The squire was quite out of breath. Thrusting open the proper entrance of the tent, Robin suddenly rushed forth with his burden with a great shout, "A month viché, a month viché! Game well to the rescue!" Taking advantage of this, the squire's few men redoubled their efforts, and,
npu-nt	1	s61-70968/clean/c20	009.wav	20.00	4.899	15.880	encouraged by Robbins and the little strollers' cries, fought their way to him. George Montfichet will never forget this day. "What is your name, Lording?" asked the little stroller presently. "Robin Fitzsouf. And mine is Will Stutley. Shall we become, Rads?"
npu-nt	1	s61-70968/clean/c20	010.wav	20.00	5.007	16.240	"I like you, Will. You are the second Will that I have met in light within two days. Is there a sign in that?" Montfichet called out for Robin to give him an arm. "Friends," said Montfichet faintly to the wrestlers. "Bear us escort so far as the sheriffs have to."
npu-nt	1	s61-70968/clean/c20	011.wav	20.00	5.067	16.430	house. It will not be safe for you to stay here now. Pray follow us, with mine and my Lord Sheriff's men." Nottingham Castle was reached, and admittance was demanded. Master Monceau, the Sheriff of Nottingham, was mightily put about when told of the rioting, and Henry might return to England at any moment.
npu-nt	1	s61-70968/ssb15/c20	000.wav	20.00	4.939	15.970	He began a confused complaint against the wizard who had vanished behind the curtain on the left. "If not so, earneth the mind of these mummeries, child, a golden fortune and a happy life." He was like unto my father, in a way, and yet was not my father. Also, there was a stripping page,
npu-nt	1	s61-70968/ssb15/c20	001.wav	20.00	4.868	15.780	returned it to her maid. This was so sweet of Lady Sir, and in some manner I do think she died. But then the picture was gone as quickly as it came. Mr. Nell, do you hear these marbles? Take your place and let us see what the crystal can show to you. Like if not young.
npu-nt	1	s61-70968/ssb15/c20	002.wav	20.00	5.162	16.800	"I am an old man." Force Whist all ran to the opening of the tent to see what might be amiss, but Master Will, who peaked out first, needed no more than one glance. He gave way to the others very readily and retreated unperceived by the squire and mistress Bidsooth to the rear of the tent. "I'm not
npu-nt	1	s61-70968/ssb15/c20	003.wav	20.00	5.165	16.770	him, unknotting him. Before them fled the stroller and his three sons, capless and terrified. "What is that tumult and rioting?" cried out the squire authoritatively, and he blew twice on the sower whistle which hung at his cell. "Nay, we refuse their request most politely, most noble," said the little stroller.
npu-nt	1	s61-70968/ssb15/c20	004.wav	20.00	4.878	15.800	and then they became vexed and would have snatched your purse from us. I could not see my boy injured at once, for by doing the duty of one of Cumberland's sons. So I did push this fellow. It is enough that George came well sharply as he turned upon the crowd. Shame on you citizen!
npu-nt	1	s61-70968/ssb15/c20	005.wav	20.00	4.853	15.720	I blush for my fellows of Nottingham. Surely we can submit with good grace. It is fine for you to talk, old man," answered the lean fellow in apprentice, "but I wrestled with his fellow and do know that he played unfairly in the second bout." Spoke the squire, losing all patience.
npu-nt	1	s61-70968/ssb15/c20	006.wav	20.00	5.374	17.500	"And it was to you that I gave another person consolation. Come to me, men. Here, here!" He raised his voice still louder. The strollers took their part in it with hearty zest, now that they had some chance of beating off their foes. Robbidon, a little tumbler between them, tried to force the squire to stand back, and very valiantly did these two from
npu-nt	1	s61-70968/ssb15/c20	007.wav	20.00	5.081	16.510	The head and chief of the riots in Ottingham Apprentice, with quench fists, threatened Montpichet. His squire helped to thrust them all in and entered swiftly himself. "Now be silent on your lies," he began, but the captured apprentice set up an instant shout. "Silence, you naïve," cried Montpichet.
npu-nt	1	s61-70968/ssb15/c20	008.wav	20.00	5.180	16.860	He felt for and found the wizard's black claw. The squire was quite out of breath. Thrusting open the proper entrance of the tent, Robin suddenly rushed forth with his burden with a great shout. "A must be shea! A must be shea! Game well to the rescue!" Taking advantage of this, the squire's few men redoubled their efforts and,
npu-nt	1	s61-70968/ssb15/c20	009.wav	20.00	4.893	15.870	encouraged by Robin from the little stroller's drive, fought their way to him. George Montice will never forget this day. "What is your name, Lording?" asked the little stroller presently. "Robin is a thief, and mine is Will Stutley. Shall we become rats?" "Right, Willing."
npu-nt	1	s61-70968/ssb15/c20	010.wav	20.00	5.008	16.260	"I'd like you, Will. You're the second Will that I have met and liked within two days. Is there a sign in that?" Montchichet called out for Robin to give him an arm. "Bren," said Montchichet faintly to the rep for, "bear us escort so far as the sheriff's house is."
npu-nt	1	s61-70968/ssb15/c20	011.wav	20.00	4.952	16.060	It will not be safe for you to stay here now. Pray follow us, with mine and my Lord Sheriff's men." Nottingham Castle was reached and admittance was demanded. Master Momso, the Sheriff of Nottingham, was mightily put about when told of the rioting, and Henry might return to England at any moment.
npu-nt	1	s61-70968/ssb5/c20	000.wav	20.00	3.544	11.030	[Pause]
npu-nt	1	s61-70968/ssb5/c20	001.wav	20.00	5.068	16.400	What kind of tribute is this? This was so beautiful. And in some manner I do think she died. But then the picture was gone and quickly everything. And now do you hear these marbles? Take your place and let us hear the tribute. You like to be not young.
npu-nt	1	s61-70968/ssb5/c20	002.wav	20.00	4.022	12.810	I'm not
npu-nt	1	s61-70968/ssb5/c20	003.wav	20.00	5.246	17.060	We have automatic cameras. Before them, led the scroller to the ground. That was a terrifying sight. We wondered if they'd come at them rioting, cried out the fire, and so we waited for them to leave. We'd fight on the silver lip of the tunnel itself. Today, we were free with their request. Look, the light was so renewable, said the little scroller.
npu-nt	1	s61-70968/ssb5/c20	004.wav	20.00	4.870	15.780	And then we could play back and would have snatched your person on you. I could not see my boy injured actually. So the boys were easily able to come to their son. So I did push this fellow. It was a mess. That George came well sharply and he turned the problem out. She mon-used the decision.
npu-nt	1	s61-70968/ssb5/c20	005.wav	20.00	4.554	14.630	I dush for my fellows of Nottingham. Surely we can submit with good grace. I bring you to talk, old man. But I, recklessly, I do know that he played unfairly in the second second. He wrote this while amusing all patients.
npu-nt	1	s61-70968/ssb5/c20	006.wav	20.00	5.142	16.520	And it was seen you that I gave another person consolation to. Company men, here, here, we raise this voice so louder. The strollers took their part in this department that now they have some chance of beating off their bones. Robin and the little tumbler between them tried to force this while he ran back. And very valiantly did the excuse of me.
npu-nt	1	s61-70968/ssb5/c20	007.wav	20.00	4.846	15.700	The head and she for the life of the Ottingham Center is plenty to threaten most of the show. The wire helps to thrust them all in and enters the system. Now, these pilot on your slide, the captured center, set up an instant shell. The pilot, you may be surprised, won't you, Sharon?
npu-nt	1	s61-70968/ssb5/c20	008.wav	20.00	5.079	16.530	The fire is burning down with his black cloth, his quiet, quiet, and proud. Thrusting open the proper entrance into the night, Robin suddenly rushed forth with his burden with his great shout, "A month be shamed, a month be shamed, he will to the rescue!" Taking advantage of this, the fire seemed then redoubled their efforts, and
npu-nt	1	s61-70968/ssb5/c20	009.wav	20.00	3.907	12.410	George Montice will never forget this day. What is your name, Lordy? Ask the Lord his name. And mind is real, sir.
npu-nt	1	s61-70968/ssb5/c20	010.wav	20.00	5.541	17.990	I would like to build it. You are the second wheel that I have met and liked it so much. But they'll find a man. Mochise called out to Robin to give him an arm. He said Mochise faintly interrupted. There I've had court so far as I sure have.
npu-nt	1	s61-70968/ssb5/c20	011.wav	20.00	4.851	15.710	It would not be safe for you to stay here now. Great follow-up. With mine and my Lord Sheriff's men. Not again, Capitol retreat. Master Moncels, the Sheriff of Nottingham, is likely put about when told of the rioting. And I'm not sure if it was in any form.
npu-nf	1	s61-70968/clean/c20	002.wav	20.00	16.631	55.590	Master, though I am an old man. Fourth Whith all ran to the opening of the tent to see  what might be amiss, but Master Will, who peeped out first, needed no more than one glance.  He gave way to the others very readily and retreated unperceived by the squire in Mistress  fits ooth to the rear of the tent.  Cries of a knotting
npu-nf	1	s61-70968/clean/c20	003.wav	20.00	5.308	17.380	him, unknotting him! Before them fled the stroller and his three sons, capless and terrified.  "What is that tumult and rioting?" cried out the squire authoritatively, and he blew  twice on the silver whistle which hung at his belt.  "Nay, we refuse their request most politely. Most noble," said the little stroller.
npu-nf	1	s61-70968/clean/c20	004.wav	20.00	5.160	16.850	And then they became vexed and would have snatched your purse from us.  I could not see my boy injured excellence for but doing his duty as one of Cumberland's sons.  So I did push this fellow.  "It is enough," said George Gamewell sharply as he turned upon the crowd.  "Shame on you, citizen."
npu-nf	1	s61-70968/clean/c20	005.wav	20.00	5.265	17.210	sins," cried he. "I blush for my fellows of Nottingham. Surely we can submit with good  grace."  "It is fine for you to talk, old man," answered the lean, sullen apprentice. "But I wrestled  with this fellow, and do know that he played unfairly in the second bout," spoke the squire  losing all patience.
npu-nf	1	s61-70968/clean/c20	006.wav	20.00	5.576	18.290	"And it was to you that I gave another person consolation!"  "Come to me, men. Here, here!" he raised his voice still louder.  The strollers took their part in it with hearty zest, now that they had some chance of beating  off their foes.  Robin and the little tumbler between them tried to force the squire to stand back, and  very valiantly did these two comply.
npu-nf	1	s61-70968/clean/c20	007.wav	20.00	5.291	17.260	themselves. The head and chief of the riot, the Nottingham  apprentice, with clenched fists threatened Montfichet. The squire helped to thrust them  all in and entered swiftly himself. "Now, be silent on your lives," he began, but the  captured apprentice set up an instant shout. "Silence, you naïve," cried Montfichet.
npu-nf	1	s61-70968/clean/c20	008.wav	20.00	5.418	17.720	He felt fur and found the wizard's black cloth. The squire was quite out of breath.  Thrusting open the proper entrance of the tent, Robin suddenly rushed forth with his burden,  with a great shout, "A month viché, a month viché! Game well to the rescue!"  Taking advantage of this, the squire's few men redoubled their efforts, and,
npu-nf	1	s61-70968/clean/c20	009.wav	20.00	5.323	17.200	encouraged by Robbins and the little strollers' cries, fought their way to him. George Montfichet  will never forget this day.  "What is your name, Lording?" asked the little stroller presently.  "Robin Fitzsouf. And mine is Will Stutley. Shall we become, Rads?"  "Right, Willing."
npu-nf	1	s61-70968/clean/c20	010.wav	20.00	5.043	16.400	"I like you, Will. You are the second Will that I have met in light within two days. Is  there a sign in that?" Montfichet called out for Robin to give him an arm.  "Friends," said Montfichet faintly to the wrestlers. "Bear us escort so far as the sheriffs
npu-nf	1	s61-70968/clean/c20	011.wav	20.00	5.290	17.300	house. It will not be safe for you to stay here now. Pray follow us, with mine and my  Lord Sheriff's men."  Nottingham Castle was reached, and admittance was demanded. Master Monceau, the Sheriff  of Nottingham, was mightily put about when told of the rioting, and Henry might return  to England at any moment.
npu-nf	1	s61-70968/ssb15/c20	000.wav	20.00	5.092	16.550	He began a confused complaint against the wizard who had vanished behind the curtain on the left.  "If not so, earneth the mind of these mummeries, child, a golden fortune and a happy life."  He was like unto my father, in a way, and yet was not my father.  Also, there was a stripping page,
npu-nf	1	s61-70968/ssb15/c20	001.wav	20.00	5.035	16.410	returned it to her maid. This was so sweet of Lady Sir, and in some manner I do think  she died. But then the picture was gone as quickly as it came. Mr. Nell, do you hear  these marbles? Take your place and let us see what the crystal can show to you. Like  if not young.
npu-nf	1	s61-70968/ssb15/c20	002.wav	20.00	5.599	18.380	Master, though I am an old man.  Force Whist all ran to the opening of the tent to see what might be amiss, but Master  Will, who peaked out first, needed no more than one glance.  He gave way to the others very readily and retreated unperceived by the squire and mistress  Bidsooth to the rear of the tent.  Cry the—I'm not a ghost!
npu-nf	1	s61-70968/ssb15/c20	003.wav	20.00	5.311	17.370	him, unknotting him. Before them fled the stroller and his three sons, capless and terrified.  "What is that tumult and rioting?" cried out the squire authoritatively, and he blew  twice on the silver whistle which hung at his cell. "Nay, we refuse their request most  politely, most noble," said the little stroller.
npu-nf	1	s61-70968/ssb15/c20	004.wav	20.00	5.142	16.750	and then they became vexed and would have snatched your purse from us.  I could not see my boy injured at once,  for by doing the duty of one of Cumberland's sons.  So I did push this fellow.  It is enough that George came well sharply as he turned upon the crowd.  Shame on you citizen!
npu-nf	1	s61-70968/ssb15/c20	005.wav	20.00	4.955	16.140	I blush for my fellows of Nottingham. Surely we can submit with good grace.  It is fine for you to talk, old man, answer the lean fellow in apprentice.  But I wrestled with his fellow and do know that he played unfairly in the second bout.  Spoke the squire losing all patience.
npu-nf	1	s61-70968/ssb15/c20	006.wav	20.00	5.600	18.370	And it was to you that I gave another person consolation.  "Come to me, men. Here, here!" he raised his voice still louder.  The strollers took their part in it with hearty zest, now that they had some chance of beating off their foes.  Robbiting a little tumbler between them, tried to force the squire to stand back,  and very valiantly did these two from the back.
npu-nf	1	s61-70968/ssb15/c20	007.wav	20.00	5.292	17.290	The head and chief of the riots in Ottingham Apprentice, with quench fists, threatened Mont-Pichet.  The squire helped to thrust them all in and entered swiftly himself.  "Now be silent on your lies," he began, but the captured apprentice set up an instant shout.  "Silence, you naïve," cried Mont-Pichet.
npu-nf	1	s61-70968/ssb15/c20	008.wav	20.00	5.489	17.840	He felt for and found the wizard's black claw.  The squire was quite out of breath.  Thrusting opened the proper entrance of the tent.  Robin suddenly rushed forth with his burden with a great shout.  "A must be shea! A must be shea! Game well to the rescue!"  Taking advantage of this, the squire's few men redoubled their efforts and...
npu-nf	1	s61-70968/ssb15/c20	009.wav	20.00	5.107	16.660	encouraged by Robin from the little stroller's drive, fought their way to him. George Montchichet  will never forget this day. "What is your name, Lording?" asked the little stroller presently.  "Robin is a thief, and mine is real stutley. Shall we become rats?"  "Right, Willing."
npu-nf	1	s61-70968/ssb15/c20	010.wav	20.00	5.084	16.540	"I'd like you, Will. You're the second Will that I have met and liked within two days.  Is there a sign in that?"  Monty Shea called out for Robin to give him an arm.  "Bren," said Monty Shea faintly to the rep for, "bear us escort so far as the sheriff's
npu-nf	1	s61-70968/ssb15/c20	011.wav	20.00	5.169	16.850	It will not be safe for you to stay here now.  Pray follow us, with mine and my Lord Sheriff's men.  Nottingham Castle was reached and admittance was demanded.  Master Momso, the Sheriff of Nottingham, was mightily put about when told of the rioting,  and Henry might return to England at any moment.
npu-nf	1	s61-70968/ssb5/c20	000.wav	20.00	3.981	12.520	[  [  ]  [  ]  [  ]  [  ]  [  ]
npu-nf	1	s61-70968/ssb5/c20	001.wav	20.00	5.593	18.280	I'm trying to figure this out. This was so easy. And somehow I do think she died. But then the picture has gone and quickly everything.  And now do you hear these marbles? Take your place and let us hear the cripple's mission. Like if not young.
npu-nf	1	s61-70968/ssb5/c20	002.wav	20.00	4.683	15.200	[  [  ]  [  ]  [  ]  [  ]  [  ]  [  ]  [  ]  [  ]  [  ]  [  ]
npu-nf	1	s61-70968/ssb5/c20	003.wav	20.00	5.493	18.000	We have automatic cameras.  Before them, led the scroller to the ground.  That was a terrifying sight.  We wondered if they'd come at them.  Why, it ain't tried out the fire.  So, we did it.  We tried to find them.  We were free with their request.  Look, the light was so renewable.  That the little scroller...
npu-nf	1	s61-70968/ssb5/c20	004.wav	20.00	5.141	16.730	And then we could play back and would have snatched your person on you.  I could not see my boy injured actually, so the boys were easily able to come to the sun.  So I did push this fellow.  It was a mess.  That George Gaines well sharply turned the problem out.  She monkeying for the sun.
npu-nf	1	s61-70968/ssb5/c20	005.wav	20.00	4.748	15.390	I dush for my fellows of Nottingham. Surely we can submit with good grace.  I bring you to talk, old man.  But I, recklessly, do know that he played unfairly in the second second.  So, this while, I'm using all patience.
npu-nf	1	s61-70968/ssb5/c20	006.wav	20.00	5.361	17.530	And it was seen here that I gave another person consolation.  Company men, here, here!  We raised the voice so louder.  The strollers took their part in the department desk  now that they had some chance of beating off their bones.  Robin and the little tumbler between them  tried to force his wife to turn back.  And very valiantly did the excuse
npu-nf	1	s61-70968/ssb5/c20	007.wav	20.00	4.944	16.100	The head and sheep of the riot may not have ascended, but French stiff threatened Montuchel.  The fire helped to thrust them all in and entered Ciccer's farm.  Now, these pilot on your slide, the captured offenders set up an instant shout.  The pilot used mainly to cry Montuchel.
npu-nf	1	s61-70968/ssb5/c20	008.wav	20.00	3.883	12.250	[  ]  [  ]  [  ]  [  ]  [  ]
npu-nf	1	s61-70968/ssb5/c20	009.wav	20.00	6.099	20.040	First I want to go to school with pride, awful as it is. George Montice will never forget this day.  What is your name, Lordy? Ask the Lord to come.  Welcome to the future.  And mind if you'll step away, so that he can come back.  Right, Lordy.
npu-nf	1	s61-70968/ssb5/c20	010.wav	20.00	5.959	19.470	[Multiple voices]
npu-nf	1	s61-70968/ssb5/c20	011.wav	20.00	5.443	17.640	It would not be safe for you to stay here now.  Great follow-up. With mine and my Lord Sheriff's men.  Not again, Capitol retreat.  No, this is just a matter of time.  Master Monstow, the Sheriff of Nottingham,  was lightly put about when told of the rioting.  And I'm not trying to ignore that any longer.
npu-unpinned	1	s61-70968/clean/c20	002.wav	20.00	18.087	57.060	Master, though I am an old man. Fourth Whith all ran to the opening of the tent to see  what might be amiss, but Master Will, who peeped out first, needed no more than one glance.  He gave way to the others very readily and retreated unperceived by the squire in Mistress  fits ooth to the rear of the tent.  Cries of a knotting
npu-unpinned	1	s61-70968/clean/c20	003.wav	20.00	5.714	17.820	him, unknotting him! Before them fled the stroller and his three sons, capless and terrified.  "What is that tumult and rioting?" cried out the squire authoritatively, and he blew  twice on the silver whistle which hung at his belt.  "Nay, we refuse their request most politely. Most noble," said the little stroller.
npu-unpinned	1	s61-70968/clean/c20	004.wav	20.00	5.588	17.320	And then they became vexed and would have snatched your purse from us.  I could not see my boy injured excellence for but doing his duty as one of Cumberland's sons.  So I did push this fellow.  "It is enough," said George Gamewell sharply as he turned upon the crowd.  "Shame on you, citizen."
npu-unpinned	1	s61-70968/clean/c20	005.wav	20.00	5.655	17.620	sins," cried he. "I blush for my fellows of Nottingham. Surely we can submit with good  grace."  "It is fine for you to talk, old man," answered the lean, sullen apprentice. "But I wrestled  with this fellow, and do know that he played unfairly in the second bout," spoke the squire  losing all patience.
npu-unpinned	1	s61-70968/clean/c20	006.wav	20.00	5.994	18.750	"And it was to you that I gave another person consolation!"  "Come to me, men. Here, here!" he raised his voice still louder.  The strollers took their part in it with hearty zest, now that they had some chance of beating  off their foes.  Robin and the little tumbler between them tried to force the squire to stand back, and  very valiantly did these two comply.
npu-unpinned	1	s61-70968/clean/c20	007.wav	20.00	5.504	17.620	themselves. The head and chief of the riot, the Nottingham  apprentice, with clenched fists threatened Montfichet. The squire helped to thrust them  all in and entered swiftly himself. "Now, be silent on your lives," he began, but the  captured apprentice set up an instant shout. "Silence, you naïve," cried Montfichet.
npu-unpinned	1	s61-70968/clean/c20	008.wav	20.00	5.851	18.130	He felt fur and found the wizard's black cloth. The squire was quite out of breath.  Thrusting open the proper entrance of the tent, Robin suddenly rushed forth with his burden,  with a great shout, "A month viché, a month viché! Game well to the rescue!"  Taking advantage of this, the squire's few men redoubled their efforts, and,
npu-unpinned	1	s61-70968/clean/c20	009.wav	20.00	5.577	17.490	encouraged by Robbins and the little strollers' cries, fought their way to him. George Montfichet  will never forget this day.  "What is your name, Lording?" asked the little stroller presently.  "Robin Fitzsouf. And mine is Will Stutley. Shall we become, Rads?"  "Right, Willing."
npu-unpinned	1	s61-70968/clean/c20	010.wav	20.00	5.376	16.810	"I like you, Will. You are the second Will that I have met in light within two days. Is  there a sign in that?" Montfichet called out for Robin to give him an arm.  "Friends," said Montfichet faintly to the wrestlers. "Bear us escort so far as the sheriffs
npu-unpinned	1	s61-70968/clean/c20	011.wav	20.00	5.654	17.690	house. It will not be safe for you to stay here now. Pray follow us, with mine and my  Lord Sheriff's men."  Nottingham Castle was reached, and admittance was demanded. Master Monceau, the Sheriff  of Nottingham, was mightily put about when told of the rioting, and Henry might return  to England at any moment.
npu-unpinned	1	s61-70968/ssb15/c20	000.wav	20.00	5.459	17.000	He began a confused complaint against the wizard who had vanished behind the curtain on the left.  "If not so, earneth the mind of these mummeries, child, a golden fortune and a happy life."  He was like unto my father, in a way, and yet was not my father.  Also, there was a stripping page,
npu-unpinned	1	s61-70968/ssb15/c20	001.wav	20.00	5.397	16.790	returned it to her maid. This was so sweet of Lady Sir, and in some manner I do think  she died. But then the picture was gone as quickly as it came. Mr. Nell, do you hear  these marbles? Take your place and let us see what the crystal can show to you. Like  if not young.
npu-unpinned	1	s61-70968/ssb15/c20	002.wav	20.00	5.966	18.700	Master, though I am an old man.  Force Whist all ran to the opening of the tent to see what might be amiss, but Master  Will, who peaked out first, needed no more than one glance.  He gave way to the others very readily and retreated unperceived by the squire and mistress  Bidsooth to the rear of the tent.  Cry the—I'm not a ghost!
npu-unpinned	1	s61-70968/ssb15/c20	003.wav	20.00	5.771	17.860	him, unknotting him. Before them fled the stroller and his three sons, capless and terrified.  "What is that tumult and rioting?" cried out the squire authoritatively, and he blew  twice on the silver whistle which hung at his cell. "Nay, we refuse their request most  politely, most noble," said the little stroller.
npu-unpinned	1	s61-70968/ssb15/c20	004.wav	20.00	5.494	17.090	and then they became vexed and would have snatched your purse from us.  I could not see my boy injured at once,  for by doing the duty of one of Cumberland's sons.  So I did push this fellow.  It is enough that George came well sharply as he turned upon the crowd.  Shame on you citizen!
npu-unpinned	1	s61-70968/ssb15/c20	005.wav	20.00	5.392	16.650	I blush for my fellows of Nottingham. Surely we can submit with good grace.  It is fine for you to talk, old man, answer the lean fellow in apprentice.  But I wrestled with his fellow and do know that he played unfairly in the second bout.  Spoke the squire losing all patience.
npu-unpinned	1	s61-70968/ssb15/c20	006.wav	20.00	5.988	18.740	And it was to you that I gave another person consolation.  "Come to me, men. Here, here!" he raised his voice still louder.  The strollers took their part in it with hearty zest, now that they had some chance of beating off their foes.  Robbiting a little tumbler between them, tried to force the squire to stand back,  and very valiantly did these two from the back.
npu-unpinned	1	s61-70968/ssb15/c20	007.wav	20.00	5.653	17.640	The head and chief of the riots in Ottingham Apprentice, with quench fists, threatened Mont-Pichet.  The squire helped to thrust them all in and entered swiftly himself.  "Now be silent on your lies," he began, but the captured apprentice set up an instant shout.  "Silence, you naïve," cried Mont-Pichet.
npu-unpinned	1	s61-70968/ssb15/c20	008.wav	20.00	5.842	18.240	He felt for and found the wizard's black claw.  The squire was quite out of breath.  Thrusting opened the proper entrance of the tent.  Robin suddenly rushed forth with his burden with a great shout.  "A must be shea! A must be shea! Game well to the rescue!"  Taking advantage of this, the squire's few men redoubled their efforts and...
npu-unpinned	1	s61-70968/ssb15/c20	009.wav	20.00	5.417	16.990	encouraged by Robin from the little stroller's drive, fought their way to him. George Montchichet  will never forget this day. "What is your name, Lording?" asked the little stroller presently.  "Robin is a thief, and mine is real stutley. Shall we become rats?"  "Right, Willing."
npu-unpinned	1	s61-70968/ssb15/c20	010.wav	20.00	5.339	16.850	"I'd like you, Will. You're the second Will that I have met and liked within two days.  Is there a sign in that?"  Monty Shea called out for Robin to give him an arm.  "Bren," said Monty Shea faintly to the rep for, "bear us escort so far as the sheriff's
npu-unpinned	1	s61-70968/ssb15/c20	011.wav	20.00	5.489	17.150	It will not be safe for you to stay here now.  Pray follow us, with mine and my Lord Sheriff's men.  Nottingham Castle was reached and admittance was demanded.  Master Momso, the Sheriff of Nottingham, was mightily put about when told of the rioting,  and Henry might return to England at any moment.
npu-unpinned	1	s61-70968/ssb5/c20	000.wav	20.00	4.131	12.800	[  [  ]  [  ]  [  ]  [  ]  [  ]
npu-unpinned	1	s61-70968/ssb5/c20	001.wav	20.00	5.948	18.830	I'm trying to figure this out. This was so easy. And somehow I do think she died. But then the picture has gone and quickly everything.  And now do you hear these marbles? Take your place and let us hear the cripple's mission. Like if not young.
npu-unpinned	1	s61-70968/ssb5/c20	002.wav	20.00	4.977	15.520	[  [  ]  [  ]  [  ]  [  ]  [  ]  [  ]  [  ]  [  ]  [  ]  [  ]
npu-unpinned	1	s61-70968/ssb5/c20	003.wav	20.00	5.823	18.500	We have automatic cameras.  Before them, led the scroller to the ground.  That was a terrifying sight.  We wondered if they'd come at them.  Why, it ain't tried out the fire.  So, we did it.  We tried to find them.  We were free with their request.  Look, the light was so renewable.  That the little scroller...
npu-unpinned	1	s61-70968/ssb5/c20	004.wav	20.00	5.515	17.150	And then we could play back and would have snatched your person on you.  I could not see my boy injured actually, so the boys were easily able to come to the sun.  So I did push this fellow.  It was a mess.  That George Gaines well sharply turned the problem out.  She monkeying for the sun.
npu-unpinned	1	s61-70968/ssb5/c20	005.wav	20.00	5.052	15.720	I dush for my fellows of Nottingham. Surely we can submit with good grace.  I bring you to talk, old man.  But I, recklessly, do know that he played unfairly in the second second.  So, this while, I'm using all patience.
npu-unpinned	1	s61-70968/ssb5/c20	006.wav	20.00	5.645	17.860	And it was seen here that I gave another person consolation.  Company men, here, here!  We raised the voice so louder.  The strollers took their part in the department desk  now that they had some chance of beating off their bones.  Robin and the little tumbler between them  tried to force his wife to turn back.  And very valiantly did the excuse
npu-unpinned	1	s61-70968/ssb5/c20	007.wav	20.00	5.328	16.530	The head and sheep of the riot may not have ascended, but French stiff threatened Montuchel.  The fire helped to thrust them all in and entered Ciccer's farm.  Now, these pilot on your slide, the captured offenders set up an instant shout.  The pilot used mainly to cry Montuchel.
npu-unpinned	1	s61-70968/ssb5/c20	008.wav	20.00	4.074	12.620	[  ]  [  ]  [  ]  [  ]  [  ]
npu-unpinned	1	s61-70968/ssb5/c20	009.wav	20.00	6.554	20.480	First I want to go to school with pride, awful as it is. George Montice will never forget this day.  What is your name, Lordy? Ask the Lord to come.  Welcome to the future.  And mind if you'll step away, so that he can come back.  Right, Lordy.
npu-unpinned	1	s61-70968/ssb5/c20	010.wav	20.00	6.299	19.850	[Multiple voices]
npu-unpinned	1	s61-70968/ssb5/c20	011.wav	20.00	5.824	18.090	It would not be safe for you to stay here now.  Great follow-up. With mine and my Lord Sheriff's men.  Not again, Capitol retreat.  No, this is just a matter of time.  Master Monstow, the Sheriff of Nottingham,  was lightly put about when told of the rioting.  And I'm not trying to ignore that any longer.
npu-unpinned	2	s61-70968/clean/c20	002.wav	20.00	18.185	57.160	Master, though I am an old man. Fourth Whith all ran to the opening of the tent to see  what might be amiss, but Master Will, who peeped out first, needed no more than one glance.  He gave way to the others very readily and retreated unperceived by the squire in Mistress  fits ooth to the rear of the tent.  Cries of a knotting
npu-unpinned	2	s61-70968/clean/c20	003.wav	20.00	5.718	17.820	him, unknotting him! Before them fled the stroller and his three sons, capless and terrified.  "What is that tumult and rioting?" cried out the squire authoritatively, and he blew  twice on the silver whistle which hung at his belt.  "Nay, we refuse their request most politely. Most noble," said the little stroller.
npu-unpinned	2	s61-70968/clean/c20	004.wav	20.00	5.610	17.390	And then they became vexed and would have snatched your purse from us.  I could not see my boy injured excellence for but doing his duty as one of Cumberland's sons.  So I did push this fellow.  "It is enough," said George Gamewell sharply as he turned upon the crowd.  "Shame on you, citizen."
npu-unpinned	2	s61-70968/clean/c20	005.wav	20.00	5.627	17.600	sins," cried he. "I blush for my fellows of Nottingham. Surely we can submit with good  grace."  "It is fine for you to talk, old man," answered the lean, sullen apprentice. "But I wrestled  with this fellow, and do know that he played unfairly in the second bout," spoke the squire  losing all patience.
npu-unpinned	2	s61-70968/clean/c20	006.wav	20.00	6.023	18.730	"And it was to you that I gave another person consolation!"  "Come to me, men. Here, here!" he raised his voice still louder.  The strollers took their part in it with hearty zest, now that they had some chance of beating  off their foes.  Robin and the little tumbler between them tried to force the squire to stand back, and  very valiantly did these two comply.
npu-unpinned	2	s61-70968/clean/c20	007.wav	20.00	5.759	17.830	themselves. The head and chief of the riot, the Nottingham  apprentice, with clenched fists threatened Montfichet. The squire helped to thrust them  all in and entered swiftly himself. "Now, be silent on your lives," he began, but the  captured apprentice set up an instant shout. "Silence, you naïve," cried Montfichet.
npu-unpinned	2	s61-70968/clean/c20	008.wav	20.00	5.873	18.250	He felt fur and found the wizard's black cloth. The squire was quite out of breath.  Thrusting open the proper entrance of the tent, Robin suddenly rushed forth with his burden,  with a great shout, "A month viché, a month viché! Game well to the rescue!"  Taking advantage of this, the squire's few men redoubled their efforts, and,
npu-unpinned	2	s61-70968/clean/c20	009.wav	20.00	5.636	17.630	encouraged by Robbins and the little strollers' cries, fought their way to him. George Montfichet  will never forget this day.  "What is your name, Lording?" asked the little stroller presently.  "Robin Fitzsouf. And mine is Will Stutley. Shall we become, Rads?"  "Right, Willing."
npu-unpinned	2	s61-70968/clean/c20	010.wav	20.00	5.425	16.780	"I like you, Will. You are the second Will that I have met in light within two days. Is  there a sign in that?" Montfichet called out for Robin to give him an arm.  "Friends," said Montfichet faintly to the wrestlers. "Bear us escort so far as the sheriffs
npu-unpinned	2	s61-70968/clean/c20	011.wav	20.00	5.681	17.680	house. It will not be safe for you to stay here now. Pray follow us, with mine and my  Lord Sheriff's men."  Nottingham Castle was reached, and admittance was demanded. Master Monceau, the Sheriff  of Nottingham, was mightily put about when told of the rioting, and Henry might return  to England at any moment.
npu-unpinned	2	s61-70968/ssb15/c20	000.wav	20.00	5.461	16.960	He began a confused complaint against the wizard who had vanished behind the curtain on the left.  "If not so, earneth the mind of these mummeries, child, a golden fortune and a happy life."  He was like unto my father, in a way, and yet was not my father.  Also, there was a stripping page,
npu-unpinned	2	s61-70968/ssb15/c20	001.wav	20.00	5.420	16.780	returned it to her maid. This was so sweet of Lady Sir, and in some manner I do think  she died. But then the picture was gone as quickly as it came. Mr. Nell, do you hear  these marbles? Take your place and let us see what the crystal can show to you. Like  if not young.
npu-unpinned	2	s61-70968/ssb15/c20	002.wav	20.00	5.929	18.680	Master, though I am an old man.  Force Whist all ran to the opening of the tent to see what might be amiss, but Master  Will, who peaked out first, needed no more than one glance.  He gave way to the others very readily and retreated unperceived by the squire and mistress  Bidsooth to the rear of the tent.  Cry the—I'm not a ghost!
npu-unpinned	2	s61-70968/ssb15/c20	003.wav	20.00	5.648	17.780	him, unknotting him. Before them fled the stroller and his three sons, capless and terrified.  "What is that tumult and rioting?" cried out the squire authoritatively, and he blew  twice on the silver whistle which hung at his cell. "Nay, we refuse their request most  politely, most noble," said the little stroller.
npu-unpinned	2	s61-70968/ssb15/c20	004.wav	20.00	5.548	17.230	and then they became vexed and would have snatched your purse from us.  I could not see my boy injured at once,  for by doing the duty of one of Cumberland's sons.  So I did push this fellow.  It is enough that George came well sharply as he turned upon the crowd.  Shame on you citizen!
npu-unpinned	2	s61-70968/ssb15/c20	005.wav	20.00	5.275	16.430	I blush for my fellows of Nottingham. Surely we can submit with good grace.  It is fine for you to talk, old man, answer the lean fellow in apprentice.  But I wrestled with his fellow and do know that he played unfairly in the second bout.  Spoke the squire losing all patience.
npu-unpinned	2	s61-70968/ssb15/c20	006.wav	20.00	6.007	18.780	And it was to you that I gave another person consolation.  "Come to me, men. Here, here!" he raised his voice still louder.  The strollers took their part in it with hearty zest, now that they had some chance of beating off their foes.  Robbiting a little tumbler between them, tried to force the squire to stand back,  and very valiantly did these two from the back.
npu-unpinned	2	s61-70968/ssb15/c20	007.wav	20.00	5.659	17.670	The head and chief of the riots in Ottingham Apprentice, with quench fists, threatened Mont-Pichet.  The squire helped to thrust them all in and entered swiftly himself.  "Now be silent on your lies," he began, but the captured apprentice set up an instant shout.  "Silence, you naïve," cried Mont-Pichet.
npu-unpinned	2	s61-70968/ssb15/c20	008.wav	20.00	5.859	18.230	He felt for and found the wizard's black claw.  The squire was quite out of breath.  Thrusting opened the proper entrance of the tent.  Robin suddenly rushed forth with his burden with a great shout.  "A must be shea! A must be shea! Game well to the rescue!"  Taking advantage of this, the squire's few men redoubled their efforts and...
npu-unpinned	2	s61-70968/ssb15/c20	009.wav	20.00	5.521	17.090	encouraged by Robin from the little stroller's drive, fought their way to him. George Montchichet  will never forget this day. "What is your name, Lording?" asked the little stroller presently.  "Robin is a thief, and mine is real stutley. Shall we become rats?"  "Right, Willing."
npu-unpinned	2	s61-70968/ssb15/c20	010.wav	20.00	5.443	16.900	"I'd like you, Will. You're the second Will that I have met and liked within two days.  Is there a sign in that?"  Monty Shea called out for Robin to give him an arm.  "Bren," said Monty Shea faintly to the rep for, "bear us escort so far as the sheriff's
npu-unpinned	2	s61-70968/ssb15/c20	011.wav	20.00	5.600	17.260	It will not be safe for you to stay here now.  Pray follow us, with mine and my Lord Sheriff's men.  Nottingham Castle was reached and admittance was demanded.  Master Momso, the Sheriff of Nottingham, was mightily put about when told of the rioting,  and Henry might return to England at any moment.
npu-unpinned	2	s61-70968/ssb5/c20	000.wav	20.00	4.217	12.940	[  [  ]  [  ]  [  ]  [  ]  [  ]
npu-unpinned	2	s61-70968/ssb5/c20	001.wav	20.00	6.026	18.930	I'm trying to figure this out. This was so easy. And somehow I do think she died. But then the picture has gone and quickly everything.  And now do you hear these marbles? Take your place and let us hear the cripple's mission. Like if not young.
npu-unpinned	2	s61-70968/ssb5/c20	002.wav	20.00	5.001	15.570	[  [  ]  [  ]  [  ]  [  ]  [  ]  [  ]  [  ]  [  ]  [  ]  [  ]
npu-unpinned	2	s61-70968/ssb5/c20	003.wav	20.00	5.868	18.380	We have automatic cameras.  Before them, led the scroller to the ground.  That was a terrifying sight.  We wondered if they'd come at them.  Why, it ain't tried out the fire.  So, we did it.  We tried to find them.  We were free with their request.  Look, the light was so renewable.  That the little scroller...
npu-unpinned	2	s61-70968/ssb5/c20	004.wav	20.00	5.535	17.150	And then we could play back and would have snatched your person on you.  I could not see my boy injured actually, so the boys were easily able to come to the sun.  So I did push this fellow.  It was a mess.  That George Gaines well sharply turned the problem out.  She monkeying for the sun.
npu-unpinned	2	s61-70968/ssb5/c20	005.wav	20.00	5.106	15.850	I dush for my fellows of Nottingham. Surely we can submit with good grace.  I bring you to talk, old man.  But I, recklessly, do know that he played unfairly in the second second.  So, this while, I'm using all patience.
npu-unpinned	2	s61-70968/ssb5/c20	006.wav	20.00	5.853	18.070	And it was seen here that I gave another person consolation.  Company men, here, here!  We raised the voice so louder.  The strollers took their part in the department desk  now that they had some chance of beating off their bones.  Robin and the little tumbler between them  tried to force his wife to turn back.  And very valiantly did the excuse
npu-unpinned	2	s61-70968/ssb5/c20	007.wav	20.00	5.321	16.590	The head and sheep of the riot may not have ascended, but French stiff threatened Montuchel.  The fire helped to thrust them all in and entered Ciccer's farm.  Now, these pilot on your slide, the captured offenders set up an instant shout.  The pilot used mainly to cry Montuchel.
npu-unpinned	2	s61-70968/ssb5/c20	008.wav	20.00	4.070	12.570	[  ]  [  ]  [  ]  [  ]  [  ]
npu-unpinned	2	s61-70968/ssb5/c20	009.wav	20.00	6.568	20.580	First I want to go to school with pride, awful as it is. George Montice will never forget this day.  What is your name, Lordy? Ask the Lord to come.  Welcome to the future.  And mind if you'll step away, so that he can come back.  Right, Lordy.
npu-unpinned	2	s61-70968/ssb5/c20	010.wav	20.00	6.320	19.870	[Multiple voices]
npu-unpinned	2	s61-70968/ssb5/c20	011.wav	20.00	5.813	18.110	It would not be safe for you to stay here now.  Great follow-up. With mine and my Lord Sheriff's men.  Not again, Capitol retreat.  No, this is just a matter of time.  Master Monstow, the Sheriff of Nottingham,  was lightly put about when told of the rioting.  And I'm not trying to ignore that any longer.
npu-nf	2	s61-70968/clean/c20	002.wav	20.00	16.770	55.700	Master, though I am an old man. Fourth Whith all ran to the opening of the tent to see  what might be amiss, but Master Will, who peeped out first, needed no more than one glance.  He gave way to the others very readily and retreated unperceived by the squire in Mistress  fits ooth to the rear of the tent.  Cries of a knotting
npu-nf	2	s61-70968/clean/c20	003.wav	20.00	5.326	17.420	him, unknotting him! Before them fled the stroller and his three sons, capless and terrified.  "What is that tumult and rioting?" cried out the squire authoritatively, and he blew  twice on the silver whistle which hung at his belt.  "Nay, we refuse their request most politely. Most noble," said the little stroller.
npu-nf	2	s61-70968/clean/c20	004.wav	20.00	5.174	16.850	And then they became vexed and would have snatched your purse from us.  I could not see my boy injured excellence for but doing his duty as one of Cumberland's sons.  So I did push this fellow.  "It is enough," said George Gamewell sharply as he turned upon the crowd.  "Shame on you, citizen."
npu-nf	2	s61-70968/clean/c20	005.wav	20.00	5.274	17.220	sins," cried he. "I blush for my fellows of Nottingham. Surely we can submit with good  grace."  "It is fine for you to talk, old man," answered the lean, sullen apprentice. "But I wrestled  with this fellow, and do know that he played unfairly in the second bout," spoke the squire  losing all patience.
npu-nf	2	s61-70968/clean/c20	006.wav	20.00	5.591	18.290	"And it was to you that I gave another person consolation!"  "Come to me, men. Here, here!" he raised his voice still louder.  The strollers took their part in it with hearty zest, now that they had some chance of beating  off their foes.  Robin and the little tumbler between them tried to force the squire to stand back, and  very valiantly did these two comply.
npu-nf	2	s61-70968/clean/c20	007.wav	20.00	5.303	17.320	themselves. The head and chief of the riot, the Nottingham  apprentice, with clenched fists threatened Montfichet. The squire helped to thrust them  all in and entered swiftly himself. "Now, be silent on your lives," he began, but the  captured apprentice set up an instant shout. "Silence, you naïve," cried Montfichet.
npu-nf	2	s61-70968/clean/c20	008.wav	20.00	5.431	17.760	He felt fur and found the wizard's black cloth. The squire was quite out of breath.  Thrusting open the proper entrance of the tent, Robin suddenly rushed forth with his burden,  with a great shout, "A month viché, a month viché! Game well to the rescue!"  Taking advantage of this, the squire's few men redoubled their efforts, and,
npu-nf	2	s61-70968/clean/c20	009.wav	20.00	5.270	17.190	encouraged by Robbins and the little strollers' cries, fought their way to him. George Montfichet  will never forget this day.  "What is your name, Lording?" asked the little stroller presently.  "Robin Fitzsouf. And mine is Will Stutley. Shall we become, Rads?"  "Right, Willing."
npu-nf	2	s61-70968/clean/c20	010.wav	20.00	5.053	16.430	"I like you, Will. You are the second Will that I have met in light within two days. Is  there a sign in that?" Montfichet called out for Robin to give him an arm.  "Friends," said Montfichet faintly to the wrestlers. "Bear us escort so far as the sheriffs
npu-nf	2	s61-70968/clean/c20	011.wav	20.00	5.296	17.290	house. It will not be safe for you to stay here now. Pray follow us, with mine and my  Lord Sheriff's men."  Nottingham Castle was reached, and admittance was demanded. Master Monceau, the Sheriff  of Nottingham, was mightily put about when told of the rioting, and Henry might return  to England at any moment.
npu-nf	2	s61-70968/ssb15/c20	000.wav	20.00	5.122	16.600	He began a confused complaint against the wizard who had vanished behind the curtain on the left.  "If not so, earneth the mind of these mummeries, child, a golden fortune and a happy life."  He was like unto my father, in a way, and yet was not my father.  Also, there was a stripping page,
npu-nf	2	s61-70968/ssb15/c20	001.wav	20.00	5.036	16.400	returned it to her maid. This was so sweet of Lady Sir, and in some manner I do think  she died. But then the picture was gone as quickly as it came. Mr. Nell, do you hear  these marbles? Take your place and let us see what the crystal can show to you. Like  if not young.
npu-nf	2	s61-70968/ssb15/c20	002.wav	20.00	5.616	18.390	Master, though I am an old man.  Force Whist all ran to the opening of the tent to see what might be amiss, but Master  Will, who peaked out first, needed no more than one glance.  He gave way to the others very readily and retreated unperceived by the squire and mistress  Bidsooth to the rear of the tent.  Cry the—I'm not a ghost!
npu-nf	2	s61-70968/ssb15/c20	003.wav	20.00	5.333	17.410	him, unknotting him. Before them fled the stroller and his three sons, capless and terrified.  "What is that tumult and rioting?" cried out the squire authoritatively, and he blew  twice on the silver whistle which hung at his cell. "Nay, we refuse their request most  politely, most noble," said the little stroller.
npu-nf	2	s61-70968/ssb15/c20	004.wav	20.00	5.145	16.760	and then they became vexed and would have snatched your purse from us.  I could not see my boy injured at once,  for by doing the duty of one of Cumberland's sons.  So I did push this fellow.  It is enough that George came well sharply as he turned upon the crowd.  Shame on you citizen!
npu-nf	2	s61-70968/ssb15/c20	005.wav	20.00	4.958	16.140	I blush for my fellows of Nottingham. Surely we can submit with good grace.  It is fine for you to talk, old man, answer the lean fellow in apprentice.  But I wrestled with his fellow and do know that he played unfairly in the second bout.  Spoke the squire losing all patience.
npu-nf	2	s61-70968/ssb15/c20	006.wav	20.00	5.620	18.390	And it was to you that I gave another person consolation.  "Come to me, men. Here, here!" he raised his voice still louder.  The strollers took their part in it with hearty zest, now that they had some chance of beating off their foes.  Robbiting a little tumbler between them, tried to force the squire to stand back,  and very valiantly did these two from the back.
npu-nf	2	s61-70968/ssb15/c20	007.wav	20.00	5.304	17.310	The head and chief of the riots in Ottingham Apprentice, with quench fists, threatened Mont-Pichet.  The squire helped to thrust them all in and entered swiftly himself.  "Now be silent on your lies," he began, but the captured apprentice set up an instant shout.  "Silence, you naïve," cried Mont-Pichet.
npu-nf	2	s61-70968/ssb15/c20	008.wav	20.00	5.459	17.870	He felt for and found the wizard's black claw.  The squire was quite out of breath.  Thrusting opened the proper entrance of the tent.  Robin suddenly rushed forth with his burden with a great shout.  "A must be shea! A must be shea! Game well to the rescue!"  Taking advantage of this, the squire's few men redoubled their efforts and...
npu-nf	2	s61-70968/ssb15/c20	009.wav	20.00	5.131	16.680	encouraged by Robin from the little stroller's drive, fought their way to him. George Montchichet  will never forget this day. "What is your name, Lording?" asked the little stroller presently.  "Robin is a thief, and mine is real stutley. Shall we become rats?"  "Right, Willing."
npu-nf	2	s61-70968/ssb15/c20	010.wav	20.00	5.097	16.590	"I'd like you, Will. You're the second Will that I have met and liked within two days.  Is there a sign in that?"  Monty Shea called out for Robin to give him an arm.  "Bren," said Monty Shea faintly to the rep for, "bear us escort so far as the sheriff's
npu-nf	2	s61-70968/ssb15/c20	011.wav	20.00	5.165	16.870	It will not be safe for you to stay here now.  Pray follow us, with mine and my Lord Sheriff's men.  Nottingham Castle was reached and admittance was demanded.  Master Momso, the Sheriff of Nottingham, was mightily put about when told of the rioting,  and Henry might return to England at any moment.
npu-nf	2	s61-70968/ssb5/c20	000.wav	20.00	3.952	12.540	[  [  ]  [  ]  [  ]  [  ]  [  ]
npu-nf	2	s61-70968/ssb5/c20	001.wav	20.00	5.568	18.350	I'm trying to figure this out. This was so easy. And somehow I do think she died. But then the picture has gone and quickly everything.  And now do you hear these marbles? Take your place and let us hear the cripple's mission. Like if not young.
npu-nf	2	s61-70968/ssb5/c20	002.wav	20.00	4.722	15.250	[  [  ]  [  ]  [  ]  [  ]  [  ]  [  ]  [  ]  [  ]  [  ]  [  ]
npu-nf	2	s61-70968/ssb5/c20	003.wav	20.00	5.504	18.030	We have automatic cameras.  Before them, led the scroller to the ground.  That was a terrifying sight.  We wondered if they'd come at them.  Why, it ain't tried out the fire.  So, we did it.  We tried to find them.  We were free with their request.  Look, the light was so renewable.  That the little scroller...
npu-nf	2	s61-70968/ssb5/c20	004.wav	20.00	5.148	16.790	And then we could play back and would have snatched your person on you.  I could not see my boy injured actually, so the boys were easily able to come to the sun.  So I did push this fellow.  It was a mess.  That George Gaines well sharply turned the problem out.  She monkeying for the sun.
npu-nf	2	s61-70968/ssb5/c20	005.wav	20.00	4.771	15.430	I dush for my fellows of Nottingham. Surely we can submit with good grace.  I bring you to talk, old man.  But I, recklessly, do know that he played unfairly in the second second.  So, this while, I'm using all patience.
npu-nf	2	s61-70968/ssb5/c20	006.wav	20.00	5.378	17.580	And it was seen here that I gave another person consolation.  Company men, here, here!  We raised the voice so louder.  The strollers took their part in the department desk  now that they had some chance of beating off their bones.  Robin and the little tumbler between them  tried to force his wife to turn back.  And very valiantly did the excuse
npu-nf	2	s61-70968/ssb5/c20	007.wav	20.00	4.963	16.130	The head and sheep of the riot may not have ascended, but French stiff threatened Montuchel.  The fire helped to thrust them all in and entered Ciccer's farm.  Now, these pilot on your slide, the captured offenders set up an instant shout.  The pilot used mainly to cry Montuchel.
npu-nf	2	s61-70968/ssb5/c20	008.wav	20.00	3.841	12.270	[  ]  [  ]  [  ]  [  ]  [  ]
npu-nf	2	s61-70968/ssb5/c20	009.wav	20.00	6.112	20.070	First I want to go to school with pride, awful as it is. George Montice will never forget this day.  What is your name, Lordy? Ask the Lord to come.  Welcome to the future.  And mind if you'll step away, so that he can come back.  Right, Lordy.
npu-nf	2	s61-70968/ssb5/c20	010.wav	20.00	5.927	19.530	[Multiple voices]
npu-nf	2	s61-70968/ssb5/c20	011.wav	20.00	5.405	17.690	It would not be safe for you to stay here now.  Great follow-up. With mine and my Lord Sheriff's men.  Not again, Capitol retreat.  No, this is just a matter of time.  Master Monstow, the Sheriff of Nottingham,  was lightly put about when told of the rioting.  And I'm not trying to ignore that any longer.
npu-nt	2	s61-70968/clean/c20	002.wav	20.00	5.275	17.180	Master, though I am an old man. Fourth Whith all ran to the opening of the tent to see what might be amiss; but Master Will, who peeped out first, needed no more than one glance. He gave way to the others very readily, and retreated unperceived by the squire in Mistress Fitzuth to the rear of the tent. Cries of a knotting
npu-nt	2	s61-70968/clean/c20	003.wav	20.00	5.145	16.760	him, unknotting him! Before them fled the stroller and his three sons, capless and terrified. "What is that tumult and rioting?" cried out the squire authoritatively, and he blew twice on the silver whistle which hung at his belt. "Nay, we refuse their request most politely. Most noble," said the little stroller.
npu-nt	2	s61-70968/clean/c20	004.wav	20.00	4.964	16.110	And then they became vexed and would have snatched your purse from us. I could not see my boy injured excellence for but doing his duty as one of Cumberland's sons. So I did push this fellow. "It is enough," said George Gamewell sharply as he turned upon the crowd. "Shame on you, citizen."
npu-nt	2	s61-70968/clean/c20	005.wav	20.00	4.939	16.020	"I blush for my fellows of Nottingham. Surely we can submit with good grace." "It is fine for you to talk, old man," answered the lean, sullen apprentice. "But I wrestled with this fellow, and do know that he played unfairly in the second bout," spoke the squire, losing all patience.
npu-nt	2	s61-70968/clean/c20	006.wav	20.00	5.336	17.170	"And it was to you that I gave another person consolation." "Come to me, men. Here, here!" he raised his voice still louder. The strollers took their part in it with hearty zest, now that they had some chance of beating off their foes. Robin and the little tumbler between them tried to force the squire to stand back, and very valiantly did these two
npu-nt	2	s61-70968/clean/c20	007.wav	20.00	5.146	16.740	themselves. The head and chief of the riot, the Nottingham apprentice, with clenched fists threatened Montfichet. The squire helped to thrust them all in and entered swiftly himself. "Now, be silent on your lives," he began, but the captured apprentice set up an instant shout. "Silence, you naïve," cried Montfichet.
npu-nt	2	s61-70968/clean/c20	008.wav	20.00	5.225	17.020	He felt fur and found the wizard's black cloth. The squire was quite out of breath. Thrusting open the proper entrance of the tent, Robin suddenly rushed forth with his burden with a great shout, "A month viché, a month viché! Game well to the rescue!" Taking advantage of this, the squire's few men redoubled their efforts, and,
npu-nt	2	s61-70968/clean/c20	009.wav	20.00	4.916	15.960	encouraged by Robbins and the little strollers' cries, fought their way to him. George Montfichet will never forget this day. "What is your name, Lording?" asked the little stroller presently. "Robin Fitzsouf. And mine is Will Stutley. Shall we become, Rads?"
npu-nt	2	s61-70968/clean/c20	010.wav	20.00	5.009	16.300	"I like you, Will. You are the second Will that I have met in light within two days. Is there a sign in that?" Montfichet called out for Robin to give him an arm. "Friends," said Montfichet faintly to the wrestlers. "Bear us escort so far as the sheriffs have to."
npu-nt	2	s61-70968/clean/c20	011.wav	20.00	5.065	16.460	house. It will not be safe for you to stay here now. Pray follow us, with mine and my Lord Sheriff's men." Nottingham Castle was reached, and admittance was demanded. Master Monceau, the Sheriff of Nottingham, was mightily put about when told of the rioting, and Henry might return to England at any moment.
npu-nt	2	s61-70968/ssb15/c20	000.wav	20.00	4.946	16.020	He began a confused complaint against the wizard who had vanished behind the curtain on the left. "If not so, earneth the mind of these mummeries, child, a golden fortune and a happy life." He was like unto my father, in a way, and yet was not my father. Also, there was a stripping page,
npu-nt	2	s61-70968/ssb15/c20	001.wav	20.00	4.939	15.850	returned it to her maid. This was so sweet of Lady Sir, and in some manner I do think she died. But then the picture was gone as quickly as it came. Mr. Nell, do you hear these marbles? Take your place and let us see what the crystal can show to you. Like if not young.
npu-nt	2	s61-70968/ssb15/c20	002.wav	20.00	5.168	16.840	"I am an old man." Force Whist all ran to the opening of the tent to see what might be amiss, but Master Will, who peaked out first, needed no more than one glance. He gave way to the others very readily and retreated unperceived by the squire and mistress Bidsooth to the rear of the tent. "I'm not
npu-nt	2	s61-70968/ssb15/c20	003.wav	20.00	5.179	16.830	him, unknotting him. Before them fled the stroller and his three sons, capless and terrified. "What is that tumult and rioting?" cried out the squire authoritatively, and he blew twice on the sower whistle which hung at his cell. "Nay, we refuse their request most politely, most noble," said the little stroller.
npu-nt	2	s61-70968/ssb15/c20	004.wav	20.00	4.936	15.850	and then they became vexed and would have snatched your purse from us. I could not see my boy injured at once, for by doing the duty of one of Cumberland's sons. So I did push this fellow. It is enough that George came well sharply as he turned upon the crowd. Shame on you citizen!
npu-nt	2	s61-70968/ssb15/c20	005.wav	20.00	4.861	15.750	I blush for my fellows of Nottingham. Surely we can submit with good grace. It is fine for you to talk, old man," answered the lean fellow in apprentice, "but I wrestled with his fellow and do know that he played unfairly in the second bout." Spoke the squire, losing all patience.
npu-nt	2	s61-70968/ssb15/c20	006.wav	20.00	5.375	17.550	"And it was to you that I gave another person consolation. Come to me, men. Here, here!" He raised his voice still louder. The strollers took their part in it with hearty zest, now that they had some chance of beating off their foes. Robbidon, a little tumbler between them, tried to force the squire to stand back, and very valiantly did these two from
npu-nt	2	s61-70968/ssb15/c20	007.wav	20.00	5.142	16.560	The head and chief of the riots in Ottingham Apprentice, with quench fists, threatened Montpichet. His squire helped to thrust them all in and entered swiftly himself. "Now be silent on your lies," he began, but the captured apprentice set up an instant shout. "Silence, you naïve," cried Montpichet.
npu-nt	2	s61-70968/ssb15/c20	008.wav	20.00	5.194	16.920	He felt for and found the wizard's black claw. The squire was quite out of breath. Thrusting open the proper entrance of the tent, Robin suddenly rushed forth with his burden with a great shout. "A must be shea! A must be shea! Game well to the rescue!" Taking advantage of this, the squire's few men redoubled their efforts and,
npu-nt	2	s61-70968/ssb15/c20	009.wav	20.00	4.914	15.940	encouraged by Robin from the little stroller's drive, fought their way to him. George Montice will never forget this day. "What is your name, Lording?" asked the little stroller presently. "Robin is a thief, and mine is Will Stutley. Shall we become rats?" "Right, Willing."
npu-nt	2	s61-70968/ssb15/c20	010.wav	20.00	5.020	16.280	"I'd like you, Will. You're the second Will that I have met and liked within two days. Is there a sign in that?" Montchichet called out for Robin to give him an arm. "Bren," said Montchichet faintly to the rep for, "bear us escort so far as the sheriff's house is."
npu-nt	2	s61-70968/ssb15/c20	011.wav	20.00	4.969	16.130	It will not be safe for you to stay here now. Pray follow us, with mine and my Lord Sheriff's men." Nottingham Castle was reached and admittance was demanded. Master Momso, the Sheriff of Nottingham, was mightily put about when told of the rioting, and Henry might return to England at any moment.
npu-nt	2	s61-70968/ssb5/c20	000.wav	20.00	3.546	11.080	[Pause]
npu-nt	2	s61-70968/ssb5/c20	001.wav	20.00	5.155	16.470	What kind of tribute is this? This was so beautiful. And in some manner I do think she died. But then the picture was gone and quickly everything. And now do you hear these marbles? Take your place and let us hear the tribute. You like to be not young.
npu-nt	2	s61-70968/ssb5/c20	002.wav	20.00	4.017	12.810	I'm not
npu-nt	2	s61-70968/ssb5/c20	003.wav	20.00	5.243	17.110	We have automatic cameras. Before them, led the scroller to the ground. That was a terrifying sight. We wondered if they'd come at them rioting, cried out the fire, and so we waited for them to leave. We'd fight on the silver lip of the tunnel itself. Today, we were free with their request. Look, the light was so renewable, said the little scroller.
npu-nt	2	s61-70968/ssb5/c20	004.wav	20.00	4.888	15.850	And then we could play back and would have snatched your person on you. I could not see my boy injured actually. So the boys were easily able to come to their son. So I did push this fellow. It was a mess. That George came well sharply and he turned the problem out. She mon-used the decision.
npu-nt	2	s61-70968/ssb5/c20	005.wav	20.00	4.562	14.680	I dush for my fellows of Nottingham. Surely we can submit with good grace. I bring you to talk, old man. But I, recklessly, I do know that he played unfairly in the second second. He wrote this while amusing all patients.
npu-nt	2	s61-70968/ssb5/c20	006.wav	20.00	5.093	16.560	And it was seen you that I gave another person consolation to. Company men, here, here, we raise this voice so louder. The strollers took their part in this department that now they have some chance of beating off their bones. Robin and the little tumbler between them tried to force this while he ran back. And very valiantly did the excuse of me.
npu-nt	2	s61-70968/ssb5/c20	007.wav	20.00	4.868	15.760	The head and she for the life of the Ottingham Center is plenty to threaten most of the show. The wire helps to thrust them all in and enters the system. Now, these pilot on your slide, the captured center, set up an instant shell. The pilot, you may be surprised, won't you, Sharon?
npu-nt	2	s61-70968/ssb5/c20	008.wav	20.00	5.089	16.560	The fire is burning down with his black cloth, his quiet, quiet, and proud. Thrusting open the proper entrance into the night, Robin suddenly rushed forth with his burden with his great shout, "A month be shamed, a month be shamed, he will to the rescue!" Taking advantage of this, the fire seemed then redoubled their efforts, and
npu-nt	2	s61-70968/ssb5/c20	009.wav	20.00	3.908	12.460	George Montice will never forget this day. What is your name, Lordy? Ask the Lord his name. And mind is real, sir.
npu-nt	2	s61-70968/ssb5/c20	010.wav	20.00	5.533	17.990	I would like to build it. You are the second wheel that I have met and liked it so much. But they'll find a man. Mochise called out to Robin to give him an arm. He said Mochise faintly interrupted. There I've had court so far as I sure have.
npu-nt	2	s61-70968/ssb5/c20	011.wav	20.00	4.859	15.750	It would not be safe for you to stay here now. Great follow-up. With mine and my Lord Sheriff's men. Not again, Capitol retreat. Master Moncels, the Sheriff of Nottingham, is likely put about when told of the rioting. And I'm not sure if it was in any form.
npu-t2	2	s61-70968/clean/c20	002.wav	20.00	25.040	48.360	Master, though I am an old man. Fourth Whith all ran to the opening of the tent to see  what might be amiss, but Master Will, who peeped out first, needed no more than one glance.  He gave way to the others very readily and retreated unperceived by the squire in Mistress  fits ooth to the rear of the tent.  Cries of a knotting
npu-t2	2	s61-70968/clean/c20	003.wav	20.00	8.052	15.240	him, unknotting him! Before them fled the stroller and his three sons, capless and terrified.  "What is that tumult and rioting?" cried out the squire authoritatively, and he blew  twice on the silver whistle which hung at his belt.  "Nay, we refuse their request most politely. Most noble," said the little stroller.
npu-t2	2	s61-70968/clean/c20	004.wav	20.00	7.864	14.830	And then they became vexed and would have snatched your purse from us.  I could not see my boy injured excellence for but doing his duty as one of Cumberland's sons.  So I did push this fellow.  "It is enough," said George Gamewell sharply as he turned upon the crowd.  "Shame on you, citizen."
npu-t2	2	s61-70968/clean/c20	005.wav	20.00	7.997	15.110	sins," cried he. "I blush for my fellows of Nottingham. Surely we can submit with good  grace."  "It is fine for you to talk, old man," answered the lean, sullen apprentice. "But I wrestled  with this fellow, and do know that he played unfairly in the second bout," spoke the squire  losing all patience.
npu-t2	2	s61-70968/clean/c20	006.wav	20.00	8.450	15.950	"And it was to you that I gave another person consolation!"  "Come to me, men. Here, here!" he raised his voice still louder.  The strollers took their part in it with hearty zest, now that they had some chance of beating  off their foes.  Robin and the little tumbler between them tried to force the squire to stand back, and  very valiantly did these two comply.
npu-t2	2	s61-70968/clean/c20	007.wav	20.00	8.037	15.150	themselves. The head and chief of the riot, the Nottingham  apprentice, with clenched fists threatened Montfichet. The squire helped to thrust them  all in and entered swiftly himself. "Now, be silent on your lives," he began, but the  captured apprentice set up an instant shout. "Silence, you naïve," cried Montfichet.
npu-t2	2	s61-70968/clean/c20	008.wav	20.00	8.226	15.520	He felt fur and found the wizard's black cloth. The squire was quite out of breath.  Thrusting open the proper entrance of the tent, Robin suddenly rushed forth with his burden,  with a great shout, "A month viché, a month viché! Game well to the rescue!"  Taking advantage of this, the squire's few men redoubled their efforts, and,
npu-t2	2	s61-70968/clean/c20	009.wav	20.00	8.006	15.140	encouraged by Robbins and the little strollers' cries, fought their way to him. George Montfichet  will never forget this day.  "What is your name, Lording?" asked the little stroller presently.  "Robin Fitzsouf. And mine is Will Stutley. Shall we become, Rads?"  "Right, Willing."
npu-t2	2	s61-70968/clean/c20	010.wav	20.00	7.680	14.520	"I like you, Will. You are the second Will that I have met in light within two days. Is  there a sign in that?" Montfichet called out for Robin to give him an arm.  "Friends," said Montfichet faintly to the wrestlers. "Bear us escort so far as the sheriffs
npu-t2	2	s61-70968/clean/c20	011.wav	20.00	8.024	15.150	house. It will not be safe for you to stay here now. Pray follow us, with mine and my  Lord Sheriff's men."  Nottingham Castle was reached, and admittance was demanded. Master Monceau, the Sheriff  of Nottingham, was mightily put about when told of the rioting, and Henry might return  to England at any moment.
npu-t2	2	s61-70968/ssb15/c20	000.wav	20.00	7.746	14.620	He began a confused complaint against the wizard who had vanished behind the curtain on the left.  "If not so, earneth the mind of these mummeries, child, a golden fortune and a happy life."  He was like unto my father, in a way, and yet was not my father.  Also, there was a stripping page,
npu-t2	2	s61-70968/ssb15/c20	001.wav	20.00	7.665	14.480	returned it to her maid. This was so sweet of Lady Sir, and in some manner I do think  she died. But then the picture was gone as quickly as it came. Mr. Nell, do you hear  these marbles? Take your place and let us see what the crystal can show to you. Like  if not young.
npu-t2	2	s61-70968/ssb15/c20	002.wav	20.00	8.462	16.000	Master, though I am an old man.  Force Whist all ran to the opening of the tent to see what might be amiss, but Master  Will, who peaked out first, needed no more than one glance.  He gave way to the others very readily and retreated unperceived by the squire and mistress  Bidsooth to the rear of the tent.  Cry the—I'm not a ghost!
npu-t2	2	s61-70968/ssb15/c20	003.wav	20.00	8.056	15.250	him, unknotting him. Before them fled the stroller and his three sons, capless and terrified.  "What is that tumult and rioting?" cried out the squire authoritatively, and he blew  twice on the silver whistle which hung at his cell. "Nay, we refuse their request most  politely, most noble," said the little stroller.
npu-t2	2	s61-70968/ssb15/c20	004.wav	20.00	7.798	14.760	and then they became vexed and would have snatched your purse from us.  I could not see my boy injured at once,  for by doing the duty of one of Cumberland's sons.  So I did push this fellow.  It is enough that George came well sharply as he turned upon the crowd.  Shame on you citizen!
npu-t2	2	s61-70968/ssb15/c20	005.wav	20.00	7.554	14.280	I blush for my fellows of Nottingham. Surely we can submit with good grace.  It is fine for you to talk, old man, answer the lean fellow in apprentice.  But I wrestled with his fellow and do know that he played unfairly in the second bout.  Spoke the squire losing all patience.
npu-t2	2	s61-70968/ssb15/c20	006.wav	20.00	8.465	15.980	And it was to you that I gave another person consolation.  "Come to me, men. Here, here!" he raised his voice still louder.  The strollers took their part in it with hearty zest, now that they had some chance of beating off their foes.  Robbiting a little tumbler between them, tried to force the squire to stand back,  and very valiantly did these two from the back.
npu-t2	2	s61-70968/ssb15/c20	007.wav	20.00	8.034	15.170	The head and chief of the riots in Ottingham Apprentice, with quench fists, threatened Mont-Pichet.  The squire helped to thrust them all in and entered swiftly himself.  "Now be silent on your lies," he began, but the captured apprentice set up an instant shout.  "Silence, you naïve," cried Mont-Pichet.
npu-t2	2	s61-70968/ssb15/c20	008.wav	20.00	8.249	15.580	He felt for and found the wizard's black claw.  The squire was quite out of breath.  Thrusting opened the proper entrance of the tent.  Robin suddenly rushed forth with his burden with a great shout.  "A must be shea! A must be shea! Game well to the rescue!"  Taking advantage of this, the squire's few men redoubled their efforts and...
npu-t2	2	s61-70968/ssb15/c20	009.wav	20.00	7.766	14.670	encouraged by Robin from the little stroller's drive, fought their way to him. George Montchichet  will never forget this day. "What is your name, Lording?" asked the little stroller presently.  "Robin is a thief, and mine is real stutley. Shall we become rats?"  "Right, Willing."
npu-t2	2	s61-70968/ssb15/c20	010.wav	20.00	7.735	14.630	"I'd like you, Will. You're the second Will that I have met and liked within two days.  Is there a sign in that?"  Monty Shea called out for Robin to give him an arm.  "Bren," said Monty Shea faintly to the rep for, "bear us escort so far as the sheriff's
npu-t2	2	s61-70968/ssb15/c20	011.wav	20.00	7.862	14.860	It will not be safe for you to stay here now.  Pray follow us, with mine and my Lord Sheriff's men.  Nottingham Castle was reached and admittance was demanded.  Master Momso, the Sheriff of Nottingham, was mightily put about when told of the rioting,  and Henry might return to England at any moment.
npu-t2	2	s61-70968/ssb5/c20	000.wav	20.00	6.118	11.600	[  [  ]  [  ]  [  ]  [  ]  [  ]
npu-t2	2	s61-70968/ssb5/c20	001.wav	20.00	8.809	16.510	I'm trying to figure this out. This was so easy. And somehow I do think she died. But then the picture has gone and quickly everything.  And now do you hear these marbles? Take your place and let us hear the cripple's mission. Like if not young.
npu-t2	2	s61-70968/ssb5/c20	002.wav	20.00	7.173	13.610	[  [  ]  [  ]  [  ]  [  ]  [  ]  [  ]  [  ]  [  ]  [  ]  [  ]
npu-t2	2	s61-70968/ssb5/c20	003.wav	20.00	8.316	15.690	We have automatic cameras.  Before them, led the scroller to the ground.  That was a terrifying sight.  We wondered if they'd come at them.  Why, it ain't tried out the fire.  So, we did it.  We tried to find them.  We were free with their request.  Look, the light was so renewable.  That the little scroller...
npu-t2	2	s61-70968/ssb5/c20	004.wav	20.00	7.800	14.720	And then we could play back and would have snatched your person on you.  I could not see my boy injured actually, so the boys were easily able to come to the sun.  So I did push this fellow.  It was a mess.  That George Gaines well sharply turned the problem out.  She monkeying for the sun.
npu-t2	2	s61-70968/ssb5/c20	005.wav	20.00	7.264	13.740	I dush for my fellows of Nottingham. Surely we can submit with good grace.  I bring you to talk, old man.  But I, recklessly, do know that he played unfairly in the second second.  So, this while, I'm using all patience.
npu-t2	2	s61-70968/ssb5/c20	006.wav	20.00	8.134	15.380	And it was seen here that I gave another person consolation.  Company men, here, here!  We raised the voice so louder.  The strollers took their part in the department desk  now that they had some chance of beating off their bones.  Robin and the little tumbler between them  tried to force his wife to turn back.  And very valiantly did the excuse
npu-t2	2	s61-70968/ssb5/c20	007.wav	20.00	7.565	14.300	The head and sheep of the riot may not have ascended, but French stiff threatened Montuchel.  The fire helped to thrust them all in and entered Ciccer's farm.  Now, these pilot on your slide, the captured offenders set up an instant shout.  The pilot used mainly to cry Montuchel.
npu-t2	2	s61-70968/ssb5/c20	008.wav	20.00	6.004	11.390	[  ]  [  ]  [  ]  [  ]  [  ]
npu-t2	2	s61-70968/ssb5/c20	009.wav	20.00	9.188	17.330	First I want to go to school with pride, awful as it is. George Montice will never forget this day.  What is your name, Lordy? Ask the Lord to come.  Welcome to the future.  And mind if you'll step away, so that he can come back.  Right, Lordy.
npu-t2	2	s61-70968/ssb5/c20	010.wav	20.00	8.834	16.710	[Multiple voices]
npu-t2	2	s61-70968/ssb5/c20	011.wav	20.00	8.156	15.420	It would not be safe for you to stay here now.  Great follow-up. With mine and my Lord Sheriff's men.  Not again, Capitol retreat.  No, this is just a matter of time.  Master Monstow, the Sheriff of Nottingham,  was lightly put about when told of the rioting.  And I'm not trying to ignore that any longer.
npu-q5	2	s61-70968/clean/c20	002.wav	20.00	5.897	19.140	Master, though I am an old man.  Fourth Whith all ran to the opening of the tent to see what might be amiss, but Master  Will, who peeped out first, needed no more than one glance.  He gave way to the others very readily and retreated unperceived by the squire in Mistress  Fitzuth to the rear of the tent.  Cries of a knotting-gathering, a very unawaresoment, a very unawaresoment, a very unawaresoment,
npu-q5	2	s61-70968/clean/c20	003.wav	20.00	5.111	16.460	him, unknotting him! Before them fled the stroller and his three sons,  capless and terrified. "What is that tumult and rioting?" cried out the  squire authoritatively, and he blew twice on the silver whistle which hung at his belt.  "Nay, we refuse their request most politely. Most noble," said the little stroller.
npu-q5	2	s61-70968/clean/c20	004.wav	20.00	4.992	16.040	And then they became vexed and would have snatched your purse from us.  I could not see my boy injured excellence for but doing his duty as one of Cumberland's sons.  So I did push this fellow.  "It is enough," said George Gamewell sharply as he turned upon the crowd.  "Shame on you, citizen."
npu-q5	2	s61-70968/clean/c20	005.wav	20.00	5.111	16.240	sins," cried he. "I blush for my fellows of Nottingham. Surely we can submit with good  grace."  "It is fine for you to talk, old man," answered the lean sullen apprentice. "But I wrestled  with this fellow, and do know that he played unfairly in the second bout," spoke the squire  losing all patient.
npu-q5	2	s61-70968/clean/c20	006.wav	20.00	5.333	17.200	"And it was to you that I gave another person consolation!"  "Come to me, men. Here, here!" he raised his voice still louder.  The strollers took their part in it with hearty zest, now that they had some chance of beating  off their foes.  Robin and the little tumbler between them tried to force the squire to stand back, and very  valiantly did these two comply.
npu-q5	2	s61-70968/clean/c20	007.wav	20.00	5.144	16.560	themselves. The head and chief of the riot, the Nottingham  apprentice, with clenched fists threatened Mont-Fichet. The squire helped to thrust them  all in and entered swiftly himself. "Now, be silent on your lives," he began, but the  captured apprentice set up an instant shout. "Silence, you naïve," cried Mont-Fichet.
npu-q5	2	s61-70968/clean/c20	008.wav	20.00	5.228	16.770	He felt fur and found the wizard's black cloth. The squire was quite out of breath.  Thrusting open the proper entrance of the tent, Robin suddenly rushed forth with his burden,  with a great shout, "A month viché, a month viché! Game well to the rescue!"  Taking advantage of this, the squire's few men redoubled their efforts, and,
npu-q5	2	s61-70968/clean/c20	009.wav	20.00	5.140	16.550	encouraged by Robbins and the little strollers' cries, fought their way to him. George Montfichet  will never forget this day.  "What is your name, Lording?" asked the little stroller presently.  "Robin Fitzsouf."  "And mine is Will Stutley. Shall we become, Rads?"  "Right, Willing."
npu-q5	2	s61-70968/clean/c20	010.wav	20.00	4.890	15.680	"I like you, Will. You are the second Will that I have met in light within two days. Is  there a sign in that?" Montfichet called out for Robin to give him an arm.  "Friends," said Montfichet faintly to the wrestlers. "Bear us escort so far as the sheriff's
npu-q5	2	s61-70968/clean/c20	011.wav	20.00	5.094	16.390	house. It will not be safe for you to stay here now. Pray follow us, with mine and my  Lord Sheriff's men."  Nottingham Castle was reached, and admittance was demanded. Master Monceau, the Sheriff  of Nottingham, was mightily put about when told of the rioting, and Henry might return  to England at any moment.
npu-q5	2	s61-70968/ssb15/c20	000.wav	20.00	4.869	15.590	He began a confused complaint against the wizard who had vanished behind the curtain on the left.  If not so earnest the mind of these mummeries, child, a golden fortune and a happy life,  he was like unto my father in a way, and yet was not my father.  Also, there was a stripping page,
npu-q5	2	s61-70968/ssb15/c20	001.wav	20.00	4.875	15.660	returned it to her maid. This was so sweet of Lady Sir, and in some manner I do think she died.  But then the picture was gone as quickly as it came.  Mr. Nell, do you hear these marbles? Take your place and let us see what the crystal can show to you.  Like if not young.
npu-q5	2	s61-70968/ssb15/c20	002.wav	20.00	5.347	17.260	Master, though I am an old man.  Force Whist all ran to the opening of the tent to see what might be amiss, but Master  Will, who peaked out first, needed no more than one glance.  He gave way to the others very readily and retreated unperceived by the squire and mistress  Bidsooth to the rear of the tent.  Cry the—I'm not a ghost!
npu-q5	2	s61-70968/ssb15/c20	003.wav	20.00	5.120	16.480	him, unknotting him. Before them fled the stroller and his three sons, capless and terrified.  "What is that tumult and rioting?" cried out the squire authoritatively, and he blew  twice on the silver whistle which hung on his self. "Nay, we refuse their request most  politely, most noble," said the little stroller.
npu-q5	2	s61-70968/ssb15/c20	004.wav	20.00	4.925	15.830	and then they became vexed and would have snatched your purse from us.  I could not see my boy injured that once, for by doing the duty of one of Cumberland's sons.  So I did push this fellow.  It is enough that George came well sharply as he turned upon the crowd.  Shame on you citizen!
npu-q5	2	s61-70968/ssb15/c20	005.wav	20.00	4.797	15.370	I blush for my fellows of Nottingham. Surely we can submit with good grace.  She is fine for you to talk old man, answer the lean fellow in apprentice.  But I wrestled with his fellow and do know that he played unfairly in the second bout.  Spoke the squire losing all patience.
npu-q5	2	s61-70968/ssb15/c20	006.wav	20.00	5.359	17.250	And it was to you that I gave another person consolation.  "Come to me, men. Here, here!" he raised his voice still louder.  The strollers took their part in it with hearty zest, now that they had some chance of beating off their foes.  Robbing a little tumbler between them, tried to force the squire to stand back,  and very valiantly did these two from the bottom.
npu-q5	2	s61-70968/ssb15/c20	007.wav	20.00	5.168	16.600	themselves. The head and chief of the riot, the Nottingham Apprentice, was quenched fists,  threatened Mont-Pichet. The squire helped to thrust them all in and entered swiftly himself.  "Now be silent on your lies," he began, but the captured apprentice set up an instant shout.  "Silence, you knave," cried Mont-Pichet.
npu-q5	2	s61-70968/ssb15/c20	008.wav	20.00	5.191	16.690	He felt for and found the wizard's black cloth.  The squire was quite out of breath.  Thrusting opened the proper entrance of the tent.  Robin suddenly rushed forth with his burden with a great shout.  "A must be she! A must be she! Game well to the rescue!"  Taking advantage of this, the squire's few men redoubled their efforts and...
npu-q5	2	s61-70968/ssb15/c20	009.wav	20.00	4.950	15.890	encouraged by Robbins and the little stroller's cries, fought their way to him. George Montesier  will never forget this day. "What is your name, Lording?" asked the little stroller presently.  "Robbins is his youth, and mine is real stutley. Shall we become rats?"  "Right, Willing."
npu-q5	2	s61-70968/ssb15/c20	010.wav	20.00	4.925	15.820	"I'd like you, Will. You're the second Will that I have met and liked within two days.  Is there a sign in that?"  Monty Shea called out for Robin to give him an arm.  "Bren," said Monty Shea faintly to the Redbird, "bear us escort so far as the Sheriff's
npu-q5	2	s61-70968/ssb15/c20	011.wav	20.00	5.006	16.110	It will not be safe for you to stay here now.  Pray follow us, with mine and my Lord Sheriff's men.  Nottingham Castle was reached and admittance was demanded.  Master Monso, the Sheriff of Nottingham, was mightily put about when told of the rioting,  and Henry might return to England at any moment.
npu-q5	2	s61-70968/ssb5/c20	000.wav	20.00	4.436	14.100	[Ambient audio]
npu-q5	2	s61-70968/ssb5/c20	001.wav	20.00	4.966	15.940	I'm trying to quit you. This was so easy. And somehow I do think she died. But then the picture was gone and quickly everything.  And now, do you hear these marvels? Take your place and let us hear the cripple's mission. You like to be not young.
npu-q5	2	s61-70968/ssb5/c20	002.wav	20.00	3.781	12.010	[Multiple voices]
npu-q5	2	s61-70968/ssb5/c20	003.wav	20.00	8.056	26.870	We have automatic cameras. Before them, to let the scroller in.  Now, look at the terrifying thing. What is that?  A man rioting. He tried out the fire. So, he did it.  He tried to put his wife on the silver lip, but was hungry.  Today, we receive their request. Look, the light is so beautiful.
npu-q5	2	s61-70968/ssb5/c20	004.wav	20.00	4.992	16.030	And then we could play back and would have snatched your person on you.  I could not see my boy injured actually, so the boys would be easily at one of Cumberland's sons.  So I did push this fellow.  It was not that George Gaines well sharply, and he turned the problem out.  She mon-used the decision.
npu-q5	2	s61-70968/ssb5/c20	005.wav	20.00	4.648	14.880	I dush for my fellows of Nottingham. Surely we can submit with good grace.  I bring you to talk, old man.  But I, recklessly, and do know that he played unfairly in the second second.  So, just while I'm using all patience.
npu-q5	2	s61-70968/ssb5/c20	006.wav	20.00	5.099	16.410	And it was seen you that I gave another person consolation to.  Company men, here, here, we raise this voice so louder.  The strollers took their parts with the curtain backs now as they had some chance of beating off their bones.  Robin and the little tumbler between them tried to force this while he ran back.  And very valiantly did the excuse himself.
npu-q5	2	s61-70968/ssb5/c20	007.wav	20.00	4.986	16.050	The head and sheep of the riot may not have been sent there.  The French did threaten Montuchel.  The riot helped to thrust them all in and entered Cicero's farm.  Now, these silent, on-going lies,  the captured offenders set up an instant shout.  Silent, you may be surprised, Montuchel.
npu-q5	2	s61-70968/ssb5/c20	008.wav	20.00	3.881	12.320	[  ]  [  ]  [  ]  [  ]  [  ]
npu-q5	2	s61-70968/ssb5/c20	009.wav	20.00	10.661	35.430	and first I want to go with pride, off the laser. George Montice will never forget this day.  What is your name, Lordy? Ask the Lord to call me.  Welcome to the city.  And mind is real lovely. How do you think I'll pass?  Right, really.
npu-q5	2	s61-70968/ssb5/c20	010.wav	20.00	3.707	11.730	(inaudible)
npu-q5	2	s61-70968/ssb5/c20	011.wav	20.00	5.194	16.760	It would not be safe for you to stay here now.  Great follow-up. With mine and my Lord Sheriff's men.  Not again, capital retreat.  No, this is just a matter of time.  Master Monstow, the Sheriff of Nottingham,  was mightily put about when told of the rioting.  And I'm not trying to ignore that any longer.
npu-q8	2	s61-70968/clean/c20	002.wav	20.00	15.122	54.750	Master, though I am an old man. Fourth Whith all ran to the opening of the tent to see  what might be amiss, but Master Will, who peeped out first, needed no more than one  glance. He gave way to the others very readily and retreated unperceived by the squire in  Mistress Fitzuth to the rear of the tent.  Cries of a nodding
npu-q8	2	s61-70968/clean/c20	003.wav	20.00	5.052	18.870	him, unknotting him! Before them fled the stroller and his three sons,  capless and terrified. "What is that tumult and rioting?" cried out the  squire authoritatively, and he blew twice on the silver whistle which hung at his belt.  "Nay, we refuse their request most politely. Most noble," said the little stroller.
npu-q8	2	s61-70968/clean/c20	004.wav	20.00	4.941	18.490	And then they became vexed and would have snatched your purse from us.  I could not see my boy injured excellence for but doing his duty as one of Cumberland's sons.  So I did push this fellow.  "It is enough," said George Gamewell sharply as he turned upon the crowd.  "Shame on you, citizen."
npu-q8	2	s61-70968/clean/c20	005.wav	20.00	4.877	18.250	"I blush for my fellows of Nottingham. Surely we can submit with good grace."  "It is fine for you to talk, old man," answered the lean, swollen apprentice.  "But I wrestled with this fellow, and do know that he played unfairly in the second bout,"  spoke the squire, losing all patience.
npu-q8	2	s61-70968/clean/c20	006.wav	20.00	5.255	19.580	"And it was to you that I gave another person consolation."  "Come to me, men. Here, here!" he raised his voice still louder.  The strollers took their part in it with hearty zest, now that they had some chance of beating  off their foes.  Robin and the little tumbler between them tried to force the squire to stand back, and  very valiantly did these two comply.
npu-q8	2	s61-70968/clean/c20	007.wav	20.00	5.054	18.810	themselves. The head and chief of the riot, the Nottingham  apprentice, with clenched fists threatened Montfichet. The squire helped to thrust them  all in and entered swiftly himself. "Now, be silent on your lives," he began, but the  captured apprentice set up an instant shout. "Silence, you naïve," cried Montfichet.
npu-q8	2	s61-70968/clean/c20	008.wav	20.00	5.145	19.180	He felt fur and found the wizard's black cloth. The squire was quite out of breath.  Thrusting open the proper entrance of the tent, Robin suddenly rushed forth with his burden,  with a great shout, "A month viché, a month viché! Game well to the rescue!"  Taking advantage of this, the squire's few men redoubled their efforts, and,
npu-q8	2	s61-70968/clean/c20	009.wav	20.00	5.011	18.750	encouraged by Robbins and the little strollers' cries, fought their way to him. George Montfichet  will never forget this day.  "What is your name, Lording?" asked the little stroller presently.  "Robin Fitzsouf. And mine is Will Stutley. Shall we become, Rads?"  "Right, Willing."
npu-q8	2	s61-70968/clean/c20	010.wav	20.00	4.812	18.030	"I'd like you, Will. You're the second Will that I have met in light within two days. Is  there a sign in that?" Montfichet called out for Robin to give him an arm.  "Friends," said Montfichet faintly to the wrestlers. "Bear us escort so far as the
npu-q8	2	s61-70968/clean/c20	011.wav	20.00	5.031	18.810	house. It will not be safe for you to stay here now. Pray follow us, with mine and my  Lord Sheriff's men."  Nottingham Castle was reached, and admittance was demanded. Master Monceau, the Sheriff  of Nottingham, was mightily put about when told of the rioting, and Henry might return  to England at any moment.
npu-q8	2	s61-70968/ssb15/c20	000.wav	20.00	4.897	18.260	He began a confused complaint against the wizard who had vanished behind the curtain on the left.  "If not so, earneth the mind of these mummeries, child, a golden fortune and a happy life."  He was like unto my father, in a way, and yet was not my father.  Also, there was a stripping page,
npu-q8	2	s61-70968/ssb15/c20	001.wav	20.00	4.831	18.110	returned it to her maid. This was so sweet of Lady Sir, and in some manner I do think  she died. But then the picture was gone as quickly as it came. Mr. Nell, do you hear  these marbles? Take your place and let us see what the crystal can show to you. Like  if not young.
npu-q8	2	s61-70968/ssb15/c20	002.wav	20.00	5.281	19.650	Master, though I am an old man.  Force Whist all ran to the opening of the tent to see what might be amiss, but Master  Will, who peaked out first, needed no more than one glance.  He gave way to the others very readily and retreated unperceived by the squire and mistress  Bidsooth to the rear of the tent.  Cry the—I'm not a ghost!
npu-q8	2	s61-70968/ssb15/c20	003.wav	20.00	5.086	18.950	him, unknotting him. Before them fled the stroller and his three sons, capless and terrified.  "What is that tumult and rioting?" cried out the squire authoritatively, and he blew  twice on the silver whistle which hung at his cell. "Nay, we retrieved their request most  politely, most noble," said the little stroller.
npu-q8	2	s61-70968/ssb15/c20	004.wav	20.00	4.916	18.400	and then they became vexed and would have snatched your purse from us.  I could not see my boy injured at once,  for by doing the duty of one of Cumberland's sons.  So I did push this fellow.  It is enough that George came well sharply as he turned upon the crowd.  Shame on you citizen!
npu-q8	2	s61-70968/ssb15/c20	005.wav	20.00	4.912	18.390	I blush for my fellows of Nottingham. Surely we can submit with good grace.  It is fine for you to talk, old man, after the lean so-and-a-frentice.  But I wrestled with his fellow, and do know that he played unfairly in the second bout.  Spoke the squire losing all patience.
npu-q8	2	s61-70968/ssb15/c20	006.wav	20.00	5.278	19.650	And it was to you that I gave another person consolation.  "Come to me, men. Here, here!" he raised his voice still louder.  The strollers took their part in it with hearty zest, now that they had some chance of beating off their foes.  Robbiting a little tumbler between them, tried to force the squire to stand back,  and very valiantly did these two from the back.
npu-q8	2	s61-70968/ssb15/c20	007.wav	20.00	5.164	19.230	The head and chief of the riot, the Nottingham Apprentice, was quenched fists to threaten  Mont-Pichet.  His squire helped to thrust them all in and entered swiftly himself.  "Now be silent on your lies," he began, but the captured apprentice set up an instant  shout.  "Silent, you naïve," cried Mont-Pichet.
npu-q8	2	s61-70968/ssb15/c20	008.wav	20.00	5.199	19.320	He felt for and found the wizard's black claw.  The squire was quite out of breath.  Thrusting open the proper entrance of the tent,  Robin suddenly rushed forth with his burden with a great shout.  "A must be shea! A must be shea! Game well to the rescue!"  Taking advantage of this, the squire's few men redoubled their efforts, and...
npu-q8	2	s61-70968/ssb15/c20	009.wav	20.00	4.888	18.340	encouraged by Robin from the little stroller's drive, fought their way to him. George Montchichet  will never forget this day. "What is your name, Lording?" asked the little stroller presently.  "Robin is a thief, and mine is real stutley. Shall we become rats?"  "Right, Willing."
npu-q8	2	s61-70968/ssb15/c20	010.wav	20.00	4.851	18.170	"I'd like you, Will. You're the second Will that I have met and liked within two days.  Is there a sign in that?"  Monty Shea called out for Robin to give him an arm.  "Bren," said Monty Shea faintly to the rep for, "bear us escort so far as the sheriff
npu-q8	2	s61-70968/ssb15/c20	011.wav	20.00	4.947	18.470	It will not be safe for you to stay here now.  Pray follow us, with mine and my Lord Sheriff's men.  Nottingham Castle was reached and admittance was demanded.  Master Momso, the Sheriff of Nottingham, was mightily put about when told of the rioting,  and Henry might return to England at any moment.
npu-q8	2	s61-70968/ssb5/c20	000.wav	20.00	3.951	15.110	[  [  ]  [  ]  [  ]  [  ]  [  ]
npu-q8	2	s61-70968/ssb5/c20	001.wav	20.00	3.655	14.190	(Random voice)
npu-q8	2	s61-70968/ssb5/c20	002.wav	20.00	4.537	17.180	[  [  ]  [  ]  [  ]  [  ]  [  ]  [  ]  [  ]  [  ]  [  ]  [  ]
npu-q8	2	s61-70968/ssb5/c20	003.wav	20.00	5.075	18.950	We have automatic cameras before them to let the solar system go.  That was a terrifying thing.  We wanted them to come at them rioting,  cried out the fire,  and so we did it.  We tried to put the solar whistle which hung on the cell.  Today we received their request.  Look, the light was so renewable, said the little solar.
npu-q8	2	s61-70968/ssb5/c20	004.wav	20.00	4.916	18.400	And then we could play back and would have snatched your person on you.  I could not see my boy injured actually, so the boys were easily able to come to the sun.  So I did push this fellow.  It was a mess.  That George Gaines well sharply turned the problem out.  She monkeying for the sun.
npu-q8	2	s61-70968/ssb5/c20	005.wav	20.00	4.610	17.340	I dush for my fellows of Nottingham. Surely we can submit with good grace.  I bring you to talk, old man.  But I, recklessly, do know that he played unfairly in the second second.  So, this while, I'm using all patience.
npu-q8	2	s61-70968/ssb5/c20	006.wav	20.00	5.113	19.100	And it was seen you that I gave another person consolation to.  Company men, here, here!  We raised the voice so louder.  The strollers took their part in the department desk  now that they had some chance of beating off their bones.  Robin and the little tumbler between them  tried to force his wife to turn back.  And very valiantly did the excuse
npu-q8	2	s61-70968/ssb5/c20	007.wav	20.00	4.769	17.920	The head and sheep of the riot may not have ascended, but French stiff threatened Montuchel.  The fire helped to thrust them all in and entered Ciccer's farm.  Now, these pilot on your slide, the captured offenders set up an instant shout.  The pilot used mainly to cry Montuchel.
npu-q8	2	s61-70968/ssb5/c20	008.wav	20.00	3.872	14.910	[  ]  [  ]  [  ]  [  ]  [  ]
npu-q8	2	s61-70968/ssb5/c20	009.wav	20.00	5.419	20.060	(inaudible)
npu-q8	2	s61-70968/ssb5/c20	010.wav	20.00	9.701	34.610	I'm not the one who's going to fight for Robin. I like the bill. You're the second bill that I have met and like the bill. But they'll find a man.  Moffy Shae called out for Robin to give him an order.  He said Moffy Shae faintly interrupted.  There has been court so far as a sheriff has.
npu-q8	2	s61-70968/ssb5/c20	011.wav	20.00	5.136	19.160	It would not be safe for you to stay here now.  Great follow-up. With mine and my Lord Sheriff's men.  Not again, Capitol retreat.  No, this is just a matter of time.  Master Monstow, the Sheriff of Nottingham, is as lively as he could about when told of the rioting.  And I'm not trying to ignore that any longer.
npu-fa	2	s61-70968/clean/c20	002.wav	20.00	19.931	59.040	Master, though I am an old man. Fourth Whith all ran to the opening of the tent to see  what might be amiss; but Master Will, who peeped out first, needed no more than one glance.  He gave way to the others very readily, and retreated unperceived by the squire in Mistress  fits ooth to the rear of the tent.  Cries of a knotting
npu-fa	2	s61-70968/clean/c20	003.wav	20.00	6.470	17.210	him, unknotting him! Before them fled the stroller and his three sons, capless and terrified.  "What is that tumult and rioting?" cried out the squire authoritatively, and he blew  twice on the silver whistle which hung at his belt.  "Nay, we refuse their request most politely. Most noble," said the little stroller.
npu-fa	2	s61-70968/clean/c20	004.wav	20.00	6.319	16.660	And then they became vexed and would have snatched your purse from us.  I could not see my boy injured excellence for but doing his duty as one of Cumberland's sons.  So I did push this fellow.  "It is enough," said George Gamewell sharply as he turned upon the crowd.  "Shame on you, citizen."
npu-fa	2	s61-70968/clean/c20	005.wav	20.00	6.428	17.010	sins," cried he. "I blush for my fellows of Nottingham. Surely we can submit with good  grace."  "It is fine for you to talk, old man," answered the lean, sullen apprentice. "But I wrestled  with this fellow, and do know that he played unfairly in the second bout," spoke the squire  losing all patience.
npu-fa	2	s61-70968/clean/c20	006.wav	20.00	6.733	18.100	"And it was to you that I gave another person consolation."  "Come to me, men. Here, here!" he raised his voice still louder.  The strollers took their part in it with hearty zest, now that they had some chance of beating  off their foes.  Robin and the little tumbler between them tried to force the squire to stand back, and  very valiantly did these two comply.
npu-fa	2	s61-70968/clean/c20	007.wav	20.00	6.445	17.110	themselves. The head and chief of the riot, the Nottingham  apprentice, with clenched fists threatened Montfichet. The squire helped to thrust them  all in and entered swiftly himself. "Now, be silent on your lives," he began, but the  captured apprentice set up an instant shout. "Silence, you naïve," cried Montfichet.
npu-fa	2	s61-70968/clean/c20	008.wav	20.00	6.565	17.570	He felt fur and found the wizard's black cloth. The squire was quite out of breath.  Thrusting open the proper entrance of the tent, Robin suddenly rushed forth with his burden,  with a great shout, "A month viché, a month viché! Game well to the rescue!"  Taking advantage of this, the squire's few men redoubled their efforts, and,
npu-fa	2	s61-70968/clean/c20	009.wav	20.00	6.432	17.000	encouraged by Robbins and the little strollers' cries, fought their way to him. George Montfichet  will never forget this day.  "What is your name, Lording?" asked the little stroller presently.  "Robin Fitzsouf. And mine is Will Stutley. Shall we become, Rads?"  "Right, Willing."
npu-fa	2	s61-70968/clean/c20	010.wav	20.00	6.197	16.190	"I like you, Will. You are the second Will that I have met in light within two days. Is  there a sign in that?" Montfichet called out for Robin to give him an arm.  "Friends," said Montfichet faintly to the wrestlers. "Bear us escort so far as the sheriffs
npu-fa	2	s61-70968/clean/c20	011.wav	20.00	6.449	17.090	house. It will not be safe for you to stay here now. Pray follow us, with mine and my  Lord Sheriff's men."  Nottingham Castle was reached, and admittance was demanded. Master Monceau, the Sheriff  of Nottingham, was mightily put about when told of the rioting, and Henry might return  to England at any moment.
npu-fa	2	s61-70968/ssb15/c20	000.wav	20.00	6.258	16.390	He began a confused complaint against the wizard who had vanished behind the curtain on the left.  "If not so, earneth the mind of these mummeries, child, a golden fortune and a happy life."  He was like unto my father, in a way, and yet was not my father.  Also, there was a stripping page,
npu-fa	2	s61-70968/ssb15/c20	001.wav	20.00	6.200	16.180	returned it to her maid. This was so sweet of Lady Sir, and in some manner I do think  she died. But then the picture was gone as quickly as it came. Mr. Nell, do you hear  these marbles? Take your place and let us see what the crystal can show to you. Like  if not young.
npu-fa	2	s61-70968/ssb15/c20	002.wav	20.00	6.762	18.180	Master, though I am an old man.  Force Whist all ran to the opening of the tent to see what might be amiss, but Master  Will, who peaked out first, needed no more than one glance.  He gave way to the others very readily and retreated unperceived by the squire and mistress  Bidsooth to the rear of the tent.  Cry the—I'm not a ghost!
npu-fa	2	s61-70968/ssb15/c20	003.wav	20.00	6.490	17.180	him, unknotting him. Before them fled the stroller and his three sons, capless and terrified.  "What is that tumult and rioting?" cried out the squire authoritatively, and he blew  twice on the silver whistle which hung at his cell. "Nay, we refuse their request most  politely, most noble," said the little stroller.
npu-fa	2	s61-70968/ssb15/c20	004.wav	20.00	6.280	16.570	and then they became vexed and would have snatched your purse from us.  I could not see my boy injured at once,  for by doing the duty of one of Cumberland's sons.  So I did push this fellow.  It is enough that George came well sharply as he turned upon the crowd.  Shame on you citizen!
npu-fa	2	s61-70968/ssb15/c20	005.wav	20.00	6.263	16.450	I blush for my fellows of Nottingham. Surely we can submit with good grace.  It is fine for you to talk, old man, after the lean so-and-a-frentice.  But I wrestled with his fellow and do know that he played unfairly in the second bout.  Spoke the squire losing all patience.
npu-fa	2	s61-70968/ssb15/c20	006.wav	20.00	6.744	18.160	And it was to you that I gave another person consolation.  "Come to me, men. Here, here!" he raised his voice still louder.  The strollers took their part in it with hearty zest, now that they had some chance of beating off their foes.  Robbiting a little tumbler between them, tried to force the squire to stand back,  and very valiantly did these two from the back.
npu-fa	2	s61-70968/ssb15/c20	007.wav	20.00	6.451	17.110	The head and chief of the riots in Ottingham Apprentice, with quench fists, threatened Mont-Pichet.  The squire helped to thrust them all in and entered swiftly himself.  "Now be silent on your lies," he began, but the captured apprentice set up an instant shout.  "Silence, you naïve," cried Mont-Pichet.
npu-fa	2	s61-70968/ssb15/c20	008.wav	20.00	6.679	17.910	He felt for and found the wizard's black claw.  The squire was quite out of breath.  Thrusting open the proper entrance of the tent,  Robin suddenly rushed forth with his burden with a great shout.  "A must be shea! A must be shea!  Game well to the rescue!"  Taking advantage of this, the squire's few men redoubled their efforts, and...
npu-fa	2	s61-70968/ssb15/c20	009.wav	20.00	6.276	16.470	encouraged by Robin from the little stroller's drive, fought their way to him. George Montchichet  will never forget this day. "What is your name, Lording?" asked the little stroller presently.  "Robin is a thief, and mine is real stutley. Shall we become rats?"  "Right, Willing."
npu-fa	2	s61-70968/ssb15/c20	010.wav	20.00	6.266	16.350	"I'd like you, Will. You're the second Will that I have met and liked within two days.  Is there a sign in that?"  Monty Shea called out for Robin to give him an arm.  "Bren," said Monty Shea faintly to the rep for, "bear us escort so far as the sheriff's
npu-fa	2	s61-70968/ssb15/c20	011.wav	20.00	6.318	16.630	It will not be safe for you to stay here now.  Pray follow us, with mine and my Lord Sheriff's men.  Nottingham Castle was reached and admittance was demanded.  Master Momso, the Sheriff of Nottingham, was mightily put about when told of the rioting,  and Henry might return to England at any moment.
npu-fa	2	s61-70968/ssb5/c20	000.wav	20.00	5.099	12.370	[  [  ]  [  ]  [  ]  [  ]  [  ]
npu-fa	2	s61-70968/ssb5/c20	001.wav	20.00	6.717	18.180	I'm trying to figure this out. This was so easy. And somehow I do think she died. But then the picture has gone and quickly everything.  And now do you hear these marbles? Take your place and let us hear the cripple's mission. You like it's not young?
npu-fa	2	s61-70968/ssb5/c20	002.wav	20.00	5.855	15.030	[  [  ]  [  ]  [  ]  [  ]  [  ]  [  ]  [  ]  [  ]  [  ]  [  ]
npu-fa	2	s61-70968/ssb5/c20	003.wav	20.00	6.654	17.780	We have automatic cameras.  Before them, led the scroller to the ground.  That was a terrifying sight.  We wondered if they'd come at them.  Why, it ain't tried out the fire.  So, we did it.  We tried to find them.  We were free with their request.  Look, the light was so renewable.  That the little scroller...
npu-fa	2	s61-70968/ssb5/c20	004.wav	20.00	6.296	16.580	And then we could play back and would have snatched your person on you.  I could not see my boy injured actually, so the boys were easily able to come to the sun.  So I did push this fellow.  It was a mess.  That George Gaines well sharply turned the problem out.  She monkeying for the sun.
npu-fa	2	s61-70968/ssb5/c20	005.wav	20.00	5.893	15.200	I dush for my fellows of Nottingham. Surely we can submit with good grace.  I bring you to talk, old man.  But I, recklessly, do know that he played unfairly in the second second.  So, this while, I'm using all patience.
npu-fa	2	s61-70968/ssb5/c20	006.wav	20.00	6.530	17.330	And it was seen here that I gave another person consolation.  Company men, here, here!  We raised the voice so louder.  The strollers took their part in the department desk  now that they had some chance of beating off their bones.  Robin and the little tumbler between them  tried to force his wife to turn back.  And very valiantly did the excuse
npu-fa	2	s61-70968/ssb5/c20	007.wav	20.00	6.115	15.920	The head and sheep of the riot may not have ascended, but French stiff threatened Montuchel.  The fire helped to thrust them all in and entered Ciccer's farm.  Now, these pilot on your slide, the captured offenders set up an instant shout.  The pilot used mainly to cry Montuchel.
npu-fa	2	s61-70968/ssb5/c20	008.wav	20.00	5.003	12.050	[  ]  [  ]  [  ]  [  ]  [  ]
npu-fa	2	s61-70968/ssb5/c20	009.wav	20.00	8.783	25.090	First I want to go to school with pride, awful ladies. George Montice will never forget this day.  What is your name, Lordy?  Ask the Lord to come and help you.  Welcome to the city.  And mind if you'll have trouble, I'll be in contact.
npu-fa	2	s61-70968/ssb5/c20	010.wav	20.00	15.906	49.810	with the command of the F1 to battle after Robin.  I like the build. You're the second build that I've met.  And I think it's really good. But they'll find a man.  Moffy Shae's called out for Robin to give him an arm.  Brandy said Moffy Shae faintly interrupted.  Vera asked for it so far as a sheriff had.
npu-fa	2	s61-70968/ssb5/c20	011.wav	20.00	6.549	17.440	It would not be safe for you to stay here now.  Great follow-up. With mine and my Lord Sheriff's men.  Not again, Capitol retreat.  No, this is just a matter of time.  Master Monstow, the Sheriff of Nottingham,  was lightly put about when told of the rioting.  And I'm not trying to ignore that any more.
npu-c30	2	s61-70968/clean/c30	002.wav	30.00	10.199	33.520	him, unknotting him! Before them fled the stroller and his three sons, capless and terrified.  "What is that tumult and rioting?" cried out the squire authoritatively, and he blew  twice on the silver whistle which hung at his belt.  "Nay, we refuse their request most politely. Most noble," said the little stroller. "And  then they became vexed, and would have snatched your purse from us."  I could not see my boy injured excellence, for but doing his duty as one of Cumberland's sons.
npu-c30	2	s61-70968/clean/c30	003.wav	30.00	9.262	30.040	"So I did push this fellow."  "It is enough," said George Gamewell sharply as he turned upon the crowd.  "Shame on you, citizens!" cried he.  "I blush for my fellows of Nottingham.  Surely we can submit with good grace."  "Tis fine for you to talk, old man," answered the lean sullen apprentice.  "But I wrestled with this fellow, and do know that he played unfairly in the second bout."  the squire losing all patient.
npu-c30	2	s61-70968/clean/c30	004.wav	30.00	9.751	31.750	"And it was to you that I gave another person consolation!"  "Come to me, men. Here, here!" he raised his voice still louder.  The strollers took their part in it with hearty zest now that they had some chance of beating  off their foes. Robin and the little tumbler between them tried to force the squire to  stand back, and very valiantly did these two comport themselves.  The head and chief of the riot, the Nottingham Apprentice, with clenched fists threatened  Monfichet. The squire helped to thrust them all in and entered swiftly.
npu-c30	2	s61-70968/clean/c30	005.wav	30.00	9.514	30.980	himself. "Now, be silent on your lives," he began, but the captured apprentice set up  an instant shout. "Silence, you naïve!" cried Montfichet. He felt fur and found the wizard's  black cloth. The squire was quite out of breath. Thrusting open the proper entrance of the  tent, Robin suddenly rushed forth with his burden with a great shout. "A Montfichet!  A Montfichet! Game well to the rescue!" Taking advantage of this, the squire's few men redoubled  their efforts and
npu-c30	2	s61-70968/clean/c30	006.wav	30.00	9.603	31.230	encouraged by Robbins and the little strollers' cries, fought their way to him. George Montfichet  will never forget this day.  "What is your name, Lording?" asked the little stroller presently.  "Robin Fitzsouf."  "And mine is Will Stutley. Shall we become, Rads?"  "Right willingly, for between us we have won the battle," answered Robbin.  "I like you, Will. You are the second Will that I have met in light within two days.  Is there a sign in that?
npu-c30	2	s61-70968/clean/c30	007.wav	30.00	9.542	31.000	Montfiché called out for Robin to give him an arm.  "Friends," said Montfiché faintly to the wrestlers, "bear us escort so far as the sheriff's  house. It will not be safe for you to stay here now. Pray follow us, with mine and my  Lord Sheriff's men."  Nottingham Castle was reached, and admittance was demanded. Master Monceau, the sheriff  of Nottingham, was mightily put about when told of the rioting, and Henry might return  to England at any moment.
npu-c30	2	s61-70968/ssb15/c30	000.wav	30.00	9.229	29.870	He began a confused complaint against the wizard who had vanished behind the curtain on the left.  "If not so, earneth the mind of these mummeries, child, a golden fortune and a happy life."  He was like unto my father, in a way, and yet was not my father.  Also, there was a stripping page who turned into a maid.  This was so sweet a lady, sir, and in some manner I do think she died.  But then the picture was gone as quickly as it came.
npu-c30	2	s61-70968/ssb15/c30	001.wav	30.00	9.894	32.200	"Mr. Nell, do you hear these novels? Take your place and let us see what the crystal can show to you."  "Who like is not young, Master, though I am an old man?"  Forcwith all ran to the opening of the tent to see what might be amiss, but Master Will, who peaked out first, needed no more than one glance.  He gave way to the others very readily and retreated unperceived by the squire and mistress Bidsooth to the rear of the tent.  cry that I'm not a good person.
npu-c30	2	s61-70968/ssb15/c30	002.wav	30.00	9.630	31.360	him, unknotting him. Before them fled the stroller and his three sons, capless and terrified.  "What is that tumult and rioting?" cried out the squire authoritatively, and he blew  twice on the silver whistle which hung in his cell. "Nay, we retrieved their request most  politely, most noble," said the little stroller, "and then they became vexed and would have  snatched your purse from us. I could not see my boy injured, Exxon, for by doing their duty  at one of Cumberland Tun.
npu-c30	2	s61-70968/ssb15/c30	003.wav	30.00	8.974	29.070	So I did push this fellow.  It is enough that George came well sharply as he turned upon the crowd.  Shame on you, citizens, cried he.  I blush for my fellows of Nottingham.  Surely we can submit with good grace.  It is fine for you to talk old man after the lean fellow in apprentice.  But I wrestled with this fellow and do know that he played unfairly in the second bout.  of this choir, leaving all patients.
npu-c30	2	s61-70968/ssb15/c30	004.wav	30.00	9.842	32.060	"And it was to you that I gave another person consolation.  "Come to me, men.  Here, here!" he raised his voice still louder.  The strollers took their part in it with hearty zest, now that they had some chance of beating  off their foes.  Robbiting a little tumbler between them, tried to force the squire to stand back, and very  valiantly did these two comport themselves.  The head and chief of the riot, the Nottingham Apprentice, with quench fists threatened Monteshe.  fire help to thrust them all in and enter quickly.
npu-c30	2	s61-70968/ssb15/c30	005.wav	30.00	9.443	30.710	himself. "Now, be silent on your lies," he began, but the captured apprentice set up an instant shout.  "Silence, you naïve," cried Montbichet. He felt firm, found the wizard's black cloth.  The squire was quite out of breath. Thrusting open the proper entrance of the tent,  Robin suddenly rushed forth with his burden with a great shout.  "A Montbichet! A Montbichet! Game well to the rescue!"  taking advantage of this requires few men redoubled their efforts and
npu-c30	2	s61-70968/ssb15/c30	006.wav	30.00	9.633	31.350	encouraged by Robbins and the little stroller's cries,  fought their way to him.  George Montice will never forget this day.  What is your name, Lording?  Ask the little stroller presently.  Robbins is his youth.  And mine is Will Stutley.  Shall we become friends?  Right willingly, for between us we have won the battle,  answered Robbins.  I like you, Will.  You're the second Will that I have met and liked within two  days.  Is that all fine and that?
npu-c30	2	s61-70968/ssb15/c30	007.wav	30.00	9.459	30.750	"Monsichet called out for Robin to give him an arm."  "Brand," said Monsichet faintly to the wrestler, "bear us escort so far as the sheriff's house.  It will not be safe for you to stay here now.  Pray follow us, with mine and my Lord Sheriff's men."  Nottingham Castle was reached and admittance was demanded.  Master Monso, the sheriff of Nottingham, was mightily put about when told of the rioting,  and Henry might return to England at any moment.
npu-c30	2	s61-70968/ssb5/c30	000.wav	30.00	7.388	23.510	[  ]  [  ]  [  ]  [  ]  [  ]  [  ]  Make sure you comment quickly at the end.
npu-c30	2	s61-70968/ssb5/c30	001.wav	30.00	8.057	25.850	[  ]  [  ]  [  ]  [  ]  [  ]  [  ]  [  ]  (audience applauding)  I'm not even sure what to do.
npu-c30	2	s61-70968/ssb5/c30	002.wav	30.00	9.620	31.170	We have automatic cameras before them to let the solar energy come.  Apple said, "Terrifying."  "What if the commons in rioting tried out the fire from the radio station?"  "We would fight on the solar lift over time, myself."  "Today, we were free with their request.  Look, the light was so renewable," said the little solar.  And then we would stay back and would have snatched your person.  I could not see my boy injured actually, so the viewers would be easily able to come  time.
npu-c30	2	s61-70968/ssb5/c30	003.wav	30.00	9.422	30.600	So I did first this fellow.  Did he?  No.  That George game well sharply.  I'm sorry to talk about it.  Shame on you, citizen of the public.  I dush for my fellows of Nottingham.  Surely we can submit with good grace.  I bring you to talk, old man.  I bring you to talk about it.  But I, recklessly,  I do know that he played unfairly in the second half of the game.  of this while using all patients.
npu-c30	2	s61-70968/ssb5/c30	004.wav	30.00	9.811	31.980	And it was seen here that I gave another person consolation.  Company men, here, here, we raise their voices so louder.  The strollers took their part in the curtain dance, now that they had some chance of beating off their bones.  Robin and the little tumbler between them tried to force his wife to land back,  and very valiantly did he a tooth-in-pork in the morning.  The head and sheaf of the wife, the Ottingham Sperma, was clenched stiff, threatened most of the show.  Why? I hope we trust them all in and enter the system.
npu-c30	2	s61-70968/ssb5/c30	005.wav	30.00	9.329	30.330	Now, East Violet, on your slide.  The captured offenders set up an instant shout.  Violet, you may be surprised by the sound.  You're not burned down with your black cloth.  It's quiet and quiet and quiet.  Thrusting open the proper entrance of the night,  Robin suddenly rushed forth with his burden with his great shout.  A monty shay, a monty shay,  he will to the rescue.  Taking advantage of this,  and redoubled their efforts and
npu-c30	2	s61-70968/ssb5/c30	006.wav	30.00	9.728	31.700	The first I rob him of is the school they've tried,  off the laser.  George Montice will never forget this day.  What is your name, Lordy?  Ask the school they've tried.  The robbing is quickly over.  And mine is real sturdily.  What is the problem?  Right, really, please.  The between us we have won the battle,  after robbing.  I like the bill.  You're the second bill that I have met  and like the decision to give.  But they were fine in that.
npu-c30	2	s61-70968/ssb5/c30	007.wav	30.00	9.520	30.910	The Monkish's made my doubt for Robin to give him an arm.  The Grands said Monkish's faith was interrupted.  Bear us escort so far as the sheriff counts.  It would not be safe for you to stay here now.  Great follow-up. With mine and my Lord Sheriff's men.  Not again, capital retreat.  And his business is in the mountains.  Master Monk's though, the sheriff has not even put a lightly put about when told of the rioting.  [INAUDIBLE]
npu-ac1000	2	s61-70968/clean/c20	002.wav	20.00	12.134	41.040	Master, though I am an old man. Fourth Whith all ran to the opening of the tent to see  what might be amiss; but Master Will, who peeped out first, needed no more than one glance.  He gave way to the others very readily, and retreated unperceived by the squire in Mistress  Fitz-Ooth to the rear of the tent. Cries of unnotting, unnotting, unnotting, unnotting,
npu-ac1000	2	s61-70968/clean/c20	003.wav	20.00	4.324	13.970	him, unknotting him!" Before them fled the stroller and his three sons,  capless and terrified.  "What is that tumult and rioting?" cried out the squire authoritatively, and he blew  twice on the silver whistle which hung at his belt.  "Nay, we refuse their request most politely. Most noble," said the little stroller. "Nay,  we refuse their request most politely. Most noble," said the little stroller. "Nay, we refuse
npu-ac1000	2	s61-70968/clean/c20	004.wav	20.00	3.859	12.400	And then they became vexed, and would have snatched your purse from us.  I could not see my boy injured excellence, for but doing his duty as one of Cumberland's  sons.  So I did push this fellow.  "It is enough," said George Gamewell sharply as he turned upon the crowd.  "Shame on you, citizenous citizeness, that you have been so kind to me.
npu-ac1000	2	s61-70968/clean/c20	005.wav	20.00	3.955	12.720	sins," cried he. "I blush for my fellows of Nottingham. Surely we can submit with good  grace."  "Tis fine for you to talk, old man," answered the lean sullen apprentice. "But I wrestled  with this fellow, and do know that he played unfairly in the second bout," spoke the squire  losing all patient. "I wrestled with this fellow, and do know that he played unfairly in the
npu-ac1000	2	s61-70968/clean/c20	006.wav	20.00	11.277	38.150	"And it was to you that I gave another person consolation. Come to me, men, here, here!"  He raised his voice still louder. The strollers took their part in it with hearty zest, now  that they had some chance of beating off their foes. Robin and the little tumbler between  them tried to force the squire to stand back, and very valiantly did these two come to come,
npu-ac1000	2	s61-70968/clean/c20	007.wav	20.00	4.390	14.200	themselves. The head and chief of the riot, the Nottingham  apprentice, with clenched fists threatened Montfichet. The squire helped to thrust them  all in and entered swiftly himself. "Now, be silent on your lives," he began, but the  captured apprentice set up an instant shout. "Silence, you naïve!" cried Montfichet.  "Sit down, you naïve!" cried Montfichet. "Sit down, you naïve!" cried Montfichet.
npu-ac1000	2	s61-70968/clean/c20	008.wav	20.00	3.744	12.000	He felt fur and found the wizard's black cloth. The squire was quite out of breath.  Thrusting open the proper entrance of the tent, Robin suddenly rushed forth with his  burden with a great shout, "A month viché, a month viché! Game well to the rescue!"  Taking advantage of this, the squire's few men redoubled their efforts, and—and, and
npu-ac1000	2	s61-70968/clean/c20	009.wav	20.00	3.815	12.260	encouraged by Robbins and the little strollers' cries, fought their way to him. George Montfichet  will never forget this day.  "What is your name, Lording?" asked the little stroller presently.  "Robin Fitzsouf. And mine is Will Stutley. Shall we become, Rads?"  "Right, Willie." replied the little stroller. "Right, Willie."
npu-ac1000	2	s61-70968/clean/c20	010.wav	20.00	4.242	13.710	"Boringly, for between us we have won the battle," answered Robin.  "I like you, Will.  You are the second Will that I have met in light within two days.  Is there a sign in that?"  Montfichet called out for Robin to give him an arm.  "Friends," said Montfichet faintly to the wrestlers.  "Bear us escort so far as the sheriffs have, have us escort so far as the sheriffs have,
npu-ac1000	2	s61-70968/clean/c20	011.wav	20.00	3.590	11.480	house. It will not be safe for you to stay here now. Pray follow us, with mine and my  Lord Sheriff's men."  Nottingham Castle was reached, and admittance was demanded. Master Monceau, the Sheriff  of Nottingham, was mightily put about when told of the rioting, and Henry might return  to England at any moment.
npu-ac1000	2	s61-70968/ssb15/c20	000.wav	20.00	5.175	16.130	He began a confused complaint against the wizard who had vanished behind the curtain on the left.  "If not so, earneth the mind of these mummeries, child, a golden fortune and a happy life."  He was like unto my father, in a way, and yet was not my father.  Also, there was a stripping page, which was
npu-ac1000	2	s61-70968/ssb15/c20	001.wav	20.00	8.545	27.660	She returned it to her maid.  This was so sweet, old lady sir, and in some manner I do think she died.  But then the picture was gone as quickly as it came.  Mr. Nell, do you hear these marvels?  Take your place and let us see what the crystal can show to you.  Like if not young.
npu-ac1000	2	s61-70968/ssb15/c20	002.wav	20.00	8.957	29.280	Master, though I am an old man. Force Whist all ran to the opening of the tent to see what might be amiss, but Master Will, who peeped out first, needed no more than one glance. He gave way to the others very readily and retreated unperceived by the squire and mistress Bidsooth to the rear of the tent.  cry that I'm not a good person.
npu-ac1000	2	s61-70968/ssb15/c20	003.wav	20.00	3.650	11.720	him, unknotting him. Before them fled the stroller and his three sons, capless and terrified.  "What is that tumult and rioting?" cried out the squire authoritatively, and he blew  twice on the silver whistle which hung at his cell.  "Nay, we refuse their request most politely, most noble," said the little stroller. "Before
npu-ac1000	2	s61-70968/ssb15/c20	004.wav	20.00	5.318	16.710	and then they became vexed and would have snatched your purse from us.  I could not see my boy injured at once, for by doing the duty of one of Cumberland's sons.  So I did push this fellow.  It is enough that George gained well sharply as he turned upon the crowd.  shame on you citizens.
npu-ac1000	2	s61-70968/ssb15/c20	005.wav	20.00	3.559	11.400	I blush for my fellows of Nottingham. Surely we can submit with good grace.  "It is fine for you to talk, old man," answered the lean fellow in apprentice.  But I wrestled with his fellow, and do know that he played unfairly in the second bout.  Spoke the squire losing all patience. Spoke the squire losing all patience.
npu-ac1000	2	s61-70968/ssb15/c20	006.wav	20.00	4.054	13.080	"And it was to you that I gave another person consolation.  "Come to me, men.  Here, here!" he raised his voice still louder.  The strollers took their part in it with hearty zest, now that they had some chance of beating  off their foes.  Robbiting a little tumbler between them, tried to force the squire to stand back, and very  valiantly did these two from the foes stand back.
npu-ac1000	2	s61-70968/ssb15/c20	007.wav	20.00	3.704	11.880	The head and chief of the riots in Ottingham Apprentice, with quench fists, threatened  Mont-Pichet.  His squire helped to thrust them all in and entered swiftly himself.  "Now be silent on your lies," he began, but the captured apprentice set up an instant  shout.  "Silence, you naïve," cried Mont-Pichet.
npu-ac1000	2	s61-70968/ssb15/c20	008.wav	20.00	3.720	11.930	He felt for and found the wizard's black claw.  The squire was quite out of breath.  Thrusting open the proper entrance of the tent,  Robin suddenly rushed forth with his burden with a great shout.  "A must be shea! A must be shea! Game well to the rescue!"  Taking advantage of this, the squire's few men redoubled their efforts,
npu-ac1000	2	s61-70968/ssb15/c20	009.wav	20.00	3.518	11.250	encouraged by Robin from the little stroller's drive,  fought their way to him.  George Montice will never forget this day.  What is your name, Lording?  Ask the little stroller presently.  Robin sits loose.  And mine is real stutley.  Shall we become, Rad?  Right, Willie.
npu-ac1000	2	s61-70968/ssb15/c20	010.wav	20.00	3.423	10.930	"I'd like you, Will. You're the second Will that I have met and liked within two days.  Is there a sign in that?"  Montchichet called out for Robin to give him an arm.  "Bren," said Montchichet faintly to the rep for, "bear us escort so far as the sheriffs
npu-ac1000	2	s61-70968/ssb15/c20	011.wav	20.00	3.520	11.240	It will not be safe for you to stay here now.  Pray follow us, with mine and my Lord Sheriff's men.  Nottingham Castle was reached, and admittance was demanded.  Master Momso, the Sheriff of Nottingham, was mightily put about when told of the rioting,  and Henry might return to England at any moment.
npu-ac1000	2	s61-70968/ssb5/c20	000.wav	20.00	4.363	13.410	[Pause]  So there was a cutting edge between the two.
npu-ac1000	2	s61-70968/ssb5/c20	001.wav	20.00	3.442	11.000	I'm trying to explain to you.  This was so easy.  And in some manner I do think she died.  But then the picture was gone and quickly everything.  And now do you hear these marbles?  Take your place and let us see what the cripple can show you.  You like to be not young anymore.
npu-ac1000	2	s61-70968/ssb5/c20	002.wav	20.00	1.987	6.060	[INAUDIBLE]
npu-ac1000	2	s61-70968/ssb5/c20	003.wav	20.00	6.704	21.940	"We am, I'm not a clown." Before them, Tread the scroller, he said, "Apollot is terrified." "What is that comment?" "A rioting," cried out the squire. "I'm going to kill you." "Please, wipe on the silver lip or we're coming to you." "No." "Today, we were free with their request." "Look, the light is so beautiful," said the little scroller.
npu-ac1000	2	s61-70968/ssb5/c20	004.wav	20.00	3.491	11.150	And then we could play back and would have snatched your person.  I could not see my boy injured actually.  So the boys were easily able to come to the sun.  So I did push this fellow.  It was not that George came well sharply.  He turned the problem out.  She mon-used the business to this day.
npu-ac1000	2	s61-70968/ssb5/c20	005.wav	20.00	4.947	15.390	I dush for my fellows of Nottingham. Surely we can submit with good grace.  I bring you to talk, old man.  But I, recklessly, and do know that he played unfairly in the second second.  Why are you being all patient?
npu-ac1000	2	s61-70968/ssb5/c20	006.wav	20.00	3.779	12.150	And it was seen you that I gave another person consolation to.  Company men, here, here, we raise this voice so louder.  The strollers took their part in it, which part of that now is they have some chance of beating off their bones.  Robin and the little tumbler between them tried to force this while he ran back.  And very valiantly did the excuse and took them from the boat.
npu-ac1000	2	s61-70968/ssb5/c20	007.wav	20.00	3.475	11.080	The head and sheath of the riot, the Ottingham Accent,  has clenched their threatened multi-shows.  The fire helped to thrust them all in and entered the system.  Now, these pilot on your slide,  the captured apprentice set up an instant shout.  The pilot used main, cried multi-shows.
npu-ac1000	2	s61-70968/ssb5/c20	008.wav	20.00	4.682	15.200	He felt burnt down with his black cloth. His wife was playing the drums.  Thrusting open the copper entrance of the house, Robin suddenly rushed forth to disperse into the great shelter.  "A musty shea, a musty shea, he will to the rescue!"  Taking advantage of this, the fires two men redoubled their efforts and,
npu-ac1000	2	s61-70968/ssb5/c20	009.wav	20.00	3.311	10.550	The first I promise I will always cry, "Poffer ladies!"  George Montice will never forget this day.  What is your name, Lordy? Ask the Lord to call me.  Welcome to the city.  And mind of you of public, where do you come from?  Right, really.
npu-ac1000	2	s61-70968/ssb5/c20	010.wav	20.00	4.690	14.550	I have a second will that I have met before.  But they'll find a man.  Mochiche called out to Robin to give him an arm.  He said Mochiche faintly interrupted.  bear us escort so far as a sheriff.
npu-ac1000	2	s61-70968/ssb5/c20	011.wav	20.00	3.726	11.950	It would not be safe for you to stay here now.  Great follow-up. With mine and my Lord Sheriff's men.  Not again, capital retreat.  No, this is just a matter of time.  Master Monstow, the Sheriff of Nottingham,  was lightly put about when told of the rioting.  And the FHR tried to ignore that any moment.
npu	2	s61-70968/clean/c20	002.wav	20.00	16.663	55.660	Master, though I am an old man. Fourth Whith all ran to the opening of the tent to see  what might be amiss, but Master Will, who peeped out first, needed no more than one glance.  He gave way to the others very readily and retreated unperceived by the squire in Mistress  fits ooth to the rear of the tent.  Cries of a knotting
npu	2	s61-70968/clean/c20	003.wav	20.00	5.330	17.400	him, unknotting him! Before them fled the stroller and his three sons, capless and terrified.  "What is that tumult and rioting?" cried out the squire authoritatively, and he blew  twice on the silver whistle which hung at his belt.  "Nay, we refuse their request most politely. Most noble," said the little stroller.
npu	2	s61-70968/clean/c20	004.wav	20.00	5.178	16.880	And then they became vexed and would have snatched your purse from us.  I could not see my boy injured excellence for but doing his duty as one of Cumberland's sons.  So I did push this fellow.  "It is enough," said George Gamewell sharply as he turned upon the crowd.  "Shame on you, citizen."
npu	2	s61-70968/clean/c20	005.wav	20.00	5.296	17.250	sins," cried he. "I blush for my fellows of Nottingham. Surely we can submit with good  grace."  "It is fine for you to talk, old man," answered the lean, sullen apprentice. "But I wrestled  with this fellow, and do know that he played unfairly in the second bout," spoke the squire  losing all patience.
npu	2	s61-70968/clean/c20	006.wav	20.00	5.601	18.320	"And it was to you that I gave another person consolation!"  "Come to me, men. Here, here!" he raised his voice still louder.  The strollers took their part in it with hearty zest, now that they had some chance of beating  off their foes.  Robin and the little tumbler between them tried to force the squire to stand back, and  very valiantly did these two comply.
npu	2	s61-70968/clean/c20	007.wav	20.00	5.302	17.350	themselves. The head and chief of the riot, the Nottingham  apprentice, with clenched fists threatened Montfichet. The squire helped to thrust them  all in and entered swiftly himself. "Now, be silent on your lives," he began, but the  captured apprentice set up an instant shout. "Silence, you naïve," cried Montfichet.
npu	2	s61-70968/clean/c20	008.wav	20.00	5.446	17.780	He felt fur and found the wizard's black cloth. The squire was quite out of breath.  Thrusting open the proper entrance of the tent, Robin suddenly rushed forth with his burden,  with a great shout, "A month viché, a month viché! Game well to the rescue!"  Taking advantage of this, the squire's few men redoubled their efforts, and,
npu	2	s61-70968/clean/c20	009.wav	20.00	5.265	17.220	encouraged by Robbins and the little strollers' cries, fought their way to him. George Montfichet  will never forget this day.  "What is your name, Lording?" asked the little stroller presently.  "Robin Fitzsouf. And mine is Will Stutley. Shall we become, Rads?"  "Right, Willing."
npu	2	s61-70968/clean/c20	010.wav	20.00	5.090	16.430	"I like you, Will. You are the second Will that I have met in light within two days. Is  there a sign in that?" Montfichet called out for Robin to give him an arm.  "Friends," said Montfichet faintly to the wrestlers. "Bear us escort so far as the sheriffs
npu	2	s61-70968/clean/c20	011.wav	20.00	5.304	17.320	house. It will not be safe for you to stay here now. Pray follow us, with mine and my  Lord Sheriff's men."  Nottingham Castle was reached, and admittance was demanded. Master Monceau, the Sheriff  of Nottingham, was mightily put about when told of the rioting, and Henry might return  to England at any moment.
npu	2	s61-70968/ssb15/c20	000.wav	20.00	5.112	16.590	He began a confused complaint against the wizard who had vanished behind the curtain on the left.  "If not so, earneth the mind of these mummeries, child, a golden fortune and a happy life."  He was like unto my father, in a way, and yet was not my father.  Also, there was a stripping page,
npu	2	s61-70968/ssb15/c20	001.wav	20.00	5.058	16.430	returned it to her maid. This was so sweet of Lady Sir, and in some manner I do think  she died. But then the picture was gone as quickly as it came. Mr. Nell, do you hear  these marbles? Take your place and let us see what the crystal can show to you. Like  if not young.
npu	2	s61-70968/ssb15/c20	002.wav	20.00	5.611	18.390	Master, though I am an old man.  Force Whist all ran to the opening of the tent to see what might be amiss, but Master  Will, who peaked out first, needed no more than one glance.  He gave way to the others very readily and retreated unperceived by the squire and mistress  Bidsooth to the rear of the tent.  Cry the—I'm not a ghost!
npu	2	s61-70968/ssb15/c20	003.wav	20.00	5.327	17.420	him, unknotting him. Before them fled the stroller and his three sons, capless and terrified.  "What is that tumult and rioting?" cried out the squire authoritatively, and he blew  twice on the silver whistle which hung at his cell. "Nay, we refuse their request most  politely, most noble," said the little stroller.
npu	2	s61-70968/ssb15/c20	004.wav	20.00	5.149	16.780	and then they became vexed and would have snatched your purse from us.  I could not see my boy injured at once,  for by doing the duty of one of Cumberland's sons.  So I did push this fellow.  It is enough that George came well sharply as he turned upon the crowd.  Shame on you citizen!
npu	2	s61-70968/ssb15/c20	005.wav	20.00	4.970	16.140	I blush for my fellows of Nottingham. Surely we can submit with good grace.  It is fine for you to talk, old man, answer the lean fellow in apprentice.  But I wrestled with his fellow and do know that he played unfairly in the second bout.  Spoke the squire losing all patience.
npu	2	s61-70968/ssb15/c20	006.wav	20.00	5.617	18.400	And it was to you that I gave another person consolation.  "Come to me, men. Here, here!" he raised his voice still louder.  The strollers took their part in it with hearty zest, now that they had some chance of beating off their foes.  Robbiting a little tumbler between them, tried to force the squire to stand back,  and very valiantly did these two from the back.
npu	2	s61-70968/ssb15/c20	007.wav	20.00	5.309	17.330	The head and chief of the riots in Ottingham Apprentice, with quench fists, threatened Mont-Pichet.  The squire helped to thrust them all in and entered swiftly himself.  "Now be silent on your lies," he began, but the captured apprentice set up an instant shout.  "Silence, you naïve," cried Mont-Pichet.
npu	2	s61-70968/ssb15/c20	008.wav	20.00	5.459	17.860	He felt for and found the wizard's black claw.  The squire was quite out of breath.  Thrusting opened the proper entrance of the tent.  Robin suddenly rushed forth with his burden with a great shout.  "A must be shea! A must be shea! Game well to the rescue!"  Taking advantage of this, the squire's few men redoubled their efforts and...
npu	2	s61-70968/ssb15/c20	009.wav	20.00	5.136	16.710	encouraged by Robin from the little stroller's drive, fought their way to him. George Montchichet  will never forget this day. "What is your name, Lording?" asked the little stroller presently.  "Robin is a thief, and mine is real stutley. Shall we become rats?"  "Right, Willing."
npu	2	s61-70968/ssb15/c20	010.wav	20.00	5.155	16.630	"I'd like you, Will. You're the second Will that I have met and liked within two days.  Is there a sign in that?"  Monty Shea called out for Robin to give him an arm.  "Bren," said Monty Shea faintly to the rep for, "bear us escort so far as the sheriff's
npu	2	s61-70968/ssb15/c20	011.wav	20.00	5.178	16.860	It will not be safe for you to stay here now.  Pray follow us, with mine and my Lord Sheriff's men.  Nottingham Castle was reached and admittance was demanded.  Master Momso, the Sheriff of Nottingham, was mightily put about when told of the rioting,  and Henry might return to England at any moment.
npu	2	s61-70968/ssb5/c20	000.wav	20.00	3.939	12.550	[  [  ]  [  ]  [  ]  [  ]  [  ]
npu	2	s61-70968/ssb5/c20	001.wav	20.00	5.576	18.370	I'm trying to figure this out. This was so easy. And somehow I do think she died. But then the picture has gone and quickly everything.  And now do you hear these marbles? Take your place and let us hear the cripple's mission. Like if not young.
npu	2	s61-70968/ssb5/c20	002.wav	20.00	4.695	15.220	[  [  ]  [  ]  [  ]  [  ]  [  ]  [  ]  [  ]  [  ]  [  ]  [  ]
npu	2	s61-70968/ssb5/c20	003.wav	20.00	5.500	18.030	We have automatic cameras.  Before them, led the scroller to the ground.  That was a terrifying sight.  We wondered if they'd come at them.  Why, it ain't tried out the fire.  So, we did it.  We tried to find them.  We were free with their request.  Look, the light was so renewable.  That the little scroller...
npu	2	s61-70968/ssb5/c20	004.wav	20.00	5.142	16.760	And then we could play back and would have snatched your person on you.  I could not see my boy injured actually, so the boys were easily able to come to the sun.  So I did push this fellow.  It was a mess.  That George Gaines well sharply turned the problem out.  She monkeying for the sun.
npu	2	s61-70968/ssb5/c20	005.wav	20.00	4.821	15.450	I dush for my fellows of Nottingham. Surely we can submit with good grace.  I bring you to talk, old man.  But I, recklessly, do know that he played unfairly in the second second.  So, this while, I'm using all patience.
npu	2	s61-70968/ssb5/c20	006.wav	20.00	5.384	17.580	And it was seen here that I gave another person consolation.  Company men, here, here!  We raised the voice so louder.  The strollers took their part in the department desk  now that they had some chance of beating off their bones.  Robin and the little tumbler between them  tried to force his wife to turn back.  And very valiantly did the excuse
npu	2	s61-70968/ssb5/c20	007.wav	20.00	4.972	16.160	The head and sheep of the riot may not have ascended, but French stiff threatened Montuchel.  The fire helped to thrust them all in and entered Ciccer's farm.  Now, these pilot on your slide, the captured offenders set up an instant shout.  The pilot used mainly to cry Montuchel.
npu	2	s61-70968/ssb5/c20	008.wav	20.00	3.861	12.320	[  ]  [  ]  [  ]  [  ]  [  ]
npu	2	s61-70968/ssb5/c20	009.wav	20.00	6.109	20.060	First I want to go to school with pride, awful as it is. George Montice will never forget this day.  What is your name, Lordy? Ask the Lord to come.  Welcome to the future.  And mind if you'll step away, so that he can come back.  Right, Lordy.
npu	2	s61-70968/ssb5/c20	010.wav	20.00	5.908	19.480	[Multiple voices]
npu	2	s61-70968/ssb5/c20	011.wav	20.00	5.455	17.660	It would not be safe for you to stay here now.  Great follow-up. With mine and my Lord Sheriff's men.  Not again, Capitol retreat.  No, this is just a matter of time.  Master Monstow, the Sheriff of Nottingham,  was lightly put about when told of the rioting.  And I'm not trying to ignore that any longer.
cpu	2	s61-70968/clean/c20	002.wav	20.00	21.627	80.550	Master, though I am an old man. Fourth Whith all ran to the opening of the tent to see  what might be amiss, but Master Will, who peeped out first, needed no more than one glance.  He gave way to the others very readily and retreated unperceived by the squire in Mistress  fits ooth to the rear of the tent.  Cries of a knotting
cpu	2	s61-70968/clean/c20	003.wav	20.00	7.800	29.830	him, unknotting him! Before them fled the stroller and his three sons, capless and terrified.  "What is that tumult and rioting?" cried out the squire authoritatively, and he blew  twice on the silver whistle which hung at his belt.  "Nay, we refuse their request most politely. Most noble," said the little stroller.
cpu	2	s61-70968/clean/c20	004.wav	20.00	7.644	29.290	And then they became vexed and would have snatched your purse from us.  I could not see my boy injured excellence for but doing his duty as one of Cumberland's sons.  So I did push this fellow.  "It is enough," said George Gamewell sharply as he turned upon the crowd.  "Shame on you, citizen."
cpu	2	s61-70968/clean/c20	005.wav	20.00	7.747	29.660	sins," cried he. "I blush for my fellows of Nottingham. Surely we can submit with good  grace."  "It is fine for you to talk, old man," answered the lean, sullen apprentice. "But I wrestled  with this fellow, and do know that he played unfairly in the second bout," spoke the squire  losing all patience.
cpu	2	s61-70968/clean/c20	006.wav	20.00	8.069	30.770	"And it was to you that I gave another person consolation."  "Come to me, men. Here, here!" he raised his voice still louder.  The strollers took their part in it with hearty zest, now that they had some chance of beating  off their foes.  Robin and the little tumbler between them tried to force the squire to stand back, and  very valiantly did these two comply.
cpu	2	s61-70968/clean/c20	007.wav	20.00	7.779	29.760	themselves. The head and chief of the riot, the Nottingham  apprentice, with clenched fists threatened Montfichet. The squire helped to thrust them  all in and entered swiftly himself. "Now, be silent on your lives," he began, but the  captured apprentice set up an instant shout. "Silence, you naïve," cried Montfichet.
cpu	2	s61-70968/clean/c20	008.wav	20.00	7.908	30.200	He felt fur and found the wizard's black cloth. The squire was quite out of breath.  Thrusting open the proper entrance of the tent, Robin suddenly rushed forth with his burden,  with a great shout, "A month viché, a month viché! Game well to the rescue!"  Taking advantage of this, the squire's few men redoubled their efforts, and,
cpu	2	s61-70968/clean/c20	009.wav	20.00	7.762	29.670	encouraged by Robbins and the little strollers' cries, fought their way to him. George Montfichet  will never forget this day.  "What is your name, Lording?" asked the little stroller presently.  "Robin Fitzsouf. And mine is Will Stutley. Shall we become, Rads?"  "Right, Willing."
cpu	2	s61-70968/clean/c20	010.wav	20.00	7.530	28.860	"I like you, Will. You are the second Will that I have met in light within two days. Is  there a sign in that?" Montfichet called out for Robin to give him an arm.  "Friends," said Montfichet faintly to the wrestlers. "Bear us escort so far as the sheriffs
cpu	2	s61-70968/clean/c20	011.wav	20.00	7.775	29.760	house. It will not be safe for you to stay here now. Pray follow us, with mine and my  Lord Sheriff's men."  Nottingham Castle was reached, and admittance was demanded. Master Monceau, the Sheriff  of Nottingham, was mightily put about when told of the rioting, and Henry might return  to England at any moment.
cpu	2	s61-70968/ssb15/c20	000.wav	20.00	7.586	29.050	He began a confused complaint against the wizard who had vanished behind the curtain on the left.  "If not so, earneth the mind of these mummeries, child, a golden fortune and a happy life."  He was like unto my father, in a way, and yet was not my father.  Also, there was a stripping page,
cpu	2	s61-70968/ssb15/c20	001.wav	20.00	7.517	28.850	returned it to her maid. This was so sweet of Lady Sir, and in some manner I do think  she died. But then the picture was gone as quickly as it came. Mr. Nell, do you hear  these marbles? Take your place and let us see what the crystal can show to you. Like  if not young.
cpu	2	s61-70968/ssb15/c20	002.wav	20.00	8.091	30.860	Master, though I am an old man.  Force Whist all ran to the opening of the tent to see what might be amiss, but Master  Will, who peaked out first, needed no more than one glance.  He gave way to the others very readily and retreated unperceived by the squire and mistress  Bidsooth to the rear of the tent.  Cry the—I'm not a ghost!
cpu	2	s61-70968/ssb15/c20	003.wav	20.00	7.809	29.870	him, unknotting him. Before them fled the stroller and his three sons, capless and terrified.  "What is that tumult and rioting?" cried out the squire authoritatively, and he blew  twice on the silver whistle which hung at his cell. "Nay, we refuse their request most  politely, most noble," said the little stroller.
cpu	2	s61-70968/ssb15/c20	004.wav	20.00	7.621	29.210	and then they became vexed and would have snatched your purse from us.  I could not see my boy injured at once,  for by doing the duty of one of Cumberland's sons.  So I did push this fellow.  It is enough that George came well sharply as he turned upon the crowd.  Shame on you citizen!
cpu	2	s61-70968/ssb15/c20	005.wav	20.00	7.606	29.160	I blush for my fellows of Nottingham. Surely we can submit with good grace.  It is fine for you to talk, old man, after the lean so-and-a-frentice.  But I wrestled with his fellow and do know that he played unfairly in the second bout.  Spoke the squire losing all patience.
cpu	2	s61-70968/ssb15/c20	006.wav	20.00	8.101	30.860	And it was to you that I gave another person consolation.  "Come to me, men. Here, here!" he raised his voice still louder.  The strollers took their part in it with hearty zest, now that they had some chance of beating off their foes.  Robbiting a little tumbler between them, tried to force the squire to stand back,  and very valiantly did these two from the back.
cpu	2	s61-70968/ssb15/c20	007.wav	20.00	7.780	29.750	The head and chief of the riots in Ottingham Apprentice, with quench fists, threatened Mont-Pichet.  The squire helped to thrust them all in and entered swiftly himself.  "Now be silent on your lies," he began, but the captured apprentice set up an instant shout.  "Silence, you naïve," cried Mont-Pichet.
cpu	2	s61-70968/ssb15/c20	008.wav	20.00	8.013	30.570	He felt for and found the wizard's black claw.  The squire was quite out of breath.  Thrusting open the proper entrance of the tent,  Robin suddenly rushed forth with his burden with a great shout.  "A must be shea! A must be shea!  Game well to the rescue!"  Taking advantage of this, the squire's few men redoubled their efforts, and...
cpu	2	s61-70968/ssb15/c20	009.wav	20.00	7.600	29.120	encouraged by Robin from the little stroller's drive, fought their way to him. George Montchichet  will never forget this day. "What is your name, Lording?" asked the little stroller presently.  "Robin is a thief, and mine is real stutley. Shall we become rats?"  "Right, Willing."
cpu	2	s61-70968/ssb15/c20	010.wav	20.00	7.571	29.050	"I'd like you, Will. You're the second Will that I have met and liked within two days.  Is there a sign in that?"  Monty Shea called out for Robin to give him an arm.  "Bren," said Monty Shea faintly to the rep for, "bear us escort so far as the sheriff's
cpu	2	s61-70968/ssb15/c20	011.wav	20.00	7.651	29.320	It will not be safe for you to stay here now.  Pray follow us, with mine and my Lord Sheriff's men.  Nottingham Castle was reached and admittance was demanded.  Master Momso, the Sheriff of Nottingham, was mightily put about when told of the rioting,  and Henry might return to England at any moment.
cpu	2	s61-70968/ssb5/c20	000.wav	20.00	6.419	24.980	[  [  ]  [  ]  [  ]  [  ]  [  ]
cpu	2	s61-70968/ssb5/c20	001.wav	20.00	8.062	30.870	I'm trying to figure this out. This was so easy. And somehow I do think she died. But then the picture has gone and quickly everything.  And now do you hear these marbles? Take your place and let us hear the cripple's mission. You like it's not young?
cpu	2	s61-70968/ssb5/c20	002.wav	20.00	7.172	27.680	[  [  ]  [  ]  [  ]  [  ]  [  ]  [  ]  [  ]  [  ]  [  ]  [  ]
cpu	2	s61-70968/ssb5/c20	003.wav	20.00	7.976	30.460	We have automatic cameras.  Before them, led the scroller to the ground.  That was a terrifying sight.  We wondered if they'd come at them.  Why, it ain't tried out the fire.  So, we did it.  We tried to find them.  We were free with their request.  Look, the light was so renewable.  That the little scroller...
cpu	2	s61-70968/ssb5/c20	004.wav	20.00	7.618	29.200	And then we could play back and would have snatched your person on you.  I could not see my boy injured actually, so the boys were easily able to come to the sun.  So I did push this fellow.  It was a mess.  That George Gaines well sharply turned the problem out.  She monkeying for the sun.
cpu	2	s61-70968/ssb5/c20	005.wav	20.00	7.229	27.870	I dush for my fellows of Nottingham. Surely we can submit with good grace.  I bring you to talk, old man.  But I, recklessly, do know that he played unfairly in the second second.  So, this while, I'm using all patience.
cpu	2	s61-70968/ssb5/c20	006.wav	20.00	7.851	30.030	And it was seen here that I gave another person consolation.  Company men, here, here!  We raised the voice so louder.  The strollers took their part in the department desk  now that they had some chance of beating off their bones.  Robin and the little tumbler between them  tried to force his wife to turn back.  And very valiantly did the excuse
cpu	2	s61-70968/ssb5/c20	007.wav	20.00	7.441	28.580	The head and sheep of the riot may not have ascended, but French stiff threatened Montuchel.  The fire helped to thrust them all in and entered Ciccer's farm.  Now, these pilot on your slide, the captured offenders set up an instant shout.  The pilot used mainly to cry Montuchel.
cpu	2	s61-70968/ssb5/c20	008.wav	20.00	6.322	24.720	[  ]  [  ]  [  ]  [  ]  [  ]
cpu	2	s61-70968/ssb5/c20	009.wav	20.00	10.070	37.610	First I want to go to school with pride, awful ladies. George Montice will never forget this day. What is your name, Lordy? I'm so sorry.  You're welcome to sit here. And mind if you'll settle in, where does he come from? Right, you'll have to.
cpu	2	s61-70968/ssb5/c20	010.wav	20.00	10.639	39.600	The two of them are in the same place, but the two of them have to fight for the battle after Robin. I like the girl. You're the second girl that I have met and like the girl. But they'll find a man.  Mochie Shae called out for Robin to give him an honor.  The man said Mochie Shae faintly interrupted. There has been court so far as a sheriff has.
cpu	2	s61-70968/ssb5/c20	011.wav	20.00	7.875	30.090	It would not be safe for you to stay here now.  Great follow-up. With mine and my Lord Sheriff's men.  Not again, Capitol retreat.  No, this is just a matter of time.  Master Monstow, the Sheriff of Nottingham,  was lightly put about when told of the rioting.  And I'm not trying to ignore that any more.
