arm	rep	set	chunk	audio_s	wall_s	cpu_s	text
npu	1	s61-70968/clean/c20	002.wav	20.00	16.665	55.590	Master, though I am an old man. Fourth Whith all ran to the opening of the tent to see  what might be amiss, but Master Will, who peeped out first, needed no more than one glance.  He gave way to the others very readily and retreated unperceived by the squire in Mistress  fits ooth to the rear of the tent.  Cries of a knotting
npu	1	s61-70968/clean/c20	003.wav	20.00	5.334	17.410	him, unknotting him! Before them fled the stroller and his three sons, capless and terrified.  "What is that tumult and rioting?" cried out the squire authoritatively, and he blew  twice on the silver whistle which hung at his belt.  "Nay, we refuse their request most politely. Most noble," said the little stroller.
npu	1	s61-70968/clean/c20	004.wav	20.00	5.172	16.860	And then they became vexed and would have snatched your purse from us.  I could not see my boy injured excellence for but doing his duty as one of Cumberland's sons.  So I did push this fellow.  "It is enough," said George Gamewell sharply as he turned upon the crowd.  "Shame on you, citizen."
npu	1	s61-70968/clean/c20	005.wav	20.00	5.275	17.240	sins," cried he. "I blush for my fellows of Nottingham. Surely we can submit with good  grace."  "It is fine for you to talk, old man," answered the lean, sullen apprentice. "But I wrestled  with this fellow, and do know that he played unfairly in the second bout," spoke the squire  losing all patience.
npu	1	s61-70968/clean/c20	006.wav	20.00	5.586	18.310	"And it was to you that I gave another person consolation!"  "Come to me, men. Here, here!" he raised his voice still louder.  The strollers took their part in it with hearty zest, now that they had some chance of beating  off their foes.  Robin and the little tumbler between them tried to force the squire to stand back, and  very valiantly did these two comply.
npu	1	s61-70968/clean/c20	007.wav	20.00	5.306	17.300	themselves. The head and chief of the riot, the Nottingham  apprentice, with clenched fists threatened Montfichet. The squire helped to thrust them  all in and entered swiftly himself. "Now, be silent on your lives," he began, but the  captured apprentice set up an instant shout. "Silence, you naïve," cried Montfichet.
npu	1	s61-70968/clean/c20	008.wav	20.00	5.423	17.750	He felt fur and found the wizard's black cloth. The squire was quite out of breath.  Thrusting open the proper entrance of the tent, Robin suddenly rushed forth with his burden,  with a great shout, "A month viché, a month viché! Game well to the rescue!"  Taking advantage of this, the squire's few men redoubled their efforts, and,
npu	1	s61-70968/clean/c20	009.wav	20.00	5.282	17.220	encouraged by Robbins and the little strollers' cries, fought their way to him. George Montfichet  will never forget this day.  "What is your name, Lording?" asked the little stroller presently.  "Robin Fitzsouf. And mine is Will Stutley. Shall we become, Rads?"  "Right, Willing."
npu	1	s61-70968/clean/c20	010.wav	20.00	5.109	16.420	"I like you, Will. You are the second Will that I have met in light within two days. Is  there a sign in that?" Montfichet called out for Robin to give him an arm.  "Friends," said Montfichet faintly to the wrestlers. "Bear us escort so far as the sheriffs
npu	1	s61-70968/clean/c20	011.wav	20.00	5.294	17.300	house. It will not be safe for you to stay here now. Pray follow us, with mine and my  Lord Sheriff's men."  Nottingham Castle was reached, and admittance was demanded. Master Monceau, the Sheriff  of Nottingham, was mightily put about when told of the rioting, and Henry might return  to England at any moment.
npu	1	s61-70968/ssb15/c20	000.wav	20.00	5.115	16.610	He began a confused complaint against the wizard who had vanished behind the curtain on the left.  "If not so, earneth the mind of these mummeries, child, a golden fortune and a happy life."  He was like unto my father, in a way, and yet was not my father.  Also, there was a stripping page,
npu	1	s61-70968/ssb15/c20	001.wav	20.00	5.087	16.400	returned it to her maid. This was so sweet of Lady Sir, and in some manner I do think  she died. But then the picture was gone as quickly as it came. Mr. Nell, do you hear  these marbles? Take your place and let us see what the crystal can show to you. Like  if not young.
npu	1	s61-70968/ssb15/c20	002.wav	20.00	5.601	18.390	Master, though I am an old man.  Force Whist all ran to the opening of the tent to see what might be amiss, but Master  Will, who peaked out first, needed no more than one glance.  He gave way to the others very readily and retreated unperceived by the squire and mistress  Bidsooth to the rear of the tent.  Cry the—I'm not a ghost!
npu	1	s61-70968/ssb15/c20	003.wav	20.00	5.324	17.400	him, unknotting him. Before them fled the stroller and his three sons, capless and terrified.  "What is that tumult and rioting?" cried out the squire authoritatively, and he blew  twice on the silver whistle which hung at his cell. "Nay, we refuse their request most  politely, most noble," said the little stroller.
npu	1	s61-70968/ssb15/c20	004.wav	20.00	5.143	16.780	and then they became vexed and would have snatched your purse from us.  I could not see my boy injured at once,  for by doing the duty of one of Cumberland's sons.  So I did push this fellow.  It is enough that George came well sharply as he turned upon the crowd.  Shame on you citizen!
npu	1	s61-70968/ssb15/c20	005.wav	20.00	4.959	16.130	I blush for my fellows of Nottingham. Surely we can submit with good grace.  It is fine for you to talk, old man, answer the lean fellow in apprentice.  But I wrestled with his fellow and do know that he played unfairly in the second bout.  Spoke the squire losing all patience.
npu	1	s61-70968/ssb15/c20	006.wav	20.00	5.620	18.400	And it was to you that I gave another person consolation.  "Come to me, men. Here, here!" he raised his voice still louder.  The strollers took their part in it with hearty zest, now that they had some chance of beating off their foes.  Robbiting a little tumbler between them, tried to force the squire to stand back,  and very valiantly did these two from the back.
npu	1	s61-70968/ssb15/c20	007.wav	20.00	5.302	17.300	The head and chief of the riots in Ottingham Apprentice, with quench fists, threatened Mont-Pichet.  The squire helped to thrust them all in and entered swiftly himself.  "Now be silent on your lies," he began, but the captured apprentice set up an instant shout.  "Silence, you naïve," cried Mont-Pichet.
npu	1	s61-70968/ssb15/c20	008.wav	20.00	5.452	17.870	He felt for and found the wizard's black claw.  The squire was quite out of breath.  Thrusting opened the proper entrance of the tent.  Robin suddenly rushed forth with his burden with a great shout.  "A must be shea! A must be shea! Game well to the rescue!"  Taking advantage of this, the squire's few men redoubled their efforts and...
npu	1	s61-70968/ssb15/c20	009.wav	20.00	5.114	16.700	encouraged by Robin from the little stroller's drive, fought their way to him. George Montchichet  will never forget this day. "What is your name, Lording?" asked the little stroller presently.  "Robin is a thief, and mine is real stutley. Shall we become rats?"  "Right, Willing."
npu	1	s61-70968/ssb15/c20	010.wav	20.00	5.102	16.590	"I'd like you, Will. You're the second Will that I have met and liked within two days.  Is there a sign in that?"  Monty Shea called out for Robin to give him an arm.  "Bren," said Monty Shea faintly to the rep for, "bear us escort so far as the sheriff's
npu	1	s61-70968/ssb15/c20	011.wav	20.00	5.172	16.870	It will not be safe for you to stay here now.  Pray follow us, with mine and my Lord Sheriff's men.  Nottingham Castle was reached and admittance was demanded.  Master Momso, the Sheriff of Nottingham, was mightily put about when told of the rioting,  and Henry might return to England at any moment.
npu	1	s61-70968/ssb5/c20	000.wav	20.00	3.945	12.550	[  [  ]  [  ]  [  ]  [  ]  [  ]
npu	1	s61-70968/ssb5/c20	001.wav	20.00	5.606	18.350	I'm trying to figure this out. This was so easy. And somehow I do think she died. But then the picture has gone and quickly everything.  And now do you hear these marbles? Take your place and let us hear the cripple's mission. Like if not young.
npu	1	s61-70968/ssb5/c20	002.wav	20.00	4.698	15.250	[  [  ]  [  ]  [  ]  [  ]  [  ]  [  ]  [  ]  [  ]  [  ]  [  ]
npu	1	s61-70968/ssb5/c20	003.wav	20.00	5.499	18.030	We have automatic cameras.  Before them, led the scroller to the ground.  That was a terrifying sight.  We wondered if they'd come at them.  Why, it ain't tried out the fire.  So, we did it.  We tried to find them.  We were free with their request.  Look, the light was so renewable.  That the little scroller...
npu	1	s61-70968/ssb5/c20	004.wav	20.00	5.147	16.760	And then we could play back and would have snatched your person on you.  I could not see my boy injured actually, so the boys were easily able to come to the sun.  So I did push this fellow.  It was a mess.  That George Gaines well sharply turned the problem out.  She monkeying for the sun.
npu	1	s61-70968/ssb5/c20	005.wav	20.00	4.754	15.440	I dush for my fellows of Nottingham. Surely we can submit with good grace.  I bring you to talk, old man.  But I, recklessly, do know that he played unfairly in the second second.  So, this while, I'm using all patience.
npu	1	s61-70968/ssb5/c20	006.wav	20.00	5.369	17.570	And it was seen here that I gave another person consolation.  Company men, here, here!  We raised the voice so louder.  The strollers took their part in the department desk  now that they had some chance of beating off their bones.  Robin and the little tumbler between them  tried to force his wife to turn back.  And very valiantly did the excuse
npu	1	s61-70968/ssb5/c20	007.wav	20.00	4.967	16.140	The head and sheep of the riot may not have ascended, but French stiff threatened Montuchel.  The fire helped to thrust them all in and entered Ciccer's farm.  Now, these pilot on your slide, the captured offenders set up an instant shout.  The pilot used mainly to cry Montuchel.
npu	1	s61-70968/ssb5/c20	008.wav	20.00	3.848	12.310	[  ]  [  ]  [  ]  [  ]  [  ]
npu	1	s61-70968/ssb5/c20	009.wav	20.00	6.109	20.070	First I want to go to school with pride, awful as it is. George Montice will never forget this day.  What is your name, Lordy? Ask the Lord to come.  Welcome to the future.  And mind if you'll step away, so that he can come back.  Right, Lordy.
npu	1	s61-70968/ssb5/c20	010.wav	20.00	5.918	19.490	[Multiple voices]
npu	1	s61-70968/ssb5/c20	011.wav	20.00	5.395	17.670	It would not be safe for you to stay here now.  Great follow-up. With mine and my Lord Sheriff's men.  Not again, Capitol retreat.  No, this is just a matter of time.  Master Monstow, the Sheriff of Nottingham,  was lightly put about when told of the rioting.  And I'm not trying to ignore that any longer.
npu-nf	1	s61-70968/clean/c20	002.wav	20.00	6.253	20.660	Master, though I am an old man.  Fourth Whith all ran to the opening of the tent to see what might be amiss, but Master  Will, who peeped out first, needed no more than one glance.  He gave way to the others very readily and retreated unperceived by the squire in Mistress  Fitzuth to the rear of the tent.  Cries of a knotting-grabbing, a knotting-grabbing, a knotting-grabbing, a knotting-grabbing,
npu-nf	1	s61-70968/clean/c20	003.wav	20.00	5.326	17.380	him, unknotting him! Before them fled the stroller and his three sons, capless and terrified.  "What is that tumult and rioting?" cried out the squire authoritatively, and he blew  twice on the silver whistle which hung at his belt.  "Nay, we refuse their request most politely. Most noble," said the little stroller.
npu-nf	1	s61-70968/clean/c20	004.wav	20.00	5.174	16.850	And then they became vexed and would have snatched your purse from us.  I could not see my boy injured excellence for but doing his duty as one of Cumberland's sons.  So I did push this fellow.  "It is enough," said George Gamewell sharply as he turned upon the crowd.  "Shame on you, citizen."
npu-nf	1	s61-70968/clean/c20	005.wav	20.00	5.275	17.230	sins," cried he. "I blush for my fellows of Nottingham. Surely we can submit with good  grace."  "It is fine for you to talk, old man," answered the lean, sullen apprentice. "But I wrestled  with this fellow, and do know that he played unfairly in the second bout," spoke the squire  losing all patience.
npu-nf	1	s61-70968/clean/c20	006.wav	20.00	5.639	18.290	"And it was to you that I gave another person consolation!"  "Come to me, men. Here, here!" he raised his voice still louder.  The strollers took their part in it with hearty zest, now that they had some chance of beating  off their foes.  Robin and the little tumbler between them tried to force the squire to stand back, and  very valiantly did these two comply.
npu-nf	1	s61-70968/clean/c20	007.wav	20.00	5.301	17.310	themselves. The head and chief of the riot, the Nottingham  apprentice, with clenched fists threatened Montfichet. The squire helped to thrust them  all in and entered swiftly himself. "Now, be silent on your lives," he began, but the  captured apprentice set up an instant shout. "Silence, you naïve," cried Montfichet.
npu-nf	1	s61-70968/clean/c20	008.wav	20.00	5.430	17.730	He felt fur and found the wizard's black cloth. The squire was quite out of breath.  Thrusting open the proper entrance of the tent, Robin suddenly rushed forth with his burden,  with a great shout, "A month viché, a month viché! Game well to the rescue!"  Taking advantage of this, the squire's few men redoubled their efforts, and,
npu-nf	1	s61-70968/clean/c20	009.wav	20.00	5.272	17.220	encouraged by Robbins and the little strollers' cries, fought their way to him. George Montfichet  will never forget this day.  "What is your name, Lording?" asked the little stroller presently.  "Robin Fitzsouf. And mine is Will Stutley. Shall we become, Rads?"  "Right, Willing."
npu-nf	1	s61-70968/clean/c20	010.wav	20.00	5.041	16.400	"I like you, Will. You are the second Will that I have met in light within two days. Is  there a sign in that?" Montfichet called out for Robin to give him an arm.  "Friends," said Montfichet faintly to the wrestlers. "Bear us escort so far as the sheriffs
npu-nf	1	s61-70968/clean/c20	011.wav	20.00	5.296	17.280	house. It will not be safe for you to stay here now. Pray follow us, with mine and my  Lord Sheriff's men."  Nottingham Castle was reached, and admittance was demanded. Master Monceau, the Sheriff  of Nottingham, was mightily put about when told of the rioting, and Henry might return  to England at any moment.
npu-nf	1	s61-70968/ssb15/c20	000.wav	20.00	5.102	16.590	He began a confused complaint against the wizard who had vanished behind the curtain on the left.  "If not so, earneth the mind of these mummeries, child, a golden fortune and a happy life."  He was like unto my father, in a way, and yet was not my father.  Also, there was a stripping page,
npu-nf	1	s61-70968/ssb15/c20	001.wav	20.00	5.036	16.400	returned it to her maid. This was so sweet of Lady Sir, and in some manner I do think  she died. But then the picture was gone as quickly as it came. Mr. Nell, do you hear  these marbles? Take your place and let us see what the crystal can show to you. Like  if not young.
npu-nf	1	s61-70968/ssb15/c20	002.wav	20.00	5.613	18.390	Master, though I am an old man.  Force Whist all ran to the opening of the tent to see what might be amiss, but Master  Will, who peaked out first, needed no more than one glance.  He gave way to the others very readily and retreated unperceived by the squire and mistress  Bidsooth to the rear of the tent.  Cry the—I'm not a ghost!
npu-nf	1	s61-70968/ssb15/c20	003.wav	20.00	5.324	17.390	him, unknotting him. Before them fled the stroller and his three sons, capless and terrified.  "What is that tumult and rioting?" cried out the squire authoritatively, and he blew  twice on the silver whistle which hung at his cell. "Nay, we refuse their request most  politely, most noble," said the little stroller.
npu-nf	1	s61-70968/ssb15/c20	004.wav	20.00	5.137	16.750	and then they became vexed and would have snatched your purse from us.  I could not see my boy injured at once,  for by doing the duty of one of Cumberland's sons.  So I did push this fellow.  It is enough that George came well sharply as he turned upon the crowd.  Shame on you citizen!
npu-nf	1	s61-70968/ssb15/c20	005.wav	20.00	4.967	16.140	I blush for my fellows of Nottingham. Surely we can submit with good grace.  It is fine for you to talk, old man, answer the lean fellow in apprentice.  But I wrestled with his fellow and do know that he played unfairly in the second bout.  Spoke the squire losing all patience.
npu-nf	1	s61-70968/ssb15/c20	006.wav	20.00	5.606	18.380	And it was to you that I gave another person consolation.  "Come to me, men. Here, here!" he raised his voice still louder.  The strollers took their part in it with hearty zest, now that they had some chance of beating off their foes.  Robbiting a little tumbler between them, tried to force the squire to stand back,  and very valiantly did these two from the back.
npu-nf	1	s61-70968/ssb15/c20	007.wav	20.00	5.297	17.310	The head and chief of the riots in Ottingham Apprentice, with quench fists, threatened Mont-Pichet.  The squire helped to thrust them all in and entered swiftly himself.  "Now be silent on your lies," he began, but the captured apprentice set up an instant shout.  "Silence, you naïve," cried Mont-Pichet.
npu-nf	1	s61-70968/ssb15/c20	008.wav	20.00	5.457	17.850	He felt for and found the wizard's black claw.  The squire was quite out of breath.  Thrusting opened the proper entrance of the tent.  Robin suddenly rushed forth with his burden with a great shout.  "A must be shea! A must be shea! Game well to the rescue!"  Taking advantage of this, the squire's few men redoubled their efforts and...
npu-nf	1	s61-70968/ssb15/c20	009.wav	20.00	5.118	16.670	encouraged by Robin from the little stroller's drive, fought their way to him. George Montchichet  will never forget this day. "What is your name, Lording?" asked the little stroller presently.  "Robin is a thief, and mine is real stutley. Shall we become rats?"  "Right, Willing."
npu-nf	1	s61-70968/ssb15/c20	010.wav	20.00	5.088	16.580	"I'd like you, Will. You're the second Will that I have met and liked within two days.  Is there a sign in that?"  Monty Shea called out for Robin to give him an arm.  "Bren," said Monty Shea faintly to the rep for, "bear us escort so far as the sheriff's
npu-nf	1	s61-70968/ssb15/c20	011.wav	20.00	5.174	16.840	It will not be safe for you to stay here now.  Pray follow us, with mine and my Lord Sheriff's men.  Nottingham Castle was reached and admittance was demanded.  Master Momso, the Sheriff of Nottingham, was mightily put about when told of the rioting,  and Henry might return to England at any moment.
npu-nf	1	s61-70968/ssb5/c20	000.wav	20.00	3.932	12.540	[  [  ]  [  ]  [  ]  [  ]  [  ]
npu-nf	1	s61-70968/ssb5/c20	001.wav	20.00	3.306	10.420	(Multiple voices)
npu-nf	1	s61-70968/ssb5/c20	002.wav	20.00	4.682	15.200	[  [  ]  [  ]  [  ]  [  ]  [  ]  [  ]  [  ]  [  ]  [  ]  [  ]
npu-nf	1	s61-70968/ssb5/c20	003.wav	20.00	5.500	18.010	We have automatic cameras.  Before them, led the scroller to the ground.  That was a terrifying sight.  We wondered if they'd come at them.  Why, it ain't tried out the fire.  So, we did it.  We tried to find them.  We were free with their request.  Look, the light was so renewable.  That the little scroller...
npu-nf	1	s61-70968/ssb5/c20	004.wav	20.00	5.195	16.750	And then we could play back and would have snatched your person on you.  I could not see my boy injured actually, so the boys were easily able to come to the sun.  So I did push this fellow.  It was a mess.  That George Gaines well sharply turned the problem out.  She monkeying for the sun.
npu-nf	1	s61-70968/ssb5/c20	005.wav	20.00	4.818	15.420	I dush for my fellows of Nottingham. Surely we can submit with good grace.  I bring you to talk, old man.  But I, recklessly, do know that he played unfairly in the second second.  So, this while, I'm using all patience.
npu-nf	1	s61-70968/ssb5/c20	006.wav	20.00	5.365	17.540	And it was seen here that I gave another person consolation.  Company men, here, here!  We raised the voice so louder.  The strollers took their part in the department desk  now that they had some chance of beating off their bones.  Robin and the little tumbler between them  tried to force his wife to turn back.  And very valiantly did the excuse
npu-nf	1	s61-70968/ssb5/c20	007.wav	20.00	4.961	16.130	The head and sheep of the riot may not have ascended, but French stiff threatened Montuchel.  The fire helped to thrust them all in and entered Ciccer's farm.  Now, these pilot on your slide, the captured offenders set up an instant shout.  The pilot used mainly to cry Montuchel.
npu-nf	1	s61-70968/ssb5/c20	008.wav	20.00	3.850	12.280	[  ]  [  ]  [  ]  [  ]  [  ]
npu-nf	1	s61-70968/ssb5/c20	009.wav	20.00	4.128	13.250	[  [  [  [ ]  [ ]  [ ]  [ ]  [ ]  [ ]  [ ]  [ ]
npu-nf	1	s61-70968/ssb5/c20	010.wav	20.00	5.605	18.440	[  [  [  [  [  [  [  [  [  [  [  [  [  [  [  [  [  [  [  [  [  [  [  [  [  [  [  [  [  [  [  [  [
npu-nf	1	s61-70968/ssb5/c20	011.wav	20.00	5.445	17.650	It would not be safe for you to stay here now.  Great follow-up. With mine and my Lord Sheriff's men.  Not again, Capitol retreat.  No, this is just a matter of time.  Master Monstow, the Sheriff of Nottingham,  was lightly put about when told of the rioting.  And I'm not trying to ignore that any longer.
npu-c25	1	s61-70968/clean/c25	002.wav	25.00	5.946	19.500	more than one glance. He gave way to the others very readily, and retreated unperceived by  the squire in Mistress Fitzuth to the rear of the tent. "Cries of unnottingham, unnottingham!"  Before them fled the stroller and his three sons, capless and terrified. "What is that  tumult and rioting?" cried out the squire authoritatively, and he blew twice on the  silver whistle which hung at his belt.
npu-c25	1	s61-70968/clean/c25	003.wav	25.00	5.877	19.250	"Nay, we've refused their request most politely. Most noble," said the little stroller.  And then they became vexed, and would have snatched your purse from us.  I could not see my boy injured excellence, for but doing his duty as one of Cumberland's  sons. So I did push this fellow.  "It is enough," said George Gamewell sharply as he turned upon the crowd.  "Shame on you, citizen."
npu-c25	1	s61-70968/clean/c25	004.wav	25.00	5.641	18.440	"I blush for my fellows of Nottingham. Surely we can submit with good grace."  "It is fine for you to talk, old man," answered the lean, soloed apprentice.  "But I wrestled with this fellow, and do know that he played unfairly in the second bout,"  spoke the squire, losing all patience. "And it was to you that I gave another person consolation.  Come to me,
npu-c25	1	s61-70968/clean/c25	005.wav	25.00	6.135	20.150	"Here! Here!" he raised his voice still louder. The strollers took their part in it with hearty  zest now that they had some chance of beating off their foes. Robin and the little tumbler  between them tried to force the squire to stand back, and very valiantly did these two  comport themselves. The head and chief of the riot, the Nottingham Apprentice, with  clenched fists threatened Montfichet. The squire helped to thrust them all in and entered  swiftly.
npu-c25	1	s61-70968/clean/c25	006.wav	25.00	6.000	19.680	himself. "Now, be silent on your lives," he began, but the captured apprentice set up  an instant shout. "Silence, you naïve!" cried Montfichet. He felt fur and found the wizard's  black cloth. The squire was quite out of breath. Thrusting open the proper entrance of the  tent, Robin suddenly rushed forth with his burden with a great shout. "A Montfichet,  a Montfichet! Game well to the rescue!"
npu-c25	1	s61-70968/clean/c25	007.wav	25.00	5.971	19.580	"Taking advantage of this, the squire's few men redoubled their efforts, and, encouraged  by Robbins and the little strollers' cries, fought their way to him.  George Montfichet will never forget this day."  "What is your name, Lording?" asked the little stroller presently.  "Robbins Fitzuth."  "And mine is Will Stutley.  Shall we become, Rads?"  "Right, Willing."
npu-c25	1	s61-70968/clean/c25	008.wav	25.00	6.084	19.950	"Boringly, for between us we have won the battle," answered Robin.  "I like you, Will. You are the second Will that I have met in light within two days. Is  there a sign in that?" Montfichet called out for Robin to give him an arm.  "Friends," said Montfichet faintly to the wrestlers. "Bear us escort so far as the Sheriff's  House. It will not be safe for you to stay here now."  Pray follow
npu-c25	1	s61-70968/clean/c25	009.wav	15.00	4.842	15.660	us, with mine and my Lord Sheriff's men."  Nottingham Castle was reached, and admittance was demanded.  Master Monceau, the Sheriff of Nottingham, was mightily put about when told of the rioting,  and Henry might return to England at any moment.
npu-c25	1	s61-70968/ssb15/c25	000.wav	25.00	5.677	18.520	He began a confused complaint against the wizard who had vanished behind the curtain on the left.  "If not so, earneth the mind of these mummeries, child, a golden fortune and a happy life."  He was like unto my father, in a way, and yet was not my father.  Also, there was a stripping page who turned into a maid.  This was so sweet a lady, sir, and in some matters,
npu-c25	1	s61-70968/ssb15/c25	001.wav	25.00	5.737	18.800	I do think she died, but then the picture was gone as quickly as it came.  Mr. Nell, do you hear these models?  Take your place and let us see what the crystal can show to you.  Who like is not young Master, though I am an old man.  Forced with all rent the opening of the tent to see what might be amiss,  but Master Will, who peaked out first, needed no help.
npu-c25	1	s61-70968/ssb15/c25	002.wav	25.00	6.047	19.860	more than one glance. He gave way to the others very readily and retreated unperceived by  the squire and mistress fissued to the rear of the tent. Cryed as, "I'm nodding him! I'm  nodding him!" Before them fled the stroller and his three sons, capless and terrified.  "What is that tumult and rioting?" cried out the squire authoritatively, and he blew  twice on the sower whistle which hung at his cell.
npu-c25	1	s61-70968/ssb15/c25	003.wav	25.00	5.300	17.260	We were free with their request most politely most noble that the little stronger and then they became sexed and would have snatched your purse from us I  Could not see my boy injured excellent for but doing the duty as one of Cumberland's sons  So I did push this fellow  It is enough that George game well sharply as he turned upon the crowd  shame on you citizen
npu-c25	1	s61-70968/ssb15/c25	004.wav	25.00	5.535	17.880	I blush for my fellows of Nottingham. Surely we can submit with good grace.  It is fine for you to talk, old man, after the lean fellow in apprentice.  But I wrestled with his fellow and do know that he played unfairly in the second bout.  Spoke this choir losing all patience, and it was to you that I gave another person consolation.  Come to meet me.
npu-c25	1	s61-70968/ssb15/c25	005.wav	25.00	6.164	20.250	"Here, here!" he raised his voice still louder.  The strollers took their part in it with party zest, now that they had some chance of beating  off their foes.  Robbiting a little tumbler between them tried to force the squire to stand back, and very  valiantly did these two comport themselves.  The head and chief of the riots in Ottingham Apprentice, with quench fists, threatened  Monteshe, the squire helped to thrust them all in and entered swiftly.
npu-c25	1	s61-70968/ssb15/c25	006.wav	25.00	9.058	29.180	himself. Now be silent on your lies," he began, but the captured apprentice set up an instant  shout. "Silence, you naïve," cried Montbichet. He felt firm, found the wizard's black cloth.  The squire was quite out of breath. Thrusting opened the proper entrance of the tent. Robin  suddenly rushed forth with his burden with a great shout. "A Montbichet, a Montbichet,  He will to the rescue.
npu-c25	1	s61-70968/ssb15/c25	007.wav	25.00	7.917	26.350	Taking advantage of this, the Squires' few men redoubled their efforts and, encouraged  by Robbins and the little stroller's cries, fought their way to him.  George Montchichet will never forget this day.  What is your name, Lording?  Ask the little stroller presently.  Robbins is his youth.  And mine is Will Stutley.  Shall we become, Rad?  Right, Willingham.  I'm going to be a little stuttered.  I'm going to be a little stuttered.  I'm going to be a little stuttered.  I'm going to be a little stuttered.  I'm going to be a little stuttered.  I'm going to be a little stuttered.
npu-c25	1	s61-70968/ssb15/c25	008.wav	25.00	5.659	18.500	"I'd like you, Will. You're the second Will that I have met and liked within two days.  Is there a sign in that?"  Montchichet called out for Robin to give him an arm.  "Bren," said Montchichet faintly to the rest of her, "bear us escort so far as a sheriff's  house. It will not be safe for you to stay here now. Pray follow us."
npu-c25	1	s61-70968/ssb15/c25	009.wav	15.00	4.716	15.240	with mine and my Lord Sheriff's men.  Nottingham Castle was reached and admittance was demanded.  Master Momso, the Sheriff of Nottingham, was mightily put about when told of the rioting,  and Henry might return to England at any moment.
npu-c25	1	s61-70968/ssb5/c25	000.wav	25.00	4.191	13.370	[  [  ]  [  ]  [  ]  [  ]  [  ]  [  ]  [
npu-c25	1	s61-70968/ssb5/c25	001.wav	25.00	5.560	18.150	I do think she got it.  But then the picture was gone and quickly everything.  And now do you hear these models taking off face?  And let us know in the description.  You like to be not young like them.  You're not a good man.  What's this moment that you're going to have to see what might be in there?  The master will be used out first.
npu-c25	1	s61-70968/ssb5/c25	002.wav	25.00	15.588	52.220	He gave way to the other dead men who were treated by the choir in the strictest conditions of the year. He cried, "I'm not in him! I'm not in him!" Before them, Tled's shoulder and his hand, Apple said, "Terrified!"  [Ambient audio]
npu-c25	1	s61-70968/ssb5/c25	003.wav	25.00	5.904	19.340	We received their request, most likely,  so renewable, said the little stronger.  And then we would say, "That, and would have snatched your person."  I could not see my boy injured, actually,  so the boys and the youth would want to come to a gun.  So I did push this fellow.  It is not that George came well sharply  and returned to the top of the cloud.  She monkew for the children.
npu-c25	1	s61-70968/ssb5/c25	004.wav	25.00	5.406	17.620	I dush for my fellows of Nottingham. Surely we can submit with good grace.  I would bring you to talk, old man.  But I, recklessly, do know that he played unfairly in the second second.  He broke his file and used it all patiently.  And it was the you that I gave another person consolation.  Come to me, my friend.
npu-c25	1	s61-70968/ssb5/c25	005.wav	25.00	6.250	20.520	"Here, here!" he raised his voice so louder.  The strollers took their part in it, which part of that town as they had some chance of beating off their bones.  Robin and the little tumbler between them tried to force his wife and man back,  and very valiantly did the ashove important work.  The head and sheaf of the wife, the Ottingham family,  was clenched stiff, threatened, won't be shut.  The choir helped to thrust them all in and entered the school.
npu-c25	1	s61-70968/ssb5/c25	006.wav	25.00	6.074	19.960	Now, East Violet, on your slide,  the captured offenders set up an instant shout.  Violet, you may be described as a shaman.  You must burn down the wishes of Black Claw.  It's wise to point your hand at them.  Thrusting open the proper entrance of the night,  Robin suddenly rushed forth with his burden  with a great shout.  A monty shay, a monty shay!  He will to the rest of you!
npu-c25	1	s61-70968/ssb5/c25	007.wav	25.00	5.533	17.880	Here we go.  Taking advantage of the required human redoubled their efforts and encouraged by Ronald and  the school of pride, offer leisure.  George Montuchet will never forget this day.  What is your name, Lordy?  Ask the Lord his name.  Welcome to the school.  And mind a little lovely.  Welcome to the compound.  Right, really.
npu-c25	1	s61-70968/ssb5/c25	008.wav	25.00	10.346	34.730	Please, sir, become a priest and run the battle, after Robin.  I like the will. You're the second will that I have met.  I think it's a good thing. But they'll find a man.  The Monty Shae called out to Robin to give him an order.  The Grand Monty Shae faithfully interrupted.  There has been court so far as a sheriff has.  It would not be safe for you to stay here now.  Great follow-up.
npu-c25	1	s61-70968/ssb5/c25	009.wav	15.00	4.742	15.330	with mine and my royal sheriff men.  Not again capital would be  an existence of the mountain.  Master Montel, the sheriff of Nottingham,  was lightly put about when told of the rioting.  And I was trying to ignore that any moment.
npu-c25-nf	1	s61-70968/clean/c25	002.wav	25.00	5.916	19.480	more than one glance. He gave way to the others very readily, and retreated unperceived by  the squire in Mistress Fitzuth to the rear of the tent. "Cries of unnottingham, unnottingham!"  Before them fled the stroller and his three sons, capless and terrified. "What is that  tumult and rioting?" cried out the squire authoritatively, and he blew twice on the  silver whistle which hung at his belt.
npu-c25-nf	1	s61-70968/clean/c25	003.wav	25.00	5.847	19.210	"Nay, we've refused their request most politely. Most noble," said the little stroller.  And then they became vexed, and would have snatched your purse from us.  I could not see my boy injured excellence, for but doing his duty as one of Cumberland's  sons. So I did push this fellow.  "It is enough," said George Gamewell sharply as he turned upon the crowd.  "Shame on you, citizen."
npu-c25-nf	1	s61-70968/clean/c25	004.wav	25.00	5.607	18.400	"I blush for my fellows of Nottingham. Surely we can submit with good grace."  "It is fine for you to talk, old man," answered the lean, soloed apprentice.  "But I wrestled with this fellow, and do know that he played unfairly in the second bout,"  spoke the squire, losing all patience. "And it was to you that I gave another person consolation.  Come to me,
npu-c25-nf	1	s61-70968/clean/c25	005.wav	25.00	6.114	20.120	"Here! Here!" he raised his voice still louder. The strollers took their part in it with hearty  zest now that they had some chance of beating off their foes. Robin and the little tumbler  between them tried to force the squire to stand back, and very valiantly did these two  comport themselves. The head and chief of the riot, the Nottingham Apprentice, with  clenched fists threatened Montfichet. The squire helped to thrust them all in and entered  swiftly.
npu-c25-nf	1	s61-70968/clean/c25	006.wav	25.00	5.989	19.680	himself. "Now, be silent on your lives," he began, but the captured apprentice set up  an instant shout. "Silence, you naïve!" cried Montfichet. He felt fur and found the wizard's  black cloth. The squire was quite out of breath. Thrusting open the proper entrance of the  tent, Robin suddenly rushed forth with his burden with a great shout. "A Montfichet,  a Montfichet! Game well to the rescue!"
npu-c25-nf	1	s61-70968/clean/c25	007.wav	25.00	6.001	19.570	"Taking advantage of this, the squire's few men redoubled their efforts, and, encouraged  by Robbins and the little strollers' cries, fought their way to him.  George Montfichet will never forget this day."  "What is your name, Lording?" asked the little stroller presently.  "Robbins Fitzuth."  "And mine is Will Stutley.  Shall we become, Rads?"  "Right, Willing."
npu-c25-nf	1	s61-70968/clean/c25	008.wav	25.00	6.055	19.950	"Boringly, for between us we have won the battle," answered Robin.  "I like you, Will. You are the second Will that I have met in light within two days. Is  there a sign in that?" Montfichet called out for Robin to give him an arm.  "Friends," said Montfichet faintly to the wrestlers. "Bear us escort so far as the Sheriff's  House. It will not be safe for you to stay here now."  Pray follow
npu-c25-nf	1	s61-70968/clean/c25	009.wav	15.00	4.817	15.650	us, with mine and my Lord Sheriff's men."  Nottingham Castle was reached, and admittance was demanded.  Master Monceau, the Sheriff of Nottingham, was mightily put about when told of the rioting,  and Henry might return to England at any moment.
npu-c25-nf	1	s61-70968/ssb15/c25	000.wav	25.00	5.648	18.510	He began a confused complaint against the wizard who had vanished behind the curtain on the left.  "If not so, earneth the mind of these mummeries, child, a golden fortune and a happy life."  He was like unto my father, in a way, and yet was not my father.  Also, there was a stripping page who turned into a maid.  This was so sweet a lady, sir, and in some matters,
npu-c25-nf	1	s61-70968/ssb15/c25	001.wav	25.00	5.719	18.740	I do think she died, but then the picture was gone as quickly as it came.  Mr. Nell, do you hear these models?  Take your place and let us see what the crystal can show to you.  Who like is not young Master, though I am an old man.  Forced with all rent the opening of the tent to see what might be amiss,  but Master Will, who peaked out first, needed no help.
npu-c25-nf	1	s61-70968/ssb15/c25	002.wav	25.00	6.026	19.850	more than one glance. He gave way to the others very readily and retreated unperceived by  the squire and mistress fissued to the rear of the tent. Cryed as, "I'm nodding him! I'm  nodding him!" Before them fled the stroller and his three sons, capless and terrified.  "What is that tumult and rioting?" cried out the squire authoritatively, and he blew  twice on the sower whistle which hung at his cell.
npu-c25-nf	1	s61-70968/ssb15/c25	003.wav	25.00	5.270	17.220	We were free with their request most politely most noble that the little stronger and then they became sexed and would have snatched your purse from us I  Could not see my boy injured excellent for but doing the duty as one of Cumberland's sons  So I did push this fellow  It is enough that George game well sharply as he turned upon the crowd  shame on you citizen
npu-c25-nf	1	s61-70968/ssb15/c25	004.wav	25.00	5.455	17.870	I blush for my fellows of Nottingham. Surely we can submit with good grace.  It is fine for you to talk, old man, after the lean fellow in apprentice.  But I wrestled with his fellow and do know that he played unfairly in the second bout.  Spoke this choir losing all patience, and it was to you that I gave another person consolation.  Come to meet me.
npu-c25-nf	1	s61-70968/ssb15/c25	005.wav	25.00	6.124	20.210	"Here, here!" he raised his voice still louder.  The strollers took their part in it with party zest, now that they had some chance of beating  off their foes.  Robbiting a little tumbler between them tried to force the squire to stand back, and very  valiantly did these two comport themselves.  The head and chief of the riots in Ottingham Apprentice, with quench fists, threatened  Monteshe, the squire helped to thrust them all in and entered swiftly.
npu-c25-nf	1	s61-70968/ssb15/c25	006.wav	25.00	8.987	29.090	himself. Now be silent on your lies," he began, but the captured apprentice set up an instant  shout. "Silence, you naïve," cried Montbichet. He felt firm, found the wizard's black cloth.  The squire was quite out of breath. Thrusting opened the proper entrance of the tent. Robin  suddenly rushed forth with his burden with a great shout. "A Montbichet, a Montbichet,  He will to the rescue.
npu-c25-nf	1	s61-70968/ssb15/c25	007.wav	25.00	7.887	26.350	Taking advantage of this, the Squires' few men redoubled their efforts and, encouraged  by Robbins and the little stroller's cries, fought their way to him.  George Montchichet will never forget this day.  What is your name, Lording?  Ask the little stroller presently.  Robbins is his youth.  And mine is Will Stutley.  Shall we become, Rad?  Right, Willingham.  I'm going to be a little stuttered.  I'm going to be a little stuttered.  I'm going to be a little stuttered.  I'm going to be a little stuttered.  I'm going to be a little stuttered.  I'm going to be a little stuttered.
npu-c25-nf	1	s61-70968/ssb15/c25	008.wav	25.00	5.632	18.480	"I'd like you, Will. You're the second Will that I have met and liked within two days.  Is there a sign in that?"  Montchichet called out for Robin to give him an arm.  "Bren," said Montchichet faintly to the rest of her, "bear us escort so far as a sheriff's  house. It will not be safe for you to stay here now. Pray follow us."
npu-c25-nf	1	s61-70968/ssb15/c25	009.wav	15.00	4.740	15.220	with mine and my Lord Sheriff's men.  Nottingham Castle was reached and admittance was demanded.  Master Momso, the Sheriff of Nottingham, was mightily put about when told of the rioting,  and Henry might return to England at any moment.
npu-c25-nf	1	s61-70968/ssb5/c25	000.wav	25.00	4.167	13.350	[  [  ]  [  ]  [  ]  [  ]  [  ]  [  ]  [
npu-c25-nf	1	s61-70968/ssb5/c25	001.wav	25.00	5.541	18.110	I do think she got it.  But then the picture was gone and quickly everything.  And now do you hear these models taking off face?  And let us know in the description.  You like to be not young like them.  You're not a good man.  What's this moment that you're going to have to see what might be in there?  The master will be used out first.
npu-c25-nf	1	s61-70968/ssb5/c25	002.wav	25.00	8.327	27.860	He gave way to the other dead men and was treated by the choir in the strictest way  ever.  He cried, "I'm not in him!  I'm not in him!"  Before them, Tled's shoulder and his hand, "Apollot is terrified!"  "What is that comment?"  "Writing!"  cried out the choir, "I'm not in him!"  And he was quite on the silver lip of which he hung himself.  "I'm not in him!"  "I'm not in him!"  "I'm not in him!"  "I'm not in him!"  "I'm not in him!"  "I'm not in him!"  "I'm not in him!"  "I'm not in him!"  "I'm not in him!"  "I'm not in him!"
npu-c25-nf	1	s61-70968/ssb5/c25	003.wav	25.00	5.862	19.320	We received their request, most likely,  so renewable, said the little stronger.  And then we would say, "That, and would have snatched your person."  I could not see my boy injured, actually,  so the boys and the youth would want to come to a gun.  So I did push this fellow.  It is not that George came well sharply  and returned to the top of the cloud.  She monkew for the children.
npu-c25-nf	1	s61-70968/ssb5/c25	004.wav	25.00	5.378	17.570	I dush for my fellows of Nottingham. Surely we can submit with good grace.  I would bring you to talk, old man.  But I, recklessly, do know that he played unfairly in the second second.  He broke his file and used it all patiently.  And it was the you that I gave another person consolation.  Come to me, my friend.
npu-c25-nf	1	s61-70968/ssb5/c25	005.wav	25.00	6.214	20.480	"Here, here!" he raised his voice so louder.  The strollers took their part in it, which part of that town as they had some chance of beating off their bones.  Robin and the little tumbler between them tried to force his wife and man back,  and very valiantly did the ashove important work.  The head and sheaf of the wife, the Ottingham family,  was clenched stiff, threatened, won't be shut.  The choir helped to thrust them all in and entered the school.
npu-c25-nf	1	s61-70968/ssb5/c25	006.wav	25.00	6.045	19.930	Now, East Violet, on your slide,  the captured offenders set up an instant shout.  Violet, you may be described as a shaman.  You must burn down the wishes of Black Claw.  It's wise to point your hand at them.  Thrusting open the proper entrance of the night,  Robin suddenly rushed forth with his burden  with a great shout.  A monty shay, a monty shay!  He will to the rest of you!
npu-c25-nf	1	s61-70968/ssb5/c25	007.wav	25.00	5.451	17.850	Here we go.  Taking advantage of the required human redoubled their efforts and encouraged by Ronald and  the school of pride, offer leisure.  George Montuchet will never forget this day.  What is your name, Lordy?  Ask the Lord his name.  Welcome to the school.  And mind a little lovely.  Welcome to the compound.  Right, really.
npu-c25-nf	1	s61-70968/ssb5/c25	008.wav	25.00	26.048	85.960	[  [  [  [  [  [  [  [  [  [  [  [  [  [  [  [  [  [  [  [  [  [  [  [  [  [  [  [  [  [  [  [  [  [  [  [  [  [  [  [  [  [  [  [  [  [  [  [  [  [  [  [  [  [  [  [  [  [  [  [  [  [  [  [  [  [  [  [  [  [  [  [  [  [  [  [  [  [  [  [  [  [  [  [  [  [  [  [  [  [  [  [  [  [  [  [  [  [  [  [  [  [  [  [  [  [  [  [  [  [  [  [  [  [  [  [  [  [  [  [  [  [  [  [  [  [  [  [  [  [  [  [  [  [  [  [  [  [  [  [  [  [  [  [  [  [  [  [  [  [  [BLANK_AUDIO]
npu-c25-nf	1	s61-70968/ssb5/c25	009.wav	15.00	4.703	15.300	with mine and my royal sheriff men.  Not again capital would be  an existence of the mountain.  Master Montel, the sheriff of Nottingham,  was lightly put about when told of the rioting.  And I was trying to ignore that any moment.
npu-ac1000-nf	1	s61-70968/clean/c20	002.wav	20.00	4.367	14.100	Master, though I am an old man.  Fourth Whith all ran to the opening of the tent to see what might be amiss, but Master  Will, who peeped out first, needed no more than one glance.  He gave way to the others very readily and retreated unperceived by the squire in Mistress  Fitzuth to the rear of the tent.  Cries of unnotting, unnotting, unnotting, unnotting, unnotting, unnotting, unnotting,
npu-ac1000-nf	1	s61-70968/clean/c20	003.wav	20.00	4.350	13.950	him, unknotting him!" Before them fled the stroller and his three sons,  capless and terrified.  "What is that tumult and rioting?" cried out the squire authoritatively, and he blew  twice on the silver whistle which hung at his belt.  "Nay, we refuse their request most politely. Most noble," said the little stroller. "Nay,  we refuse their request most politely. Most noble," said the little stroller. "Nay, we refuse
npu-ac1000-nf	1	s61-70968/clean/c20	004.wav	20.00	3.865	12.400	And then they became vexed, and would have snatched your purse from us.  I could not see my boy injured excellence, for but doing his duty as one of Cumberland's  sons.  So I did push this fellow.  "It is enough," said George Gamewell sharply as he turned upon the crowd.  "Shame on you, citizenous citizeness, that you have been so kind to me.
npu-ac1000-nf	1	s61-70968/clean/c20	005.wav	20.00	3.978	12.710	sins," cried he. "I blush for my fellows of Nottingham. Surely we can submit with good  grace."  "Tis fine for you to talk, old man," answered the lean sullen apprentice. "But I wrestled  with this fellow, and do know that he played unfairly in the second bout," spoke the squire  losing all patient. "I wrestled with this fellow, and do know that he played unfairly in the
npu-ac1000-nf	1	s61-70968/clean/c20	006.wav	20.00	4.675	15.140	"And it was to you that I gave another person consolation."  "Come to me, men. Here, here!" he raised his voice still louder.  The strollers took their part in it with hearty zest, now that they had some chance of beating  off their foes.  Robin and the little tumbler between them tried to force the squire to stand back, and  very valiantly did these two come to come to stand back, and very valiantly did these  two come to come to come to come to come to come to come to come to come to come to come
npu-ac1000-nf	1	s61-70968/clean/c20	007.wav	20.00	4.397	14.180	themselves. The head and chief of the riot, the Nottingham  apprentice, with clenched fists threatened Montfichet. The squire helped to thrust them  all in and entered swiftly himself. "Now, be silent on your lives," he began, but the  captured apprentice set up an instant shout. "Silence, you naïve!" cried Montfichet.  "Sit down, you naïve!" cried Montfichet. "Sit down, you naïve!" cried Montfichet.
npu-ac1000-nf	1	s61-70968/clean/c20	008.wav	20.00	3.749	12.000	He felt fur and found the wizard's black cloth. The squire was quite out of breath.  Thrusting open the proper entrance of the tent, Robin suddenly rushed forth with his  burden with a great shout, "A month viché, a month viché! Game well to the rescue!"  Taking advantage of this, the squire's few men redoubled their efforts, and—and, and
npu-ac1000-nf	1	s61-70968/clean/c20	009.wav	20.00	3.816	12.250	encouraged by Robbins and the little strollers' cries, fought their way to him. George Montfichet  will never forget this day.  "What is your name, Lording?" asked the little stroller presently.  "Robin Fitzsouf. And mine is Will Stutley. Shall we become, Rads?"  "Right, Willie." replied the little stroller. "Right, Willie."
npu-ac1000-nf	1	s61-70968/clean/c20	010.wav	20.00	4.250	13.720	"Boringly, for between us we have won the battle," answered Robin.  "I like you, Will.  You are the second Will that I have met in light within two days.  Is there a sign in that?"  Montfichet called out for Robin to give him an arm.  "Friends," said Montfichet faintly to the wrestlers.  "Bear us escort so far as the sheriffs have, have us escort so far as the sheriffs have,
npu-ac1000-nf	1	s61-70968/clean/c20	011.wav	20.00	3.595	11.470	house. It will not be safe for you to stay here now. Pray follow us, with mine and my  Lord Sheriff's men."  Nottingham Castle was reached, and admittance was demanded. Master Monceau, the Sheriff  of Nottingham, was mightily put about when told of the rioting, and Henry might return  to England at any moment.
npu-ac1000-nf	1	s61-70968/ssb15/c20	000.wav	20.00	5.177	16.140	He began a confused complaint against the wizard who had vanished behind the curtain on the left.  "If not so, earneth the mind of these mummeries, child, a golden fortune and a happy life."  He was like unto my father, in a way, and yet was not my father.  Also, there was a stripping page, which was
npu-ac1000-nf	1	s61-70968/ssb15/c20	001.wav	20.00	8.549	27.640	She returned it to her maid.  This was so sweet, old lady sir, and in some manner I do think she died.  But then the picture was gone as quickly as it came.  Mr. Nell, do you hear these marvels?  Take your place and let us see what the crystal can show to you.  Like if not young.
npu-ac1000-nf	1	s61-70968/ssb15/c20	002.wav	20.00	4.518	14.650	Master, though I am an old man.  Force Whist all ran to the opening of the tent to see what might be amiss, but Master  Will, who peaked out first, needed no more than one glance.  He gave way to the others very readily and retreated unperceived by the squire and mistress  Bidsooth to the rear of the tent.  "Cries of—I'm not a—I'm not a—I'm not a—I'm not a—I'm not a—I'm not a—I'm
npu-ac1000-nf	1	s61-70968/ssb15/c20	003.wav	20.00	3.694	11.700	him, unknotting him. Before them fled the stroller and his three sons, capless and terrified.  "What is that tumult and rioting?" cried out the squire authoritatively, and he blew  twice on the silver whistle which hung at his cell.  "Nay, we refuse their request most politely, most noble," said the little stroller. "Before
npu-ac1000-nf	1	s61-70968/ssb15/c20	004.wav	20.00	5.111	16.000	and then they became vexed and would have snatched your purse from us.  I could not see my boy injured at once, for by doing the duty of one of Cumberland's sons.  So I did push this fellow.  It is enough that George gained well sharply as he turned upon the crowd.  shaman use it is
npu-ac1000-nf	1	s61-70968/ssb15/c20	005.wav	20.00	3.563	11.400	I blush for my fellows of Nottingham. Surely we can submit with good grace.  "It is fine for you to talk, old man," answered the lean fellow in apprentice.  But I wrestled with his fellow, and do know that he played unfairly in the second bout.  Spoke the squire losing all patience. Spoke the squire losing all patience.
npu-ac1000-nf	1	s61-70968/ssb15/c20	006.wav	20.00	4.072	13.110	"And it was to you that I gave another person consolation.  "Come to me, men.  Here, here!" he raised his voice still louder.  The strollers took their part in it with hearty zest, now that they had some chance of beating  off their foes.  Robbiting a little tumbler between them, tried to force the squire to stand back, and very  valiantly did these two from the foes stand back.
npu-ac1000-nf	1	s61-70968/ssb15/c20	007.wav	20.00	3.705	11.870	The head and chief of the riots in Ottingham Apprentice, with quench fists, threatened  Mont-Pichet.  His squire helped to thrust them all in and entered swiftly himself.  "Now be silent on your lies," he began, but the captured apprentice set up an instant  shout.  "Silence, you naïve," cried Mont-Pichet.
npu-ac1000-nf	1	s61-70968/ssb15/c20	008.wav	20.00	3.726	11.950	He felt for and found the wizard's black claw.  The squire was quite out of breath.  Thrusting open the proper entrance of the tent,  Robin suddenly rushed forth with his burden with a great shout.  "A must be shea! A must be shea! Game well to the rescue!"  Taking advantage of this, the squire's few men redoubled their efforts,
npu-ac1000-nf	1	s61-70968/ssb15/c20	009.wav	20.00	3.522	11.230	encouraged by Robin from the little stroller's drive,  fought their way to him.  George Montice will never forget this day.  What is your name, Lording?  Ask the little stroller presently.  Robin sits loose.  And mine is real stutley.  Shall we become, Rad?  Right, Willie.
npu-ac1000-nf	1	s61-70968/ssb15/c20	010.wav	20.00	3.428	10.940	"I'd like you, Will. You're the second Will that I have met and liked within two days.  Is there a sign in that?"  Montchichet called out for Robin to give him an arm.  "Bren," said Montchichet faintly to the rep for, "bear us escort so far as the sheriffs
npu-ac1000-nf	1	s61-70968/ssb15/c20	011.wav	20.00	3.519	11.240	It will not be safe for you to stay here now.  Pray follow us, with mine and my Lord Sheriff's men.  Nottingham Castle was reached, and admittance was demanded.  Master Momso, the Sheriff of Nottingham, was mightily put about when told of the rioting,  and Henry might return to England at any moment.
npu-ac1000-nf	1	s61-70968/ssb5/c20	000.wav	20.00	2.217	6.800	[  ]  [  ]  [  ]  [  ]
npu-ac1000-nf	1	s61-70968/ssb5/c20	001.wav	20.00	3.442	11.010	I'm trying to explain to you.  This was so easy.  And in some manner I do think she died.  But then the picture was gone and quickly everything.  And now do you hear these marbles?  Take your place and let us see what the cripple can show you.  You like to be not young anymore.
npu-ac1000-nf	1	s61-70968/ssb5/c20	002.wav	20.00	1.804	5.440	[INAUDIBLE]
npu-ac1000-nf	1	s61-70968/ssb5/c20	003.wav	20.00	3.896	12.560	We have automatic cameras.  Before them, led the scroller and the  "Skype" app was a terrifying thing.  What if the commando and the rioting  tried out the fire-soul and the  "Skype" was quite on the silver-lipot  which hung themselves?  Today, we receive their request  with the lightning-soul  to the little scroller.
npu-ac1000-nf	1	s61-70968/ssb5/c20	004.wav	20.00	3.497	11.170	And then we could play back and would have snatched your person.  I could not see my boy injured actually.  So the boys were easily able to come to the sun.  So I did push this fellow.  It was not that George came well sharply.  He turned the problem out.  She mon-used the business to this day.
npu-ac1000-nf	1	s61-70968/ssb5/c20	005.wav	20.00	4.665	14.450	I dush for my fellows of Nottingham. Surely we can submit with good grace.  I bring you to talk, old man.  But I, recklessly, and do know that he played unfairly in the second second.  [INAUDIBLE]
npu-ac1000-nf	1	s61-70968/ssb5/c20	006.wav	20.00	3.786	12.160	And it was seen you that I gave another person consolation to.  Company men, here, here, we raise this voice so louder.  The strollers took their part in it, which part of that now is they have some chance of beating off their bones.  Robin and the little tumbler between them tried to force this while he ran back.  And very valiantly did the excuse and took them from the boat.
npu-ac1000-nf	1	s61-70968/ssb5/c20	007.wav	20.00	3.476	11.070	The head and sheath of the riot, the Ottingham Accent,  has clenched their threatened multi-shows.  The fire helped to thrust them all in and entered the system.  Now, these pilot on your slide,  the captured apprentice set up an instant shout.  The pilot used main, cried multi-shows.
npu-ac1000-nf	1	s61-70968/ssb5/c20	008.wav	20.00	2.641	8.260	The  down with the black cloth  Trusting open the copper  Rushed horses  A month be shay a month be shay  And redouble their efforts and
npu-ac1000-nf	1	s61-70968/ssb5/c20	009.wav	20.00	3.313	10.550	The first I promise I will always cry, "Poffer ladies!"  George Montice will never forget this day.  What is your name, Lordy? Ask the Lord to call me.  Welcome to the city.  And mind of you of public, where do you come from?  Right, really.
npu-ac1000-nf	1	s61-70968/ssb5/c20	010.wav	20.00	4.684	14.530	I have a second will that I have met before.  But they'll find a man.  Mochiche called out to Robin to give him an arm.  He said Mochiche faintly interrupted.  bear us escort so far as a sheriff.
npu-ac1000-nf	1	s61-70968/ssb5/c20	011.wav	20.00	3.724	11.930	It would not be safe for you to stay here now.  Great follow-up. With mine and my Lord Sheriff's men.  Not again, capital retreat.  No, this is just a matter of time.  Master Monstow, the Sheriff of Nottingham,  was lightly put about when told of the rioting.  And the FHR tried to ignore that any moment.
npu-ac1000-nf-nt	1	s61-70968/clean/c20	002.wav	20.00	3.679	11.760	Master, though I am an old man. Fourth Whith all ran to the opening of the tent to see what might be amiss; but Master Will, who peeped out first, needed no more than one glance. He gave way to the others very readily, and retreated unperceived by the squire in Mistress Fitzuth to the rear of the tent. Cries of a-naughting man!
npu-ac1000-nf-nt	1	s61-70968/clean/c20	003.wav	20.00	6.732	22.170	him, unknotting him! Before them fled the stroller and his three sons, capless and terrified. "What is that tumult and rioting?" cried out the squire authoritatively, and he blew twice on the silver whistle which hung at his belt. "Nay, we refuse their request most politely. Most noble," said the little stroller. "Before them fled the stroller and his three sons, capless and terrified. What is that tumult and rioting?" cried out the squire authoritatively, and he blew twice on the silver whistle which hung at his belt. "Nay, we refuse their request most politely. Most noble," said the little stroller. "Nay, we refuse their request most politely. Most noble," said the little stroller. "Nay, we refuse their request most politely. Most noble," said the little stroller. "Nay, we refuse their request most politely. Most noble," said the little stroller. "Nay, we refuse their request most
npu-ac1000-nf-nt	1	s61-70968/clean/c20	004.wav	20.00	3.621	11.550	And then they became vexed, and would have snatched your purse from us. I could not see my boy injured excellence, for but doing his duty as one of Cumberland's sons. So I did push this fellow. "It is enough," said George Gamewell sharply as he turned upon the crowd. "Shame on you, citizenous citizen, that you have been so kind to me.
npu-ac1000-nf-nt	1	s61-70968/clean/c20	005.wav	20.00	6.731	22.160	sins," cried he. "I blush for my fellows of Nottingham. Surely we can submit with good grace." "Tis fine for you to talk, old man," answered the lean, swollen apprentice. "But I wrestled with this fellow, and do know that he played unfairly in the second bout." Spoke the squire, losing all patient. "I have fought with this fellow, and do know that he played unfairly in the second bout." Spoke the squire, losing all patient. "I have fought with this fellow, and do know that he played unfairly in the second bout." Spoke the squire, losing all patient. "I have fought with this fellow, and do know that he played unfairly in the second bout." Spoke the squire, losing all patient. "I have fought with this fellow, and do know that he played unfairly in the second bout." Spoke the squire, losing all patient. "I have fought with this fellow, and do know that he played unfairly in the second bout."
npu-ac1000-nf-nt	1	s61-70968/clean/c20	006.wav	20.00	6.727	22.150	"And it was to you that I gave another person consolation." "Come to me, men. Here, here!" he raised his voice still louder. The strollers took their part in it with hearty zest, now that they had some chance of beating off their foes. Robin and the little tumbler between them tried to force the squire to stand back, and very valiantly did these two come to come to come to come to come to come to come to come to come to come to come to come to come to come to come to come to come to come to come to come to come to come to come to come to come to come to come to come to come to come to come to come to come to come to come to come to come to come to come to come to come to come to come to come to come to come to come to come to come to come to come to come to come to come to come to come to come to come to come to come to come to come to come to come to come to come to come to come to come
npu-ac1000-nf-nt	1	s61-70968/clean/c20	007.wav	20.00	6.731	22.170	themselves. The head and chief of the riot, the Nottingham Apprentice, with clenched fists threatened Montfichet. The squire helped to thrust them all in and entered swiftly himself. "Now, be silent on your lives," he began, but the captured apprentice set up an instant shout. "Silence, you naïve!" cried Montfichet. "The head and chief of the riot, the Nottingham Apprentice, with clenched fists threatened Montfichet. The squire helped to thrust them all in and entered swiftly himself. "Now, be silent on your lives," he began, but the captured apprentice set up an instant shout. "Silence, you naïve!" cried Montfichet. "Silence, you naïve!" cried Montfichet. "Silence, you naïve!" cried Montfichet. "Silence, you naïve!" cried Montfichet. "Silence, you naïve!" cried Montfichet. "
npu-ac1000-nf-nt	1	s61-70968/clean/c20	008.wav	20.00	6.742	22.180	He felt fur and found the wizard's black cloth. The squire was quite out of breath. Thrusting open the proper entrance of the tent, Robin suddenly rushed forth with his burden with a great shout, "A month viché, a month viché! Game well to the rescue!" Taking advantage of this, the squire's few men redoubled their efforts, and—and—and—and—and—and—and—and—and—and—and—and—and—and—and—and—and—and—and—and—and—and—and—and—and—and—and—and—and—and—and—and—and—and—and—and—and—and—and—and—and—and—and—and—and—and—and—and—and—and—and—and—and—and—and—and—and—and—and—and—and—and—and—and—and—and—and—and—and—and—and
npu-ac1000-nf-nt	1	s61-70968/clean/c20	009.wav	20.00	3.377	10.750	encouraged by Robbins and the little strollers' cries, fought their way to him. George Montfichet will never forget this day. "What is your name, Lording?" asked the little stroller presently. "Robin Fitzsouf. And mine is Will Stutley. Shall we become, Rads?" "Right, Willie."
npu-ac1000-nf-nt	1	s61-70968/clean/c20	010.wav	20.00	3.338	10.620	"I like you, Will. You are the second Will that I have met in light within two days. Is there a sign in that?" Montfichet called out for Robin to give him an arm. "Friends," said Montfichet faintly to the wrestlers. "Bear us escort so far as the sheriffs have."
npu-ac1000-nf-nt	1	s61-70968/clean/c20	011.wav	20.00	4.185	13.460	house. It will not be safe for you to stay here now. Pray follow us, with mine and my Lord Sheriff's men." Nottingham Castle was reached, and admittance was demanded. Master Monceau, the Sheriff of Nottingham, was mightily put about when told of the rioting, and Henry might return to England at any moment. "Master Monceau, the Sheriff of Nottingham was mightily put about when told of the rioting, and Henry might return to England at any moment."
npu-ac1000-nf-nt	1	s61-70968/ssb15/c20	000.wav	20.00	6.736	22.170	He began a confused complaint against the wizard who had vanished behind the curtain on the left. "If not so, earneth the mind of these mummeries, child, a golden fortune and a happy life." He was like unto my father, in a way, and yet was not my father. Also, there was a stripping page, whose, like unto my father, was a stripping page, whose, like unto my father, was not my father. Also, there was a stripping page, whose, like unto my father, was not my father. Also, there was a stripping page, whose, like unto my father, was not my father. Also, there was a stripping page, whose, like unto my father, was not my father. Also, there was a stripping page, whose, like unto my father, was not my father. Also, there was a stripping page, whose, like unto my father, was not my father. Also, there was a stripping page, whose, like unto my father, was not my father
npu-ac1000-nf-nt	1	s61-70968/ssb15/c20	001.wav	20.00	6.723	22.150	returned it to her maid. This was so sweet, old lady sir, and in some manner I do think she died. But then the picture was gone as quickly as it came. Mr. Nell, do you hear these marvels? Take your place and let us see what the crystal can show to you. Like if not young, young, young, young, young, young, young, young, young, young, young, young, young, young, young, young, young, young, young, young, young, young, young, young, young, young, young, young, young, young, young, young, young, young, young, young, young, young, young, young, young, young, young, young, young, young, young, young, young, young, young, young, young, young, young, young, young, young, young, young, young, young, young, young, young, young, young, young, young, young, young, young, young, young, young, young, young
npu-ac1000-nf-nt	1	s61-70968/ssb15/c20	002.wav	20.00	6.726	22.150	Master, though I am an old man. Force Whist all ran to the opening of the tent to see what might be amiss, but Master Will, who peaked out first, needed no more than one glance. He gave way to the others very readily and retreated unperceived by the squire and mistress Bidsooth to the rear of the tent. "Cries of—I'm not a—I'm not a—I'm not a—I'm not a—I'm not a—I'm not a—I'm not a—I'm not a—I'm not a—I'm not a—I'm not a—I'm not a—I'm not a—I'm not a—I'm not a—I'm not a—I'm not a—I'm not a—I'm not a—I'm not a—I'm not a—I'm not a—I'm not a—I'm not a—I'm not a—I'm not a—I'm not a—I'm not
npu-ac1000-nf-nt	1	s61-70968/ssb15/c20	003.wav	20.00	6.722	22.140	him, unknotting him. Before them fled the stroller and his three sons, capless and terrified. "What is that tumult and rioting?" cried out the squire authoritatively, and he blew twice on the sower whistle which hung at his cell. "Nay, we refuse their request most politely. Most noble," said the little stroller. "Before them fled the stroller and his three sons, capless and terrified. What is that tumult and rioting?" cried out the squire authoritatively, and he blew twice on the sower whistle which hung at his cell. "Nay, we refuse their request most politely. Most noble," said the little stroller. "Nay, we refuse their request most politely. Most noble," said the little stroller. "Nay, we refuse their request most politely. Most noble," said the little stroller. "Nay, we refuse their request most politely. Most noble," said the little stroller. "Nay, we refuse their
npu-ac1000-nf-nt	1	s61-70968/ssb15/c20	004.wav	20.00	6.750	22.190	and then they became vexed and would have snatched your purse from us. I could not see my boy injured at once, for by doing the duty of one of Cumberland's sons. So I did push this fellow. It is enough that George gained well sharply as he turned upon the crowd. She, mon use to the de-de-de-de-de-de-de-de-de-de-de-de-de-de-de-de-de-de-de-de-de-de-de-de-de-de-de-de-de-de-de-de-de-de-de-de-de-de-de-de-de-de-de-de-de-de-de-de-de-de-de-de-de-de-de-de-de-de-de-de-de-de-de-de-de-de-de-de-de-de-de-de-de-de-de-de
npu-ac1000-nf-nt	1	s61-70968/ssb15/c20	005.wav	20.00	3.220	10.210	I blush for my fellows of Nottingham. Surely we can submit with good grace. "It is fine for you to talk, old man," answered the lean fellow in apprentice. But I wrestled with his fellow, and do know that he played unfairly in the second bout. Spoke the squire losing all patience.
npu-ac1000-nf-nt	1	s61-70968/ssb15/c20	006.wav	20.00	6.732	22.170	"And it was to you that I gave another person consolation. Come to me, men. Here, here!" He raised his voice still louder. The strollers took their part in it with hearty zest, now that they had some chance of beating off their foes. Robbid and a little tumbler between them tried to force this wire to stand back, and very valiantly did these two from the foes' foes' foes' foes' foes' foes' foes' foes' foes' foes' foes' foes' foes' foes' foes' foes' foes' foes' foes' foes' foes' foes' foes' foes' foes' foes' foes' foes' foes' foes' foes' foes' foes' foes' foes' foes' foes' foes' foes' foes' foes' foes' foes' foes' foes'
npu-ac1000-nf-nt	1	s61-70968/ssb15/c20	007.wav	20.00	6.731	22.170	The head and chief of the riots in Ottingham Apprentice, with quench fists, threatened Mont-Pichet. His squire helped to thrust them all in and entered swiftly himself. "Now be silent on your lies," he began, but the captured apprentice set up an instant shout. "Silent, you naïve," cried Mont-Pichet. "Shut up, you naïve," cried Mont-Pichet. "Shut up, you naïve," cried Mont-Pichet. "Shut up, you naïve," cried Mont-Pichet. "Shut up, you naïve," cried Mont-Pichet. "Shut up, you naïve," cried Mont-Pichet. "Shut up, you naïve," cried Mont-Pichet. "Shut up, you naïve," cried Mont-Pichet. "Shut up, you naïve," cried Mont-Pichet. "Shut up, you
npu-ac1000-nf-nt	1	s61-70968/ssb15/c20	008.wav	20.00	6.725	22.170	He felt for and found the wizard's black claw. The squire was quite out of breath. Thrusting open the proper entrance of the tent, Robin suddenly rushed forth with his burden with a great shout. "A must be shea! A must be shea! Game well to the rescue!" Taking advantage of this, the squire's few men redoubled their efforts and, and, and, and, and, and, and, and, and, and, and, and, and, and, and, and, and, and, and, and, and, and, and, and, and, and, and, and, and, and, and, and, and, and, and, and, and, and, and, and, and, and, and, and, and, and, and, and, and, and, and, and, and, and, and, and, and, and, and, and, and, and, and, and, and, and, and, and, and, and, and,
npu-ac1000-nf-nt	1	s61-70968/ssb15/c20	009.wav	20.00	3.266	10.370	encouraged by Robbins and the little stroller's cries, fought their way to him. George Montice will never forget this day. "What is your name, Lording?" asked the little stroller presently. "Robbins is a goose, and mine is real stutley. Shall we become rats?" "Right, Willie."
npu-ac1000-nf-nt	1	s61-70968/ssb15/c20	010.wav	20.00	3.605	11.440	"I'd like you, Will. You're the second Will that I have met and liked within two days. Is there a sign in that?" Montchichet called out for Robin to give him an arm. "Bren," said Montchichet faintly to the rep for, "bear us escort so far as the sheriffs have, for the sheriffs have to give him an arm."
npu-ac1000-nf-nt	1	s61-70968/ssb15/c20	011.wav	20.00	3.334	10.610	It will not be safe for you to stay here now. Pray follow us, with mine and my Lord Sheriff's men." Nottingham Castle was reached, and admittance was demanded. Master Momso, the Sheriff of Nottingham, was mightily put about when told of the rioting, and Henry might return to England at any moment.
npu-ac1000-nf-nt	1	s61-70968/ssb5/c20	000.wav	20.00	1.827	5.420	[Pause]
npu-ac1000-nf-nt	1	s61-70968/ssb5/c20	001.wav	20.00	1.896	5.740	I'm sorry, I'm sorry.
npu-ac1000-nf-nt	1	s61-70968/ssb5/c20	002.wav	20.00	1.790	5.360	[INAUDIBLE]
npu-ac1000-nf-nt	1	s61-70968/ssb5/c20	003.wav	20.00	3.485	11.130	We have automatic cameras. Before them, led the scroller to the ground. That was a terrifying sight. What if the commando and rioting tried out the fire-soul and hid it away? And we'd fight on the silver lip of the tunnel itself. Today, we were free with their request. "Look, the lightning is so renewable," said the little scroller.
npu-ac1000-nf-nt	1	s61-70968/ssb5/c20	004.wav	20.00	3.157	9.990	And then we could play back and would have snatched your person. I could not see my boy injured actually. So the boys were easily able to come to the sun. So I did push this fellow. It was not that George came well sharply. He turned the problem out. She mon-used the business.
npu-ac1000-nf-nt	1	s61-70968/ssb5/c20	005.wav	20.00	2.949	9.290	I dush for my fellows of Nottingham. Surely we can submit with good grace. I bring you to talk, old man. But I, recklessly, and do know that he played unfairly in the second second. He broke his violin using all patience.
npu-ac1000-nf-nt	1	s61-70968/ssb5/c20	006.wav	20.00	6.723	22.160	And it was seen you that I gave another person consolation to. Company men, here, here, we raise this voice so louder. The strollers took their part in it, the party staff, now that they had some chance of beating off their bones. Robin and the little tumbler between them tried to force this while he ran back. And very valiantly did the excuse and took them from the boat. Robin and the little tumbler between them tried to force this while he ran back. And very valiantly did the excuse and took them from the boat. And very valiantly did the excuse and took them from the boat. And very valiantly did the excuse and took them from the boat. And very valiantly did the excuse and took them from the boat. And very valiantly did the excuse and took them from the boat. And very valiantly did the excuse and took them from the boat. And very valiantly did the excuse and took them from the boat. And very valiantly did the excuse and took them from the boat. And very valiantly did the excuse
npu-ac1000-nf-nt	1	s61-70968/ssb5/c20	007.wav	20.00	1.877	5.630	The head and she for the life
npu-ac1000-nf-nt	1	s61-70968/ssb5/c20	008.wav	20.00	1.852	5.560	The fire is on fire.
npu-ac1000-nf-nt	1	s61-70968/ssb5/c20	009.wav	20.00	3.154	9.990	The first I promise I will always cry, "Poffer ladies!" George Montice will never forget this day. What is your name, Lordy? Ask the Lord to call you. Welcome to the city. And mind of you of public, where do you come from? Right, really. Call me.
npu-ac1000-nf-nt	1	s61-70968/ssb5/c20	010.wav	20.00	1.970	5.960	I have a second will that I have met before.
npu-ac1000-nf-nt	1	s61-70968/ssb5/c20	011.wav	20.00	3.175	10.060	It would not be safe for you to stay here now. Great follow-up. With mine and my Lord Sheriff's men. Not again, capital retreat. Master Monso, the Sheriff of Nottingham, was lightly put about when told of the rioting. And the Heller tried to ignore that any moment.
npu-ac1000-nf-nt-t2	1	s61-70968/clean/c20	002.wav	20.00	5.103	9.810	Master, though I am an old man. Fourth Whith all ran to the opening of the tent to see what might be amiss; but Master Will, who peeped out first, needed no more than one glance. He gave way to the others very readily, and retreated unperceived by the squire in Mistress Fitzuth to the rear of the tent. Cries of a-naughting man!
npu-ac1000-nf-nt-t2	1	s61-70968/clean/c20	003.wav	20.00	9.312	17.300	him, unknotting him! Before them fled the stroller and his three sons, capless and terrified. "What is that tumult and rioting?" cried out the squire authoritatively, and he blew twice on the silver whistle which hung at his belt. "Nay, we refuse their request most politely. Most noble," said the little stroller. "Before them fled the stroller and his three sons, capless and terrified. What is that tumult and rioting?" cried out the squire authoritatively, and he blew twice on the silver whistle which hung at his belt. "Nay, we refuse their request most politely. Most noble," said the little stroller. "Nay, we refuse their request most politely. Most noble," said the little stroller. "Nay, we refuse their request most politely. Most noble," said the little stroller. "Nay, we refuse their request most politely. Most noble," said the little stroller. "Nay, we refuse their request most
npu-ac1000-nf-nt-t2	1	s61-70968/clean/c20	004.wav	20.00	5.139	9.570	And then they became vexed, and would have snatched your purse from us. I could not see my boy injured excellence, for but doing his duty as one of Cumberland's sons. So I did push this fellow. "It is enough," said George Gamewell sharply as he turned upon the crowd. "Shame on you, citizenous citizen, that you have been so kind to me.
npu-ac1000-nf-nt-t2	1	s61-70968/clean/c20	005.wav	20.00	9.320	17.310	sins," cried he. "I blush for my fellows of Nottingham. Surely we can submit with good grace." "Tis fine for you to talk, old man," answered the lean, swollen apprentice. "But I wrestled with this fellow, and do know that he played unfairly in the second bout." Spoke the squire, losing all patient. "I have fought with this fellow, and do know that he played unfairly in the second bout." Spoke the squire, losing all patient. "I have fought with this fellow, and do know that he played unfairly in the second bout." Spoke the squire, losing all patient. "I have fought with this fellow, and do know that he played unfairly in the second bout." Spoke the squire, losing all patient. "I have fought with this fellow, and do know that he played unfairly in the second bout." Spoke the squire, losing all patient. "I have fought with this fellow, and do know that he played unfairly in the second bout."
npu-ac1000-nf-nt-t2	1	s61-70968/clean/c20	006.wav	20.00	9.298	17.290	"And it was to you that I gave another person consolation." "Come to me, men. Here, here!" he raised his voice still louder. The strollers took their part in it with hearty zest, now that they had some chance of beating off their foes. Robin and the little tumbler between them tried to force the squire to stand back, and very valiantly did these two come to come to come to come to come to come to come to come to come to come to come to come to come to come to come to come to come to come to come to come to come to come to come to come to come to come to come to come to come to come to come to come to come to come to come to come to come to come to come to come to come to come to come to come to come to come to come to come to come to come to come to come to come to come to come to come to come to come to come to come to come to come to come to come to come to come to come to come to come
npu-ac1000-nf-nt-t2	1	s61-70968/clean/c20	007.wav	20.00	9.304	17.280	themselves. The head and chief of the riot, the Nottingham Apprentice, with clenched fists threatened Montfichet. The squire helped to thrust them all in and entered swiftly himself. "Now, be silent on your lives," he began, but the captured apprentice set up an instant shout. "Silence, you naïve!" cried Montfichet. "Sit down, you naïve!" cried Montfichet. "Sit down, you naïve!" cried Montfichet. "Sit down, you naïve!" cried Montfichet. "Sit down, you naïve!" cried Montfichet. "Sit down, you naïve!" cried Montfichet. "Sit down, you naïve!" cried Montfichet. "Sit down, you naïve!" cried Montfichet. "Sit down, you naïve!" cried Montfichet. "Sit down, you naïve!" cried Mont
npu-ac1000-nf-nt-t2	1	s61-70968/clean/c20	008.wav	20.00	9.301	17.300	He felt fur and found the wizard's black cloth. The squire was quite out of breath. Thrusting open the proper entrance of the tent, Robin suddenly rushed forth with his burden with a great shout, "A month viché, a month viché! Game well to the rescue!" Taking advantage of this, the squire's few men redoubled their efforts, and—and—and—and—and—and—and—and—and—and—and—and—and—and—and—and—and—and—and—and—and—and—and—and—and—and—and—and—and—and—and—and—and—and—and—and—and—and—and—and—and—and—and—and—and—and—and—and—and—and—and—and—and—and—and—and—and—and—and—and—and—and—and—and—and—and—and—and—and—and—and
npu-ac1000-nf-nt-t2	1	s61-70968/clean/c20	009.wav	20.00	4.840	9.020	encouraged by Robbins and the little strollers' cries, fought their way to him. George Montfichet will never forget this day. "What is your name, Lording?" asked the little stroller presently. "Robin Fitzsouf. And mine is Will Stutley. Shall we become, Rads?" "Right, Willie."
npu-ac1000-nf-nt-t2	1	s61-70968/clean/c20	010.wav	20.00	4.764	8.890	"I like you, Will. You are the second Will that I have met in light within two days. Is there a sign in that?" Montfichet called out for Robin to give him an arm. "Friends," said Montfichet faintly to the wrestlers. "Bear us escort so far as the sheriffs have."
npu-ac1000-nf-nt-t2	1	s61-70968/clean/c20	011.wav	20.00	5.904	10.990	house. It will not be safe for you to stay here now. Pray follow us, with mine and my Lord Sheriff's men." Nottingham Castle was reached, and admittance was demanded. Master Monceau, the Sheriff of Nottingham, was mightily put about when told of the rioting, and Henry might return to England at any moment. "Master Monceau, the Sheriff of Nottingham was mightily put about when told of the rioting, and Henry might return to England at any moment."
npu-ac1000-nf-nt-t2	1	s61-70968/ssb15/c20	000.wav	20.00	9.318	17.280	He began a confused complaint against the wizard who had vanished behind the curtain on the left. "If not so, earneth the mind of these mummeries, child, a golden fortune and a happy life." He was like unto my father, in a way, and yet was not my father. Also, there was a stripping page, whose, like unto my father, was a stripping page, whose, like unto my father, was not my father. Also, there was a stripping page, whose, like unto my father, was not my father. Also, there was a stripping page, whose, like unto my father, was not my father. Also, there was a stripping page, whose, like unto my father, was not my father. Also, there was a stripping page, whose, like unto my father, was not my father. Also, there was a stripping page, whose, like unto my father, was not my father. Also, there was a stripping page, whose, like unto my father, was not my father
npu-ac1000-nf-nt-t2	1	s61-70968/ssb15/c20	001.wav	20.00	9.292	17.270	returned it to her maid. This was so sweet, old lady sir, and in some manner I do think she died. But then the picture was gone as quickly as it came. Mr. Nell, do you hear these marvels? Take your place and let us see what the crystal can show to you. Like if not young, young, young, young, young, young, young, young, young, young, young, young, young, young, young, young, young, young, young, young, young, young, young, young, young, young, young, young, young, young, young, young, young, young, young, young, young, young, young, young, young, young, young, young, young, young, young, young, young, young, young, young, young, young, young, young, young, young, young, young, young, young, young, young, young, young, young, young, young, young, young, young, young, young, young, young, young
npu-ac1000-nf-nt-t2	1	s61-70968/ssb15/c20	002.wav	20.00	9.295	17.300	Master, though I am an old man. Force Whist all ran to the opening of the tent to see what might be amiss, but Master Will, who peaked out first, needed no more than one glance. He gave way to the others very readily and retreated unperceived by the squire and mistress Bidsooth to the rear of the tent. "Cries of—I'm not a—I'm not a—I'm not a—I'm not a—I'm not a—I'm not a—I'm not a—I'm not a—I'm not a—I'm not a—I'm not a—I'm not a—I'm not a—I'm not a—I'm not a—I'm not a—I'm not a—I'm not a—I'm not a—I'm not a—I'm not a—I'm not a—I'm not a—I'm not a—I'm not a—I'm not a—I'm not a—I'm not
npu-ac1000-nf-nt-t2	1	s61-70968/ssb15/c20	003.wav	20.00	9.305	17.290	him, unknotting him. Before them fled the stroller and his three sons, capless and terrified. "What is that tumult and rioting?" cried out the squire authoritatively, and he blew twice on the sower whistle which hung at his cell. "Nay, we refuse their request most politely. Most noble," said the little stroller. "Before them fled the stroller and his three sons, capless and terrified. What is that tumult and rioting?" cried out the squire authoritatively, and he blew twice on the sower whistle which hung at his cell. "Nay, we refuse their request most politely. Most noble," said the little stroller. "Nay, we refuse their request most politely. Most noble," said the little stroller. "Nay, we refuse their request most politely. Most noble," said the little stroller. "Nay, we refuse their request most politely. Most noble," said the little stroller. "Nay, we refuse their
npu-ac1000-nf-nt-t2	1	s61-70968/ssb15/c20	004.wav	20.00	9.289	17.270	and then they became vexed and would have snatched your purse from us. I could not see my boy injured at once, for by doing the duty of one of Cumberland's sons. So I did push this fellow. It is enough that George gained well sharply as he turned upon the crowd. She, mon use to the de-de-de-de-de-de-de-de-de-de-de-de-de-de-de-de-de-de-de-de-de-de-de-de-de-de-de-de-de-de-de-de-de-de-de-de-de-de-de-de-de-de-de-de-de-de-de-de-de-de-de-de-de-de-de-de-de-de-de-de-de-de-de-de-de-de-de-de-de-de-de-de-de-de-de-de
npu-ac1000-nf-nt-t2	1	s61-70968/ssb15/c20	005.wav	20.00	4.617	8.610	I blush for my fellows of Nottingham. Surely we can submit with good grace. "It is fine for you to talk, old man," answered the lean fellow in apprentice. But I wrestled with his fellow, and do know that he played unfairly in the second bout. Spoke the squire losing all patience.
npu-ac1000-nf-nt-t2	1	s61-70968/ssb15/c20	006.wav	20.00	9.309	17.290	"And it was to you that I gave another person consolation. Come to me, men. Here, here!" He raised his voice still louder. The strollers took their part in it with hearty zest, now that they had some chance of beating off their foes. Robbiting a little tumbler between them, tried to force this wire to stand back, and very valiantly did these two from the foes' foes' foes' foes' foes' foes' foes' foes' foes' foes' foes' foes' foes' foes' foes' foes' foes' foes' foes' foes' foes' foes' foes' foes' foes' foes' foes' foes' foes' foes' foes' foes' foes' foes' foes' foes' foes' foes' foes' foes' foes' foes' foes' foes' foes'
npu-ac1000-nf-nt-t2	1	s61-70968/ssb15/c20	007.wav	20.00	9.294	17.270	The head and chief of the riots in Ottingham Apprentice, with quench fists, threatened Mont-Pichet. His squire helped to thrust them all in and entered swiftly himself. "Now be silent on your lies," he began, but the captured apprentice set up an instant shout. "Silent, you naïve," cried Mont-Pichet. "Shut up, you naïve," cried Mont-Pichet. "Shut up, you naïve," cried Mont-Pichet. "Shut up, you naïve," cried Mont-Pichet. "Shut up, you naïve," cried Mont-Pichet. "Shut up, you naïve," cried Mont-Pichet. "Shut up, you naïve," cried Mont-Pichet. "Shut up, you naïve," cried Mont-Pichet. "Shut up, you naïve," cried Mont-Pichet. "Shut up, you
npu-ac1000-nf-nt-t2	1	s61-70968/ssb15/c20	008.wav	20.00	9.319	17.310	He felt for and found the wizard's black claw. The squire was quite out of breath. Thrusting open the proper entrance of the tent, Robin suddenly rushed forth with his burden with a great shout. "A must be shea! A must be shea! Game well to the rescue!" Taking advantage of this, the squire's few men redoubled their efforts and, and, and, and, and, and, and, and, and, and, and, and, and, and, and, and, and, and, and, and, and, and, and, and, and, and, and, and, and, and, and, and, and, and, and, and, and, and, and, and, and, and, and, and, and, and, and, and, and, and, and, and, and, and, and, and, and, and, and, and, and, and, and, and, and, and, and, and, and, and, and,
npu-ac1000-nf-nt-t2	1	s61-70968/ssb15/c20	009.wav	20.00	4.687	8.740	encouraged by Robbins and the little stroller's cries, fought their way to him. George Montice will never forget this day. "What is your name, Lording?" asked the little stroller presently. "Robbins is a goose, and mine is real stutley. Shall we become rats?" "Right, Willie."
npu-ac1000-nf-nt-t2	1	s61-70968/ssb15/c20	010.wav	20.00	5.105	9.490	"I'd like you, Will. You're the second Will that I have met and liked within two days. Is there a sign in that?" Montchichet called out for Robin to give him an arm. "Bren," said Montchichet faintly to the rep for, "bear us escort so far as the sheriffs have, for the sheriffs have to give him an arm."
npu-ac1000-nf-nt-t2	1	s61-70968/ssb15/c20	011.wav	20.00	4.773	8.900	It will not be safe for you to stay here now. Pray follow us, with mine and my Lord Sheriff's men." Nottingham Castle was reached, and admittance was demanded. Master Momso, the Sheriff of Nottingham, was mightily put about when told of the rioting, and Henry might return to England at any moment.
npu-ac1000-nf-nt-t2	1	s61-70968/ssb5/c20	000.wav	20.00	2.778	5.200	[Pause]
npu-ac1000-nf-nt-t2	1	s61-70968/ssb5/c20	001.wav	20.00	2.874	5.410	I'm sorry, I'm sorry.
npu-ac1000-nf-nt-t2	1	s61-70968/ssb5/c20	002.wav	20.00	2.735	5.160	[INAUDIBLE]
npu-ac1000-nf-nt-t2	1	s61-70968/ssb5/c20	003.wav	20.00	4.982	9.280	We have automatic cameras. Before them, led the scroller to the ground. That was a terrifying sight. What if the commando and rioting tried out the fire-soul and hid it away? And we'd fight on the silver lip of the tunnel itself. Today, we were free with their request. "Look, the lightning is so renewable," said the little scroller.
npu-ac1000-nf-nt-t2	1	s61-70968/ssb5/c20	004.wav	20.00	4.530	8.450	And then we could play back and would have snatched your person. I could not see my boy injured actually. So the boys were easily able to come to the sun. So I did push this fellow. It was not that George came well sharply. He turned the problem out. She mon-used the business.
npu-ac1000-nf-nt-t2	1	s61-70968/ssb5/c20	005.wav	20.00	4.270	7.960	I dush for my fellows of Nottingham. Surely we can submit with good grace. I bring you to talk, old man. But I, recklessly, and do know that he played unfairly in the second second. He broke his violin using all patience.
npu-ac1000-nf-nt-t2	1	s61-70968/ssb5/c20	006.wav	20.00	9.292	17.290	And it was seen you that I gave another person consolation to. Company men, here, here, we raise this voice so louder. The strollers took their part in it, the party staff, now that they had some chance of beating off their bones. Robin and the little tumbler between them tried to force this while he ran back. And very valiantly did the excuse and took them from the boat. Robin and the little tumbler between them tried to force this while he ran back. And very valiantly did the excuse and took them from the boat. And very valiantly did the excuse and took them from the boat. And very valiantly did the excuse and took them from the boat. And very valiantly did the excuse and took them from the boat. And very valiantly did the excuse and took them from the boat. And very valiantly did the excuse and took them from the boat. And very valiantly did the excuse and took them from the boat. And very valiantly did the excuse and took them from the boat. And very valiantly did the excuse
npu-ac1000-nf-nt-t2	1	s61-70968/ssb5/c20	007.wav	20.00	2.848	5.340	The head and she for the life
npu-ac1000-nf-nt-t2	1	s61-70968/ssb5/c20	008.wav	20.00	2.821	5.290	The fire is on fire.
npu-ac1000-nf-nt-t2	1	s61-70968/ssb5/c20	009.wav	20.00	4.526	8.440	The first I promise I will always cry, "Poffer ladies!" George Montice will never forget this day. What is your name, Lordy? Ask the Lord to call you. Welcome to the city. And mind of you of public, where do you come from? Right, really. Call me.
npu-ac1000-nf-nt-t2	1	s61-70968/ssb5/c20	010.wav	20.00	2.964	5.580	I have a second will that I have met before.
npu-ac1000-nf-nt-t2	1	s61-70968/ssb5/c20	011.wav	20.00	4.554	8.500	It would not be safe for you to stay here now. Great follow-up. With mine and my Lord Sheriff's men. Not again, capital retreat. Master Monso, the Sheriff of Nottingham, was lightly put about when told of the rioting. And the Heller tried to ignore that any moment.
npu-q5-ac1000-nf-nt	1	s61-70968/clean/c20	002.wav	20.00	3.465	10.910	Master, though I am an old man. Fourth Whith all ran to the opening of the tent to see what might be amiss; but Master Will, who peeped out first, needed no more than one glance. He gave way to the others very readily, and retreated unperceived by the squire in Mistress Fitz-Ooth to the rear of the tent. Cries of a-naughting man!
npu-q5-ac1000-nf-nt	1	s61-70968/clean/c20	003.wav	20.00	5.896	18.940	him, unknotting him! Before them fled the stroller and his three sons, capless and terrified. "What is that tumult and rioting?" cried out the squire authoritatively, and he blew twice on the silver whistle which hung at his belt. "Nay, we refuse their request most politely. Most noble," said the little stroller. "Before them fled the stroller and his three sons, capless and terrified. What is that tumult and rioting?" cried out the squire authoritatively, and he blew twice on the silver whistle which hung at his belt. "Nay, we refuse their request most politely. Most noble," said the little stroller. "Nay, we refuse their request most politely. Most noble," said the little stroller. "Nay, we refuse their request most politely. Most noble," said the little stroller. "Nay, we refuse their request most politely. Most noble," said the little stroller. "Nay, we refuse their request most
npu-q5-ac1000-nf-nt	1	s61-70968/clean/c20	004.wav	20.00	5.897	18.960	And then they became vexed, and would have snatched your purse from us. I could not see my boy injured excellence, for but doing his duty as one of Cumberland's sons. So I did push this fellow. "It is enough," said George Gamewell sharply as he turned upon the crowd. "Shame on you, citizen, citizen, citizen, citizen, citizen, citizen, citizen, citizen, citizen, citizen, citizen, citizen, citizen, citizen, citizen, citizen, citizen, citizen, citizen, citizen, citizen, citizen, citizen, citizen, citizen, citizen, citizen, citizen, citizen, citizen, citizen, citizen, citizen, citizen, citizen, citizen, citizen, citizen, citizen, citizen, citizen, citizen, citizen, citizen, citizen, citizen, citizen, citizen, citizen, citizen, citizen, citizen, citizen, citizen, citizen, citizen, citizen, citizen, citizen, citizen, citizen, citizen, citizen, citizen, citizen, citizen, citizen, citizen, citizen, citizen, citizen, citizen, citizen, citizen, citizen
npu-q5-ac1000-nf-nt	1	s61-70968/clean/c20	005.wav	20.00	5.900	18.950	sins," cried he. "I blush for my fellows of Nottingham. Surely we can submit with good grace." "Tis fine for you to talk, old man," answered the lean, sullen apprentice. "But I wrestled with this fellow, and do know that he played unfairly in the second bout." Spoke the squire losing all patient. "I have fought with him for a long time, and I have fought with him for a long time, and I have fought with him for a long time, and I have fought with him for a long time, and I have fought with him for a long time, and I have fought with him for a long time, and I have fought with him for a long time, and I have fought with him for a long time, and I have fought with him for a long time, and I have fought with him for a long time, and I have fought with him for a long time, and I have fought with him for a long time, and I have fought with him for a long time, and I
npu-q5-ac1000-nf-nt	1	s61-70968/clean/c20	006.wav	20.00	5.915	18.980	"And it was to you that I gave another person consolation." "Come to me, men. Here, here!" he raised his voice still louder. The strollers took their part in it with hearty zest, now that they had some chance of beating off their foes. Robin and the little tumbler between them tried to force the squire to stand back, and very valiantly did these two come to come to come to come to come to come to come to come to come to come to come to come to come to come to come to come to come to come to come to come to come to come to come to come to come to come to come to come to come to come to come to come to come to come to come to come to come to come to come to come to come to come to come to come to come to come to come to come to come to come to come to come to come to come to come to come to come to come to come to come to come to come to come to come to come to come to come to come to come
npu-q5-ac1000-nf-nt	1	s61-70968/clean/c20	007.wav	20.00	5.913	18.990	themselves. The head and chief of the riot, the Nottingham apprentice, with clenched fists threatened Mont-Fichet. The squire helped to thrust them all in and entered swiftly himself. "Now be silent on your lives," he began, but the captured apprentice set up an instant shout. "Silence, you naïve!" cried Mont-Fichet. "The head and chief of the riot, the Nottingham apprentice, with clenched fists threatened Mont-Fichet. The squire helped to thrust them all in and entered swiftly himself. "Now be silent on your lives," he began, but the captured apprentice set up an instant shout. "Silence, you naïve!" cried Mont-Fichet. "Silence, you naïve!" cried Mont-Fichet. "Silence, you naïve!" cried Mont-Fichet. "Silence, you naïve!" cried Mont-Fichet. "Silence, you naïve!" cried Mont-Fichet
npu-q5-ac1000-nf-nt	1	s61-70968/clean/c20	008.wav	20.00	5.906	18.960	He felt fur and found the wizard's black cloth. The squire was quite out of breath. Thrusting open the proper entrance of the tent, Robin suddenly rushed forth with his burden with a great shout, "A month viché, a month viché! Game well to the rescue!" Taking advantage of this, the squire's few men redoubled their efforts, and—and—and—and—and—and—and—and—and—and—and—and—and—and—and—and—and—and—and—and—and—and—and—and—and—and—and—and—and—and—and—and—and—and—and—and—and—and—and—and—and—and—and—and—and—and—and—and—and—and—and—and—and—and—and—and—and—and—and—and—and—and—and—and—and—and—and—and—and—and—and
npu-q5-ac1000-nf-nt	1	s61-70968/clean/c20	009.wav	20.00	5.911	18.990	encouraged by Robbins and the little strollers' cries, fought their way to him. George Montfichet will never forget this day. "What is your name, Lording?" asked the little stroller presently. "Robin Fitzsouf. And mine is Will Stutley. Shall we become, Rads?" "Right, Willing." "Right, Willing." "Right, Willing." "Right, Willing." "Right, Willing." "Right, Willing." "Right, Willing." "Right, Willing." "Right, Willing." "Right, Willing." "Right, Willing." "Right, Willing." "Right, Willing." "Right, Willing." "Right, Willing." "Right, Willing." "Right, Willing." "Right, Willing." "Right, Willing." "Right, Willing." "Right, Willing." "Right, Willing." "Right, Willing." "Right, Willing." "Right, Willing." "
npu-q5-ac1000-nf-nt	1	s61-70968/clean/c20	010.wav	20.00	3.240	10.190	"I like you, Will. You are the second Will that I have met in light within two days. Is there a sign in that?" Montfichet called out for Robin to give him an arm. "Friends," said Montfichet faintly to the wrestlers. "Bear us escort so far as the sheriffs have, have the sheriffs."
npu-q5-ac1000-nf-nt	1	s61-70968/clean/c20	011.wav	20.00	5.906	18.970	house. It will not be safe for you to stay here now. Pray follow us, with mine and my Lord Sheriff's men." Nottingham Castle was reached, and admittance was demanded. Master Monceau, the Sheriff of Nottingham, was mightily put about when told of the rioting, and Henry might return to England at any moment. "Master Monceau, the Sheriff of Nottingham was mightily put about when told of the rioting, and Henry might return to England at any moment." "Master Monceau, the Sheriff of Nottingham was mightily put about when told of the rioting, and Henry might return to England at any moment." "Master Monceau, the Sheriff of Nottingham was mightily put about when told of the rioting, and Henry might return to England at any moment." "Master Monceau, the Sheriff of Nottingham was mightily put about when told of the rioting, and Henry might return to England at any moment." "Master Monceau, the Sheriff of
npu-q5-ac1000-nf-nt	1	s61-70968/ssb15/c20	000.wav	20.00	5.918	18.970	He began a confused complaint against the wizard who had vanished behind the curtain on the left. "If not so earnest the mind of these mummeries, child, a golden fortune and a happy life." He was like unto my father, in a way, and yet was not my father. Also, there was a stripping page, whose, like unto my father, was a stripping page, whose, like unto my father, was not my father. Also, there was a stripping page, whose, like unto my father, was not my father. Also, there was a stripping page, whose, like unto my father, was not my father. Also, there was a stripping page, whose, like unto my father, was not my father. Also, there was a stripping page, whose, like unto my father, was not my father. Also, there was a stripping page, whose, like unto my father, was not my father. Also, there was a stripping page, whose, like unto my father, was not my father.
npu-q5-ac1000-nf-nt	1	s61-70968/ssb15/c20	001.wav	20.00	5.914	18.990	She returned it to her maid. This was so sweet, old lady, sir. And in some manner I do think she died. But then the picture was gone as quickly as it came. Mr. Nell, do you hear these marvels? Take your place and let us see what the crystal can show to you. Like if not young, young, young, young, young, young, young, young, young, young, young, young, young, young, young, young, young, young, young, young, young, young, young, young, young, young, young, young, young, young, young, young, young, young, young, young, young, young, young, young, young, young, young, young, young, young, young, young, young, young, young, young, young, young, young, young, young, young, young, young, young, young, young, young, young, young, young, young, young, young, young, young, young, young, young, young
npu-q5-ac1000-nf-nt	1	s61-70968/ssb15/c20	002.wav	20.00	5.910	18.980	Master, though I am an old man. Force Whist all ran to the opening of the tent to see what might be amiss, but Master Will, who peaked out first, needed no more than one glance. He gave way to the others very readily and retreated unperceived by the squire and Mistress Bidsooth to the rear of the tent. "Cries of—I'm not a—I'm not a—I'm not a—I'm not a—I'm not a—I'm not a—I'm not a—I'm not a—I'm not a—I'm not a—I'm not a—I'm not a—I'm not a—I'm not a—I'm not a—I'm not a—I'm not a—I'm not a—I'm not a—I'm not a—I'm not a—I'm not a—I'm not a—I'm not a—I'm not a—I'm not a—I'm not a—I'm not
npu-q5-ac1000-nf-nt	1	s61-70968/ssb15/c20	003.wav	20.00	5.909	18.980	him, unknotting him. Before them fled the stroller and his three sons, capless and terrified. "What is that tumult and rioting?" cried out the squire authoritatively, and he blew twice on the silver whistle which hung at his cell. "Nay, we refuse their request most politely, most noble," said the little stroller. "Before them fled the stroller and his three sons, capless and terrified. What is that tumult and rioting?" cried out the squire authoritatively, and he blew twice on the silver whistle which hung at his cell. "Nay, we refuse their request most politely, most noble," said the little stroller. "Nay, we refuse their request most politely, most noble," said the little stroller. "Nay, we refuse their request most politely, most noble," said the little stroller. "Nay, we refuse their request most politely, most noble," said the little stroller. "Nay, we refuse their request most
npu-q5-ac1000-nf-nt	1	s61-70968/ssb15/c20	004.wav	20.00	5.915	19.010	and then they became vexed and would have snatched your purse from us. I could not see my boy injured at once, for by doing the duty of one of Cumberland's sons. So I did push this fellow. It is enough that George came well sharply as he turned upon the crowd. She, mon use to the de-de-de-de-de-de-de-de-de-de-de-de-de-de-de-de-de-de-de-de-de-de-de-de-de-de-de-de-de-de-de-de-de-de-de-de-de-de-de-de-de-de-de-de-de-de-de-de-de-de-de-de-de-de-de-de-de-de-de-de-de-de-de-de-de-de-de-de-de-de-de-de-de-de-de-de
npu-q5-ac1000-nf-nt	1	s61-70968/ssb15/c20	005.wav	20.00	3.084	9.660	I blush for my fellows of Nottingham. Surely we can submit with good grace. "It is fine for you to talk, old man," answered the lean fellow in apprentice, "but I wrestled with his fellow, and do know that he played unfairly in the second bout." Spoke the squire losing all patience.
npu-q5-ac1000-nf-nt	1	s61-70968/ssb15/c20	006.wav	20.00	3.509	11.050	And it was to you that I gave another person consolation. "Come to me, men. Here, here!" He raised his voice still louder. The strollers took their part in it with hearty zest, now that they had some chance of beating off their foes. Robbid and a little tumbler between them tried to force the squire to stand back, and very valiantly did these two from the foes stand back.
npu-q5-ac1000-nf-nt	1	s61-70968/ssb15/c20	007.wav	20.00	5.906	18.960	The head and chief of the riot, the Nottingham Apprentice, was quenched fists to threaten Mont-Pichet. His squire helped to thrust them all in and entered swiftly himself. "Now be silent on your lies," he began, but the captured apprentice set up an instant shout. "Silence, you knave," cried Mont-Pichet. "Sit down, you naïve," cried Mont-Pichet. "Sit down, you naïve," cried Mont-Pichet. "Sit down, you naïve," cried Mont-Pichet. "Sit down, you naïve," cried Mont-Pichet. "Sit down, you naïve," cried Mont-Pichet. "Sit down, you naïve," cried Mont-Pichet. "Sit down, you naïve," cried Mont-Pichet. "Sit down, you naïve," cried Mont-Pichet. "Sit down,
npu-q5-ac1000-nf-nt	1	s61-70968/ssb15/c20	008.wav	20.00	5.899	18.950	He felt for and found the wizard's black cloth. His choir was quite out of breath. Thrusting open the proper entrance of the tent, Robin suddenly rushed forth with his burden with a great shout. "A must be she, a must be she! Game well to the rescue!" Taking advantage of this, the choir's few men redoubled their efforts and, and, and, and, and, and, and, and, and, and, and, and, and, and, and, and, and, and, and, and, and, and, and, and, and, and, and, and, and, and, and, and, and, and, and, and, and, and, and, and, and, and, and, and, and, and, and, and, and, and, and, and, and, and, and, and, and, and, and, and, and, and, and, and, and, and, and, and, and, and, and, and, and,
npu-q5-ac1000-nf-nt	1	s61-70968/ssb15/c20	009.wav	20.00	5.902	18.980	encouraged by Robbins and the little stroller's cries, fought their way to him. George Montice will never forget this day. "What is your name, Lording?" asked the little stroller presently. "Robbins, it's you." "And mine is Will Stutley. Shall we become, Rad?" "Right, Willie." "Right, Willie." "Right, Willie." "Right, Willie." "Right, Willie." "Right, Willie." "Right, Willie." "Right, Willie." "Right, Willie." "Right, Willie." "Right, Willie." "Right, Willie." "Right, Willie." "Right, Willie." "Right, Willie." "Right, Willie." "Right, Willie." "Right, Willie." "Right, Willie." "Right, Willie." "Right, Willie." "Right, Willie." "Right, Willie." "Right, Willie." "Right, Willie." "Right,
npu-q5-ac1000-nf-nt	1	s61-70968/ssb15/c20	010.wav	20.00	3.381	10.550	"I'd like you, Will. You're the second Will that I have met and liked within two days. Is there a sign in that?" Montchichet called out for Robin to give him an arm. "Bren," said Montchichet faintly to the rest of her, "bear us escort so far as the sheriffs have, for the sheriffs have to be with us."
npu-q5-ac1000-nf-nt	1	s61-70968/ssb15/c20	011.wav	20.00	3.156	9.880	It will not be safe for you to stay here now. Pray follow us, with mine and my Lord Sheriff's men." Nottingham Castle was reached, and admittance was demanded. Master Momso, the Sheriff of Nottingham, was mightily put about when told of the rioting, and Henry might return to England at any moment.
npu-q5-ac1000-nf-nt	1	s61-70968/ssb5/c20	000.wav	20.00	1.941	5.860	[Pause]
npu-q5-ac1000-nf-nt	1	s61-70968/ssb5/c20	001.wav	20.00	1.958	5.990	I do think she died.
npu-q5-ac1000-nf-nt	1	s61-70968/ssb5/c20	002.wav	20.00	1.909	5.820	[inaudible]
npu-q5-ac1000-nf-nt	1	s61-70968/ssb5/c20	003.wav	20.00	3.289	10.350	We have automatic cameras. Before them, led the scroller to the ground. That was a terrifying sight. What if a commotion rioting tried out the fire-soul and hit it with a piece of wood? Why from the silver-lip of the tunnel itself? Today, we receive their request. "Look, the lightning is so maneuverable," said the little scroller.
npu-q5-ac1000-nf-nt	1	s61-70968/ssb5/c20	004.wav	20.00	3.116	9.770	And then we could play back and would have snatched your person. I could not see my boy injured actually. So the boys would be easily want to come to a fight. So I did push this fellow. It's me, Matt. That George game will all sharply return to the top of the cloud. She monkeying for this.
npu-q5-ac1000-nf-nt	1	s61-70968/ssb5/c20	005.wav	20.00	2.900	9.060	I dush for my fellows of Nottingham. Surely we can submit with good grace. I bring you to talk, old man. But I, recklessly, and do know that he played unfairly in the second second. He looked as wild as he was in all patience.
npu-q5-ac1000-nf-nt	1	s61-70968/ssb5/c20	006.wav	20.00	3.283	10.290	And it was seen you that I gave another person consolation to. Company men, here, here, we raise this voice so louder. The strollers took their parts with the curtain backs now as they had some chance of beating off their bones. Robin and the little tumbler between them tried to force this while he ran back. And very valiantly did the excuse them to come back.
npu-q5-ac1000-nf-nt	1	s61-70968/ssb5/c20	007.wav	20.00	3.139	9.850	The head and sheath of the riot may not have been sent there. The French did threaten Montuchel. The riot helped to thrust them all in and entered Ciccer's farm. Now, these silent, on-going lies, the captured offenders set up an instant shout. "Silent, you may be cried, Montuchel."
npu-q5-ac1000-nf-nt	1	s61-70968/ssb5/c20	008.wav	20.00	3.268	10.240	The fire is burning down with his black cloth, his quiet, quiet, and his breath. Thrusting open the copper entrance into the night, Robin suddenly rushed forth with his burden with his great shout, "A month be shamed, a month be shamed, he will to the rescue!" Taking advantage of this, the fire seemed then redoubled their efforts, and,
npu-q5-ac1000-nf-nt	1	s61-70968/ssb5/c20	009.wav	20.00	5.908	18.970	and first by Robert, a little scroller's cry, "Poffer, ladies." George Montice will never forget this day. "What is your name, Lordy?" asked the scroller. "Boffin, it's the Chief." "And mine is the most lovely, so be it, my friend." "Right, really, it's the Chief." "And mine is the most lovely, so be it, my friend." "Right, really, it's the Chief." "Right, really, it's the Chief." "Right, really, it's the Chief." "Right, really, it's the Chief." "Right, really, it's the Chief." "Right, really, it's the Chief." "Right, really, it's the Chief." "Right, really, it's the Chief." "Right, really, it's the Chief." "Right, really, it's the Chief." "Right, really, it's the Chief." "Right, really, it's the Chief." "Right, really, it's the
npu-q5-ac1000-nf-nt	1	s61-70968/ssb5/c20	010.wav	20.00	2.213	6.800	I like the wheel. You're the second wheel that I have met and liked it so much.
npu-q5-ac1000-nf-nt	1	s61-70968/ssb5/c20	011.wav	20.00	3.055	9.590	It would not be safe for you to stay here now. Great follow-up. With mine and my Lord Sheriff's men. Not again, capital retreat. Master Monso, the Sheriff of Nottingham, was mightily put about when told of the rioting. And the Fiverr tried to ignore that any moment.
npu-ac1250-c25-nf	1	s61-70968/clean/c25	002.wav	25.00	5.318	17.330	more than one glance. He gave way to the others very readily, and retreated unperceived by  the squire in Mistress Fitzuth to the rear of the tent. "Cries of unnottingham, unnottingham!"  Before them fled the stroller and his three sons, capless and terrified. "What is that  tumult and rioting?" cried out the squire authoritatively, and he blew twice on the  silver whistle which hung at his belt. "What is that tumult and rioting?" cried out the
npu-ac1250-c25-nf	1	s61-70968/clean/c25	003.wav	25.00	7.330	23.160	"Nay, we've refused their request most politely. Most noble," said the little stroller.  And then they became vexed, and would have snatched your purse from us.  I could not see my boy injured excellence, for but doing his duty as one of Cumberland's  sons. So I did push this fellow.  "It is enough," said George Gamewell sharply as he turned upon the crowd.  Shame on you, citizen.
npu-ac1250-c25-nf	1	s61-70968/clean/c25	004.wav	25.00	7.293	23.150	"Sins," cried he, "I blush for my fellows of Nottingham. Surely we can submit with good  grace."  "Tis fine for you to talk, old man," answered the lean sullen apprentice. "But I wrestled  with this fellow, and do know that he played unfairly in the second bout," spoke the squire  losing all patience. "And it was to you that I gave another person consolation. Come to  meme.
npu-ac1250-c25-nf	1	s61-70968/clean/c25	005.wav	25.00	7.662	24.420	"Here! Here!" he raised his voice still louder. The strollers took their part in it with hearty  zest now that they had some chance of beating off their foes. Robin and the little tumbler  between them tried to force the squire to stand back, and very valiantly did these two  comport themselves. The head and chief of the riot, the Nottingham Apprentice, with  clenched fists threatened Montfichet. The squire helped to thrust them all in and entered  it's with the--
npu-ac1250-c25-nf	1	s61-70968/clean/c25	006.wav	25.00	7.821	25.000	himself. "Now, be silent on your lives," he began, but the captured apprentice set up  an instant shout.  "Silence, you naïve!" cried Montfichet. He felt fur and found the wizard's black cloth.  The squire was quite out of breath. Thrusting open the proper entrance of the tent, Robin  suddenly rushed forth with his burden with a great shout.  "A Montfichet! A Montfichet! Game well to the rescue! Game well to the rescue! Game well  to the rescue.
npu-ac1250-c25-nf	1	s61-70968/clean/c25	007.wav	25.00	5.048	16.390	"Taking advantage of this, the squire's few men redoubled their efforts, and, encouraged  by Robbins and the little strollers' cries, fought their way to him.  George Montfichet will never forget this day."  "What is your name, Lording?" asked the little stroller presently.  "Robbins Fitzuth."  "And mine is Will Stutley.  Shall we become, Rads?"  "Right, Willing."
npu-ac1250-c25-nf	1	s61-70968/clean/c25	008.wav	25.00	7.629	24.330	"Boringly, for between us we have won the battle," answered Robin.  "I like you, Will. You are the second Will that I have met in light within two days. Is  there a sign in that?"  Montfichet called out for Robin to give him an arm.  "Friends," said Montfichet faintly to the wrestlers. "Bear us escort so far as the Sheriff's  House. It will not be safe for you to stay here now."  pray follow us.
npu-ac1250-c25-nf	1	s61-70968/clean/c25	009.wav	15.00	3.985	12.760	us, with mine and my Lord Sheriff's men."  Nottingham Castle was reached, and admittance was demanded.  Master Monceau, the Sheriff of Nottingham, was mightily put about when told of the rioting,  and Henry might return to England at any moment.
npu-ac1250-c25-nf	1	s61-70968/ssb15/c25	000.wav	25.00	7.211	22.770	He began a confused complaint against the wizard who had vanished behind the curtain on the left.  "If not so, earneth the mind of these mummeries, child, a golden fortune and a happy life."  He was like unto my father, in a way, and yet was not my father.  Also, there was a stripping page who turned into a maid.  This was so sweet of you, sir.  And I found that...
npu-ac1250-c25-nf	1	s61-70968/ssb15/c25	001.wav	25.00	7.429	23.660	I do think she died.  But then the picture was gone as quickly as it came.  Mr. Nell, do you hear these models?  Take your place and let us see what the crystal can show to you.  Who like is not young, Master, though I am an old man.  Forced with all rent the opening of the tent to see what might be amiss,  but Master Will, who peeped out first,  Sorry, we didn't know.
npu-ac1250-c25-nf	1	s61-70968/ssb15/c25	002.wav	25.00	7.387	23.470	more than one glance. He gave way to the others very readily and retreated unperceived by  the squire and mistress fissued to the rear of the tent. "Cries of unnottingham, unnottingham!"  Before them fled the stroller and his three sons, capless and terrified. "What is that  tumult and rioting?" cried out the squire authoritatively, and he blew twice on the  over with what was hungry itself.
npu-ac1250-c25-nf	1	s61-70968/ssb15/c25	003.wav	25.00	10.544	34.390	We were free with their request most politely most noble that the little stroller and then they became  back and would have snatched your purse from us. I could not see my boy injured at once for but  doing the duty as one of Cumberland's sons so I did push this fellow. It is enough that George  game well sharply as he turned upon the crowd. Sheam on youth for the
npu-ac1250-c25-nf	1	s61-70968/ssb15/c25	004.wav	25.00	6.974	22.070	I blush for my fellows of Nottingham.  Surely we can submit with good grace.  It is fine for you to talk old man, answer the lean fellow in apprentice.  But I wrestled with his fellow and do know that he played unfairly in the second bout.  Spoke this choir losing all patience, and it was to you that I gave another person consolation.  Come to me.
npu-ac1250-c25-nf	1	s61-70968/ssb15/c25	005.wav	25.00	5.498	17.980	"Here, here!" he raised his voice still louder.  The strollers took their part in it with party zest,  now that they had some chance of beating off their foes.  Robin and a little tumbler between them  tried to force the squire to stand back,  and very valiantly did these two comport themselves.  The head and chief of the riots, the Nottingham Apprentice,  with quench fists threatened Monteshe.  The squire helped to thrust them all in  and entered swift twist with the noddingham apprentice,
npu-ac1250-c25-nf	1	s61-70968/ssb15/c25	006.wav	25.00	7.387	23.490	himself. Now be silent on your lies," he began, but the captured apprentice set up an instant  shout. "Silence, you naïve," cried Montbichet. He felt firm, found the wizard's black cloth.  The squire was quite out of breath. Thrusting open the proper entrance of the tent,  Robin suddenly rushed forth with his burden with a great shout. "A Montbichet, a Montbichet!  He will to the rescue.
npu-ac1250-c25-nf	1	s61-70968/ssb15/c25	007.wav	25.00	5.019	16.310	"Taking advantage of this, the Squires' few men redoubled their efforts and, encouraged  by Robbins and the little stroller's cries, fought their way to him.  George Montchichet will never forget this day."  "What is your name, Lording?" asked the little stroller presently.  "Robbins, it's you.  And mine is Will Stutley.  Shall we become, Rad?"  "Right, Willing."
npu-ac1250-c25-nf	1	s61-70968/ssb15/c25	008.wav	25.00	4.882	15.830	"I'd like you, Will. You're the second Will that I have met and liked within two days.  Is there a sign in that?"  Montchichet called out for Robin to give him an arm.  "Bren," said Montchichet faintly to the rest of her, "bear us escort so far as a sheriff's  house. It will not be safe for you to stay here now. Pray follow, O'erlain."
npu-ac1250-c25-nf	1	s61-70968/ssb15/c25	009.wav	15.00	3.901	12.450	with mine and my Lord's sheriff's men.  Nottingham Castle was reached and admittance was demanded.  Master Momso, the sheriff of Nottingham, was mightily put about when told of the rioting,  and Henry might return to England at any moment.
npu-ac1250-c25-nf	1	s61-70968/ssb5/c25	000.wav	25.00	3.173	9.910	[  ]  [  ]  [  ]  [  ]  [  ]  [
npu-ac1250-c25-nf	1	s61-70968/ssb5/c25	001.wav	25.00	7.587	24.060	I do think she got it.  But then the picture was gone and quickly at the end.  And now do you hear these models taking off face?  And let us see what the crystal can show.  You like to see all the young models.  You're eyeing the things in the land.  What's this all in?  We're going to have to see what might be in here.  But that's for real.  We can start first.  [BLANK_AUDIO]
npu-ac1250-c25-nf	1	s61-70968/ssb5/c25	002.wav	25.00	7.728	24.680	He gave way to the other dead men and was treated by the choir in the strictest way  of the year.  He cried, "I'm not in him! I'm not in him!"  Before them, Tled's shoulder and his hand,  Apples said, "Terrified!"  He wondered, but, come on, then, rioting,  cried out the choir, saying, "I'm not in him!"  And he swiped on the silver ripple which hung himself.  (audience applauding)
npu-ac1250-c25-nf	1	s61-70968/ssb5/c25	003.wav	25.00	2.538	7.780	We received their request
npu-ac1250-c25-nf	1	s61-70968/ssb5/c25	004.wav	25.00	6.842	21.630	I dush for my fellows of Nottingham. Surely we can submit with good grace.  I bring you to talk, old man.  But I, recklessly, and do know that he played unfairly in the second second.  He broke his file and used me all patiently.  And it was the you that I gave another person consolation.  [BLANK_AUDIO]
npu-ac1250-c25-nf	1	s61-70968/ssb5/c25	005.wav	25.00	5.484	17.910	"Here, here!" he raised his voice so louder.  The strollers took their part in it, which part of that town as they had some chance of beating off their bones.  Robin and the little tumbler between them tried to force his wife and man back,  and very valiantly did he a tooth-and-porned man.  The head and sheaf of the wife, the Ottingham family,  was clenched stiff, threatened, won't be shown.  The choir helped to thrust them all in and entered the frist of the family.
npu-ac1250-c25-nf	1	s61-70968/ssb5/c25	006.wav	25.00	4.927	15.960	Now, he's silent on your slide.  The captured offenders set up an instant shout.  Silent, you may be described, Monty Shay.  You must burn down the wishes black cloth.  It's quiet, quiet and quiet.  Thrusting open the proper entrance of the night,  Robin suddenly rushed forth with disdain to the great shout.  A Monty Shay, a Monty Shay!  He will to the rest of the...
npu-ac1250-c25-nf	1	s61-70968/ssb5/c25	007.wav	25.00	7.119	22.560	Here we stand, taking advantage of the required human redoubled their efforts and encouraged by Romance under the school of pride,  "Hoff the ladies."  George Montuchet will never forget this day.  What is your name, Lordy?  "Hoff the ladies."  "Hoff the ladies."  And mine is you, a couple.  How does he talk that?  Right, yeah.
npu-ac1250-c25-nf	1	s61-70968/ssb5/c25	008.wav	25.00	11.221	36.420	I'd like to go.  You're the second wheel that I have met and liked to see again.  But they'll find a man.  The Maki Shae called out to Robin to give him an arm.  The brand new one.  The Maki Shae faithfully interrupted.  There has been court so far as a sheriff has.  It would not be safe for you to stay here now.  A great follower will always be there.  I'm sure you'll be able to get a little better.  I'm sure you'll be able to get a little better.  I'm sure you'll be able to get a little better.  I'm sure you'll be able to get a little better.  I'm sure you'll be able to get a little better.  I'm sure you'll be able to get a little better.  I'm sure you'll be able to get a little better.  I'm sure you'll be able to get a little better.
npu-ac1250-c25-nf	1	s61-70968/ssb5/c25	009.wav	15.00	3.985	12.750	with mine and my royal sheriff's men.  Not again, capital retreat.  And it's just a different matter.  Master Montel, the sheriff of Nottingham,  was lightly put about when told of the rioting.  And I was trying to ignore that any moment.
npu-c30-nf-nt	1	s61-70968/clean/c30	002.wav	30.00	6.310	20.750	him, unknotting him! Before them fled the stroller and his three sons, capless and terrified. "What is that tumult and rioting?" cried out the squire authoritatively, and he blew twice on the silver whistle which hung at his belt. "Nay, we refuse their request most politely. Most noble," said the little stroller. "And then they became vexed, and would have snatched your purse from us." "I could not see my boy injured, excellence, for but doing his duty as one of Cumberland's sons.
npu-c30-nf-nt	1	s61-70968/clean/c30	003.wav	30.00	5.882	19.290	"So I did push this fellow." "It is enough," said George Gamewell sharply as he turned upon the crowd. "Shame on you, citizens!" cried he. "I blush for my fellows of Nottingham. Surely we can submit with good grace." "Tis fine for you to talk, old man," answered the lean, sullen apprentice. "But I wrestled with this fellow, and do know that he played unfairly in the second bout." Spoke the squire losing all patient.
npu-c30-nf-nt	1	s61-70968/clean/c30	004.wav	30.00	6.398	21.090	"And it was to you that I gave another person consolation!" "Come to me, men. Here, here!" he raised his voice still louder. The strollers took their part in it with hearty zest, now that they had some chance of beating off their foes. Robin and the little tumbler between them tried to force the squire to stand back, and very valiantly did these two comport themselves. The head and chief of the riot, the Nottingham Apprentice, with clenched fists threatened Montfichet. The squire helped to thrust them all in and entered swiftly.
npu-c30-nf-nt	1	s61-70968/clean/c30	005.wav	30.00	6.224	20.470	himself. "Now, be silent on your lives," he began, but the captured apprentice set up an instant shout. "Silence, you naïve!" cried Montfichet. He felt fur and found the wizard's black cloth. The squire was quite out of breath. Thrusting open the proper entrance of the tent, Robin suddenly rushed forth with his burden with a great shout. "A Montfichet! A Montfichet! Game well to the rescue!" Taking advantage of this, the squire's few men redoubled their efforts, and
npu-c30-nf-nt	1	s61-70968/clean/c30	006.wav	30.00	6.181	20.110	encouraged by Robbins and the little strollers' cries, fought their way to him. George Montfichet will never forget this day. "What is your name, Lording?" asked the little stroller presently. "Robin Fitzsouf. And mine is Will Stutley. Shall we become, Rads?" "Right willingly, for between us we have won the battle," answered Robbin. "I like you, Will. You are the second Will that I have met in light within two days. Is there a sign in that?"
npu-c30-nf-nt	1	s61-70968/clean/c30	007.wav	30.00	6.132	20.110	Montfiché called out for Robin to give him an arm. "Friends," said Montfiché faintly to the wrestlers, "bear us escort so far as the Sheriff's house. It will not be safe for you to stay here now. Pray follow us, with mine and my Lord Sheriff's men." Nottingham Castle was reached, and admittance was demanded. Master Monceau, the Sheriff of Nottingham, was mightily put about when told of the rioting, and Henry might return to England at any moment.
npu-c30-nf-nt	1	s61-70968/ssb15/c30	000.wav	30.00	5.883	19.220	He began a confused complaint against the wizard who had vanished behind the curtain on the left. "If not so, earneth the mind of these mummeries, child, a golden fortune and a happy life." He was like unto my father, in a way, and yet was not my father. Also, there was a stripping page who turned into a maid. This was so sweet of Lady Sue, and in some manner I do think she died. But then the picture was gone as quickly as it came.
npu-c30-nf-nt	1	s61-70968/ssb15/c30	001.wav	30.00	4.202	13.430	"Mr. Nell, do you hear these novels? Take your place and let us see what the crystal can show to you." "Like a not young master, though I am an old man."
npu-c30-nf-nt	1	s61-70968/ssb15/c30	002.wav	30.00	6.329	20.840	"I'm not in him!" Before them fled the stroller and his three sons, capless and terrified. "What is that tumble then rioting?" cried out the squire authoritatively, and he blew twice on the sower whistle which hung in his cell. "Nay, we refuse their request most politely, most noble," said the little stroller, "and then they became vexed and would have snatched your purse from us." "I could not see my boy injured, Exxon, for by doing their duty as one of Cumberland's sons."
npu-c30-nf-nt	1	s61-70968/ssb15/c30	003.wav	30.00	5.573	18.200	So I did push this fellow. It is enough that George came well sharply as he turned upon the crowd. Shame on you, citizens, cried he. I blush for my fellows of Nottingham. Surely we can submit with good grace. It is fine for you to talk old man after the lean fellow in apprentice. But I wrestled with this fellow and do know that he played unfairly in the second bout. Spoke the squire losing all patience.
npu-c30-nf-nt	1	s61-70968/ssb15/c30	004.wav	30.00	6.384	21.030	"And it was to you that I gave another person consolation. Come to me, men. Here, here!" He raised his voice still louder. The strollers took their part in it with hearty zest, now that they had some chance of beating off their foes. Robbidon, a little tumbler between them, tried to force the squire to stand back, and very valiantly did these two comport themselves. The head and chief of the riot, the Nottingham Apprentice, with quench fists threatened Monteshe. The squire helped to thrust them all in and entered
npu-c30-nf-nt	1	s61-70968/ssb15/c30	005.wav	30.00	6.170	20.280	"Now be silent on your lies," he began, but the captured apprentice set up an instant shout. "Silence, you naïve," cried Montbichet. He felt firm, found the wizard's black cloth. The squire was quite out of breath. Thrusting open the proper entrance of the tent, Robin suddenly rushed forth with his burden with a great shout. "A Montbichet, a Montbichet, gain well to the rescue!" Taking advantage of this, the squire's few men redoubled their efforts, and,
npu-c30-nf-nt	1	s61-70968/ssb15/c30	006.wav	30.00	6.022	19.750	encouraged by Robbins and the little stroller's cries, fought their way to him. George Montice will never forget this day. "What is your name, Lording?" asked the little stroller presently. "Robbins is his youth. And mine is Will Stutley. Shall we become, Rad?" "Right willingly, for between us we have won the battle," answered Robbins. "I like you, Will. You're the second Will that I have met and liked within two days. Is there a sign in that?"
npu-c30-nf-nt	1	s61-70968/ssb15/c30	007.wav	30.00	6.072	19.730	"Monty Shay called out for Robin to give him an arm." "Brand," said Monty Shay faintly to the wrestler, "bear us escort so far as the Sheriff's house. It will not be safe for you to stay here now. Pray follow us, with mine and my Lord Sheriff's men." Nottingham Castle was reached and admittance was demanded. Master Monso, the Sheriff of Nottingham, was mightily put about when told of the rioting, and Henry might return to England at any moment.
npu-c30-nf-nt	1	s61-70968/ssb5/c30	000.wav	30.00	3.271	10.140	[Pause]
npu-c30-nf-nt	1	s61-70968/ssb5/c30	001.wav	30.00	3.221	10.050	[inaudible]
npu-c30-nf-nt	1	s61-70968/ssb5/c30	002.wav	30.00	6.059	19.930	We have automatic cameras. Before them, led the scroller and the computer. That was a terrifying thing. What if a commando rioting tried out the fire-sailor's behavior? And he'd wipe on the silver lip of a common cell. Today, we were free with their request. Look, the light was so renewable, said the little scroller. And then we could stay back and would have snatched your person. I could not see my boy injured, actually. So the girl was easily able to come down and find you.
npu-c30-nf-nt	1	s61-70968/ssb5/c30	003.wav	30.00	3.177	9.890	I
npu-c30-nf-nt	1	s61-70968/ssb5/c30	004.wav	30.00	6.083	20.010	And it was seen here that I gave another person consolation. Company men, here, here, we raise this voice so louder. The strollers took their part in this carton deck now that they had some chance of beating off their boat. Robin and the little tumbler between them tried to force this wire to land back, and very valiantly did the astute important work. The head and sheaf of the wire to the Ottingham station was clenched stiff, threatened most of the show. The wire helped to thrust them all in and entered
npu-c30-nf-nt	1	s61-70968/ssb5/c30	005.wav	30.00	3.402	10.670	Now, East Violet, on your slide.
npu-c30-nf-nt	1	s61-70968/ssb5/c30	006.wav	30.00	5.905	19.360	The first I rob him of is the school they've tried, all the ladies. George Montice will never forget this day. What is your name, Lordy? I ask the Lord to help me. The robbing is quickly over. And mine is real stumbling. What is the problem? Right, really, please. The between us we have won the battle, after robbing. I like the bill. You're the second bill that I have met and liked in the beginning. But they'll find a match.
npu-c30-nf-nt	1	s61-70968/ssb5/c30	007.wav	30.00	3.604	11.380	Master Montse, the sheriff has not been put about when told of the rioting.
npu-c30-nf-nt	2	s61-70968/clean/c30	002.wav	30.00	6.314	20.740	him, unknotting him! Before them fled the stroller and his three sons, capless and terrified. "What is that tumult and rioting?" cried out the squire authoritatively, and he blew twice on the silver whistle which hung at his belt. "Nay, we refuse their request most politely. Most noble," said the little stroller. "And then they became vexed, and would have snatched your purse from us." "I could not see my boy injured, excellence, for but doing his duty as one of Cumberland's sons.
npu-c30-nf-nt	2	s61-70968/clean/c30	003.wav	30.00	5.868	19.240	"So I did push this fellow." "It is enough," said George Gamewell sharply as he turned upon the crowd. "Shame on you, citizens!" cried he. "I blush for my fellows of Nottingham. Surely we can submit with good grace." "Tis fine for you to talk, old man," answered the lean, sullen apprentice. "But I wrestled with this fellow, and do know that he played unfairly in the second bout." Spoke the squire losing all patient.
npu-c30-nf-nt	2	s61-70968/clean/c30	004.wav	30.00	6.460	21.120	"And it was to you that I gave another person consolation!" "Come to me, men. Here, here!" he raised his voice still louder. The strollers took their part in it with hearty zest, now that they had some chance of beating off their foes. Robin and the little tumbler between them tried to force the squire to stand back, and very valiantly did these two comport themselves. The head and chief of the riot, the Nottingham Apprentice, with clenched fists threatened Montfichet. The squire helped to thrust them all in and entered swiftly.
npu-c30-nf-nt	2	s61-70968/clean/c30	005.wav	30.00	6.207	20.420	himself. "Now, be silent on your lives," he began, but the captured apprentice set up an instant shout. "Silence, you naïve!" cried Montfichet. He felt fur and found the wizard's black cloth. The squire was quite out of breath. Thrusting open the proper entrance of the tent, Robin suddenly rushed forth with his burden with a great shout. "A Montfichet! A Montfichet! Game well to the rescue!" Taking advantage of this, the squire's few men redoubled their efforts, and
npu-c30-nf-nt	2	s61-70968/clean/c30	006.wav	30.00	6.102	20.080	encouraged by Robbins and the little strollers' cries, fought their way to him. George Montfichet will never forget this day. "What is your name, Lording?" asked the little stroller presently. "Robin Fitzsouf. And mine is Will Stutley. Shall we become, Rads?" "Right willingly, for between us we have won the battle," answered Robbin. "I like you, Will. You are the second Will that I have met in light within two days. Is there a sign in that?"
npu-c30-nf-nt	2	s61-70968/clean/c30	007.wav	30.00	6.117	20.080	Montfiché called out for Robin to give him an arm. "Friends," said Montfiché faintly to the wrestlers, "bear us escort so far as the Sheriff's house. It will not be safe for you to stay here now. Pray follow us, with mine and my Lord Sheriff's men." Nottingham Castle was reached, and admittance was demanded. Master Monceau, the Sheriff of Nottingham, was mightily put about when told of the rioting, and Henry might return to England at any moment.
npu-c30-nf-nt	2	s61-70968/ssb15/c30	000.wav	30.00	5.873	19.160	He began a confused complaint against the wizard who had vanished behind the curtain on the left. "If not so, earneth the mind of these mummeries, child, a golden fortune and a happy life." He was like unto my father, in a way, and yet was not my father. Also, there was a stripping page who turned into a maid. This was so sweet of Lady Sue, and in some manner I do think she died. But then the picture was gone as quickly as it came.
npu-c30-nf-nt	2	s61-70968/ssb15/c30	001.wav	30.00	4.184	13.410	"Mr. Nell, do you hear these novels? Take your place and let us see what the crystal can show to you." "Like a not young master, though I am an old man."
npu-c30-nf-nt	2	s61-70968/ssb15/c30	002.wav	30.00	6.330	20.810	"I'm not in him!" Before them fled the stroller and his three sons, capless and terrified. "What is that tumble then rioting?" cried out the squire authoritatively, and he blew twice on the sower whistle which hung in his cell. "Nay, we refuse their request most politely, most noble," said the little stroller, "and then they became vexed and would have snatched your purse from us." "I could not see my boy injured, Exxon, for by doing their duty as one of Cumberland's sons."
npu-c30-nf-nt	2	s61-70968/ssb15/c30	003.wav	30.00	5.555	18.170	So I did push this fellow. It is enough that George came well sharply as he turned upon the crowd. Shame on you, citizens, cried he. I blush for my fellows of Nottingham. Surely we can submit with good grace. It is fine for you to talk old man after the lean fellow in apprentice. But I wrestled with this fellow and do know that he played unfairly in the second bout. Spoke the squire losing all patience.
npu-c30-nf-nt	2	s61-70968/ssb15/c30	004.wav	30.00	6.381	21.020	"And it was to you that I gave another person consolation. Come to me, men. Here, here!" He raised his voice still louder. The strollers took their part in it with hearty zest, now that they had some chance of beating off their foes. Robbidon, a little tumbler between them, tried to force the squire to stand back, and very valiantly did these two comport themselves. The head and chief of the riot, the Nottingham Apprentice, with quench fists threatened Monteshe. The squire helped to thrust them all in and entered
npu-c30-nf-nt	2	s61-70968/ssb15/c30	005.wav	30.00	6.153	20.260	"Now be silent on your lies," he began, but the captured apprentice set up an instant shout. "Silence, you naïve," cried Montbichet. He felt firm, found the wizard's black cloth. The squire was quite out of breath. Thrusting open the proper entrance of the tent, Robin suddenly rushed forth with his burden with a great shout. "A Montbichet, a Montbichet, gain well to the rescue!" Taking advantage of this, the squire's few men redoubled their efforts, and,
npu-c30-nf-nt	2	s61-70968/ssb15/c30	006.wav	30.00	6.000	19.700	encouraged by Robbins and the little stroller's cries, fought their way to him. George Montice will never forget this day. "What is your name, Lording?" asked the little stroller presently. "Robbins is his youth. And mine is Will Stutley. Shall we become, Rad?" "Right willingly, for between us we have won the battle," answered Robbins. "I like you, Will. You're the second Will that I have met and liked within two days. Is there a sign in that?"
npu-c30-nf-nt	2	s61-70968/ssb15/c30	007.wav	30.00	6.001	19.710	"Monty Shay called out for Robin to give him an arm." "Brand," said Monty Shay faintly to the wrestler, "bear us escort so far as the Sheriff's house. It will not be safe for you to stay here now. Pray follow us, with mine and my Lord Sheriff's men." Nottingham Castle was reached and admittance was demanded. Master Monso, the Sheriff of Nottingham, was mightily put about when told of the rioting, and Henry might return to England at any moment.
npu-c30-nf-nt	2	s61-70968/ssb5/c30	000.wav	30.00	3.270	10.110	[Pause]
npu-c30-nf-nt	2	s61-70968/ssb5/c30	001.wav	30.00	3.212	10.040	[inaudible]
npu-c30-nf-nt	2	s61-70968/ssb5/c30	002.wav	30.00	6.058	19.910	We have automatic cameras. Before them, led the scroller and the computer. That was a terrifying thing. What if a commando rioting tried out the fire-sailor's behavior? And he'd wipe on the silver lip of a common cell. Today, we were free with their request. Look, the light was so renewable, said the little scroller. And then we could stay back and would have snatched your person. I could not see my boy injured, actually. So the girl was easily able to come down and find you.
npu-c30-nf-nt	2	s61-70968/ssb5/c30	003.wav	30.00	3.162	9.850	I
npu-c30-nf-nt	2	s61-70968/ssb5/c30	004.wav	30.00	6.086	20.010	And it was seen here that I gave another person consolation. Company men, here, here, we raise this voice so louder. The strollers took their part in this carton deck now that they had some chance of beating off their boat. Robin and the little tumbler between them tried to force this wire to land back, and very valiantly did the astute important work. The head and sheaf of the wire to the Ottingham station was clenched stiff, threatened most of the show. The wire helped to thrust them all in and entered
npu-c30-nf-nt	2	s61-70968/ssb5/c30	005.wav	30.00	3.395	10.660	Now, East Violet, on your slide.
npu-c30-nf-nt	2	s61-70968/ssb5/c30	006.wav	30.00	5.884	19.330	The first I rob him of is the school they've tried, all the ladies. George Montice will never forget this day. What is your name, Lordy? I ask the Lord to help me. The robbing is quickly over. And mine is real stumbling. What is the problem? Right, really, please. The between us we have won the battle, after robbing. I like the bill. You're the second bill that I have met and liked in the beginning. But they'll find a match.
npu-c30-nf-nt	2	s61-70968/ssb5/c30	007.wav	30.00	3.605	11.370	Master Montse, the sheriff has not been put about when told of the rioting.
npu-ac1250-c25-nf	2	s61-70968/clean/c25	002.wav	25.00	5.362	17.380	more than one glance. He gave way to the others very readily, and retreated unperceived by  the squire in Mistress Fitzuth to the rear of the tent. "Cries of unnottingham, unnottingham!"  Before them fled the stroller and his three sons, capless and terrified. "What is that  tumult and rioting?" cried out the squire authoritatively, and he blew twice on the  silver whistle which hung at his belt. "What is that tumult and rioting?" cried out the
npu-ac1250-c25-nf	2	s61-70968/clean/c25	003.wav	25.00	7.340	23.170	"Nay, we've refused their request most politely. Most noble," said the little stroller.  And then they became vexed, and would have snatched your purse from us.  I could not see my boy injured excellence, for but doing his duty as one of Cumberland's  sons. So I did push this fellow.  "It is enough," said George Gamewell sharply as he turned upon the crowd.  Shame on you, citizen.
npu-ac1250-c25-nf	2	s61-70968/clean/c25	004.wav	25.00	7.330	23.190	"Sins," cried he, "I blush for my fellows of Nottingham. Surely we can submit with good  grace."  "Tis fine for you to talk, old man," answered the lean sullen apprentice. "But I wrestled  with this fellow, and do know that he played unfairly in the second bout," spoke the squire  losing all patience. "And it was to you that I gave another person consolation. Come to  meme.
npu-ac1250-c25-nf	2	s61-70968/clean/c25	005.wav	25.00	7.695	24.410	"Here! Here!" he raised his voice still louder. The strollers took their part in it with hearty  zest now that they had some chance of beating off their foes. Robin and the little tumbler  between them tried to force the squire to stand back, and very valiantly did these two  comport themselves. The head and chief of the riot, the Nottingham Apprentice, with  clenched fists threatened Montfichet. The squire helped to thrust them all in and entered  it's with the--
npu-ac1250-c25-nf	2	s61-70968/clean/c25	006.wav	25.00	7.890	25.060	himself. "Now, be silent on your lives," he began, but the captured apprentice set up  an instant shout.  "Silence, you naïve!" cried Montfichet. He felt fur and found the wizard's black cloth.  The squire was quite out of breath. Thrusting open the proper entrance of the tent, Robin  suddenly rushed forth with his burden with a great shout.  "A Montfichet! A Montfichet! Game well to the rescue! Game well to the rescue! Game well  to the rescue.
npu-ac1250-c25-nf	2	s61-70968/clean/c25	007.wav	25.00	5.113	16.420	"Taking advantage of this, the squire's few men redoubled their efforts, and, encouraged  by Robbins and the little strollers' cries, fought their way to him.  George Montfichet will never forget this day."  "What is your name, Lording?" asked the little stroller presently.  "Robbins Fitzuth."  "And mine is Will Stutley.  Shall we become, Rads?"  "Right, Willing."
npu-ac1250-c25-nf	2	s61-70968/clean/c25	008.wav	25.00	7.678	24.350	"Boringly, for between us we have won the battle," answered Robin.  "I like you, Will. You are the second Will that I have met in light within two days. Is  there a sign in that?"  Montfichet called out for Robin to give him an arm.  "Friends," said Montfichet faintly to the wrestlers. "Bear us escort so far as the Sheriff's  House. It will not be safe for you to stay here now."  pray follow us.
npu-ac1250-c25-nf	2	s61-70968/clean/c25	009.wav	15.00	4.020	12.780	us, with mine and my Lord Sheriff's men."  Nottingham Castle was reached, and admittance was demanded.  Master Monceau, the Sheriff of Nottingham, was mightily put about when told of the rioting,  and Henry might return to England at any moment.
npu-ac1250-c25-nf	2	s61-70968/ssb15/c25	000.wav	25.00	7.250	22.810	He began a confused complaint against the wizard who had vanished behind the curtain on the left.  "If not so, earneth the mind of these mummeries, child, a golden fortune and a happy life."  He was like unto my father, in a way, and yet was not my father.  Also, there was a stripping page who turned into a maid.  This was so sweet of you, sir.  And I found that...
npu-ac1250-c25-nf	2	s61-70968/ssb15/c25	001.wav	25.00	7.480	23.690	I do think she died.  But then the picture was gone as quickly as it came.  Mr. Nell, do you hear these models?  Take your place and let us see what the crystal can show to you.  Who like is not young, Master, though I am an old man.  Forced with all rent the opening of the tent to see what might be amiss,  but Master Will, who peeped out first,  Sorry, we didn't know.
npu-ac1250-c25-nf	2	s61-70968/ssb15/c25	002.wav	25.00	7.429	23.500	more than one glance. He gave way to the others very readily and retreated unperceived by  the squire and mistress fissued to the rear of the tent. "Cries of unnottingham, unnottingham!"  Before them fled the stroller and his three sons, capless and terrified. "What is that  tumult and rioting?" cried out the squire authoritatively, and he blew twice on the  over with what was hungry itself.
npu-ac1250-c25-nf	2	s61-70968/ssb15/c25	003.wav	25.00	10.615	34.420	We were free with their request most politely most noble that the little stroller and then they became  back and would have snatched your purse from us. I could not see my boy injured at once for but  doing the duty as one of Cumberland's sons so I did push this fellow. It is enough that George  game well sharply as he turned upon the crowd. Sheam on youth for the
npu-ac1250-c25-nf	2	s61-70968/ssb15/c25	004.wav	25.00	7.019	22.100	I blush for my fellows of Nottingham.  Surely we can submit with good grace.  It is fine for you to talk old man, answer the lean fellow in apprentice.  But I wrestled with his fellow and do know that he played unfairly in the second bout.  Spoke this choir losing all patience, and it was to you that I gave another person consolation.  Come to me.
npu-ac1250-c25-nf	2	s61-70968/ssb15/c25	005.wav	25.00	5.542	18.020	"Here, here!" he raised his voice still louder.  The strollers took their part in it with party zest,  now that they had some chance of beating off their foes.  Robin and a little tumbler between them  tried to force the squire to stand back,  and very valiantly did these two comport themselves.  The head and chief of the riots, the Nottingham Apprentice,  with quench fists threatened Monteshe.  The squire helped to thrust them all in  and entered swift twist with the noddingham apprentice,
npu-ac1250-c25-nf	2	s61-70968/ssb15/c25	006.wav	25.00	7.433	23.510	himself. Now be silent on your lies," he began, but the captured apprentice set up an instant  shout. "Silence, you naïve," cried Montbichet. He felt firm, found the wizard's black cloth.  The squire was quite out of breath. Thrusting open the proper entrance of the tent,  Robin suddenly rushed forth with his burden with a great shout. "A Montbichet, a Montbichet!  He will to the rescue.
npu-ac1250-c25-nf	2	s61-70968/ssb15/c25	007.wav	25.00	5.060	16.340	"Taking advantage of this, the Squires' few men redoubled their efforts and, encouraged  by Robbins and the little stroller's cries, fought their way to him.  George Montchichet will never forget this day."  "What is your name, Lording?" asked the little stroller presently.  "Robbins, it's you.  And mine is Will Stutley.  Shall we become, Rad?"  "Right, Willing."
npu-ac1250-c25-nf	2	s61-70968/ssb15/c25	008.wav	25.00	4.915	15.830	"I'd like you, Will. You're the second Will that I have met and liked within two days.  Is there a sign in that?"  Montchichet called out for Robin to give him an arm.  "Bren," said Montchichet faintly to the rest of her, "bear us escort so far as a sheriff's  house. It will not be safe for you to stay here now. Pray follow, O'erlain."
npu-ac1250-c25-nf	2	s61-70968/ssb15/c25	009.wav	15.00	3.922	12.450	with mine and my Lord's sheriff's men.  Nottingham Castle was reached and admittance was demanded.  Master Momso, the sheriff of Nottingham, was mightily put about when told of the rioting,  and Henry might return to England at any moment.
npu-ac1250-c25-nf	2	s61-70968/ssb5/c25	000.wav	25.00	3.221	9.900	[  ]  [  ]  [  ]  [  ]  [  ]  [
npu-ac1250-c25-nf	2	s61-70968/ssb5/c25	001.wav	25.00	7.593	24.060	I do think she got it.  But then the picture was gone and quickly at the end.  And now do you hear these models taking off face?  And let us see what the crystal can show.  You like to see all the young models.  You're eyeing the things in the land.  What's this all in?  We're going to have to see what might be in here.  But that's for real.  We can start first.  [BLANK_AUDIO]
npu-ac1250-c25-nf	2	s61-70968/ssb5/c25	002.wav	25.00	7.792	24.700	He gave way to the other dead men and was treated by the choir in the strictest way  of the year.  He cried, "I'm not in him! I'm not in him!"  Before them, Tled's shoulder and his hand,  Apples said, "Terrified!"  He wondered, but, come on, then, rioting,  cried out the choir, saying, "I'm not in him!"  And he swiped on the silver ripple which hung himself.  (audience applauding)
npu-ac1250-c25-nf	2	s61-70968/ssb5/c25	003.wav	25.00	2.555	7.770	We received their request
npu-ac1250-c25-nf	2	s61-70968/ssb5/c25	004.wav	25.00	6.879	21.640	I dush for my fellows of Nottingham. Surely we can submit with good grace.  I bring you to talk, old man.  But I, recklessly, and do know that he played unfairly in the second second.  He broke his file and used me all patiently.  And it was the you that I gave another person consolation.  [BLANK_AUDIO]
npu-ac1250-c25-nf	2	s61-70968/ssb5/c25	005.wav	25.00	5.526	17.950	"Here, here!" he raised his voice so louder.  The strollers took their part in it, which part of that town as they had some chance of beating off their bones.  Robin and the little tumbler between them tried to force his wife and man back,  and very valiantly did he a tooth-and-porned man.  The head and sheaf of the wife, the Ottingham family,  was clenched stiff, threatened, won't be shown.  The choir helped to thrust them all in and entered the frist of the family.
npu-ac1250-c25-nf	2	s61-70968/ssb5/c25	006.wav	25.00	4.955	16.000	Now, he's silent on your slide.  The captured offenders set up an instant shout.  Silent, you may be described, Monty Shay.  You must burn down the wishes black cloth.  It's quiet, quiet and quiet.  Thrusting open the proper entrance of the night,  Robin suddenly rushed forth with disdain to the great shout.  A Monty Shay, a Monty Shay!  He will to the rest of the...
npu-ac1250-c25-nf	2	s61-70968/ssb5/c25	007.wav	25.00	7.156	22.560	Here we stand, taking advantage of the required human redoubled their efforts and encouraged by Romance under the school of pride,  "Hoff the ladies."  George Montuchet will never forget this day.  What is your name, Lordy?  "Hoff the ladies."  "Hoff the ladies."  And mine is you, a couple.  How does he talk that?  Right, yeah.
npu-ac1250-c25-nf	2	s61-70968/ssb5/c25	008.wav	25.00	11.283	36.480	I'd like to go.  You're the second wheel that I have met and liked to see again.  But they'll find a man.  The Maki Shae called out to Robin to give him an arm.  The brand new one.  The Maki Shae faithfully interrupted.  There has been court so far as a sheriff has.  It would not be safe for you to stay here now.  A great follower will always be there.  I'm sure you'll be able to get a little better.  I'm sure you'll be able to get a little better.  I'm sure you'll be able to get a little better.  I'm sure you'll be able to get a little better.  I'm sure you'll be able to get a little better.  I'm sure you'll be able to get a little better.  I'm sure you'll be able to get a little better.  I'm sure you'll be able to get a little better.
npu-ac1250-c25-nf	2	s61-70968/ssb5/c25	009.wav	15.00	4.006	12.770	with mine and my royal sheriff's men.  Not again, capital retreat.  And it's just a different matter.  Master Montel, the sheriff of Nottingham,  was lightly put about when told of the rioting.  And I was trying to ignore that any moment.
npu-q5-ac1000-nf-nt	2	s61-70968/clean/c20	002.wav	20.00	3.463	10.910	Master, though I am an old man. Fourth Whith all ran to the opening of the tent to see what might be amiss; but Master Will, who peeped out first, needed no more than one glance. He gave way to the others very readily, and retreated unperceived by the squire in Mistress Fitz-Ooth to the rear of the tent. Cries of a-naughting man!
npu-q5-ac1000-nf-nt	2	s61-70968/clean/c20	003.wav	20.00	5.897	18.960	him, unknotting him! Before them fled the stroller and his three sons, capless and terrified. "What is that tumult and rioting?" cried out the squire authoritatively, and he blew twice on the silver whistle which hung at his belt. "Nay, we refuse their request most politely. Most noble," said the little stroller. "Before them fled the stroller and his three sons, capless and terrified. What is that tumult and rioting?" cried out the squire authoritatively, and he blew twice on the silver whistle which hung at his belt. "Nay, we refuse their request most politely. Most noble," said the little stroller. "Nay, we refuse their request most politely. Most noble," said the little stroller. "Nay, we refuse their request most politely. Most noble," said the little stroller. "Nay, we refuse their request most politely. Most noble," said the little stroller. "Nay, we refuse their request most
npu-q5-ac1000-nf-nt	2	s61-70968/clean/c20	004.wav	20.00	5.892	18.960	And then they became vexed, and would have snatched your purse from us. I could not see my boy injured excellence, for but doing his duty as one of Cumberland's sons. So I did push this fellow. "It is enough," said George Gamewell sharply as he turned upon the crowd. "Shame on you, citizen, citizen, citizen, citizen, citizen, citizen, citizen, citizen, citizen, citizen, citizen, citizen, citizen, citizen, citizen, citizen, citizen, citizen, citizen, citizen, citizen, citizen, citizen, citizen, citizen, citizen, citizen, citizen, citizen, citizen, citizen, citizen, citizen, citizen, citizen, citizen, citizen, citizen, citizen, citizen, citizen, citizen, citizen, citizen, citizen, citizen, citizen, citizen, citizen, citizen, citizen, citizen, citizen, citizen, citizen, citizen, citizen, citizen, citizen, citizen, citizen, citizen, citizen, citizen, citizen, citizen, citizen, citizen, citizen, citizen, citizen, citizen, citizen, citizen, citizen
npu-q5-ac1000-nf-nt	2	s61-70968/clean/c20	005.wav	20.00	5.884	18.940	sins," cried he. "I blush for my fellows of Nottingham. Surely we can submit with good grace." "Tis fine for you to talk, old man," answered the lean, sullen apprentice. "But I wrestled with this fellow, and do know that he played unfairly in the second bout." Spoke the squire losing all patient. "I have fought with him for a long time, and I have fought with him for a long time, and I have fought with him for a long time, and I have fought with him for a long time, and I have fought with him for a long time, and I have fought with him for a long time, and I have fought with him for a long time, and I have fought with him for a long time, and I have fought with him for a long time, and I have fought with him for a long time, and I have fought with him for a long time, and I have fought with him for a long time, and I have fought with him for a long time, and I
npu-q5-ac1000-nf-nt	2	s61-70968/clean/c20	006.wav	20.00	5.889	18.970	"And it was to you that I gave another person consolation." "Come to me, men. Here, here!" he raised his voice still louder. The strollers took their part in it with hearty zest, now that they had some chance of beating off their foes. Robin and the little tumbler between them tried to force the squire to stand back, and very valiantly did these two come to come to come to come to come to come to come to come to come to come to come to come to come to come to come to come to come to come to come to come to come to come to come to come to come to come to come to come to come to come to come to come to come to come to come to come to come to come to come to come to come to come to come to come to come to come to come to come to come to come to come to come to come to come to come to come to come to come to come to come to come to come to come to come to come to come to come to come to come
npu-q5-ac1000-nf-nt	2	s61-70968/clean/c20	007.wav	20.00	5.889	18.950	themselves. The head and chief of the riot, the Nottingham apprentice, with clenched fists threatened Mont-Fichet. The squire helped to thrust them all in and entered swiftly himself. "Now be silent on your lives," he began, but the captured apprentice set up an instant shout. "Silence, you naïve!" cried Mont-Fichet. "The head and chief of the riot, the Nottingham apprentice, with clenched fists threatened Mont-Fichet. The squire helped to thrust them all in and entered swiftly himself. "Now be silent on your lives," he began, but the captured apprentice set up an instant shout. "Silence, you naïve!" cried Mont-Fichet. "Silence, you naïve!" cried Mont-Fichet. "Silence, you naïve!" cried Mont-Fichet. "Silence, you naïve!" cried Mont-Fichet. "Silence, you naïve!" cried Mont-Fichet
npu-q5-ac1000-nf-nt	2	s61-70968/clean/c20	008.wav	20.00	5.893	18.970	He felt fur and found the wizard's black cloth. The squire was quite out of breath. Thrusting open the proper entrance of the tent, Robin suddenly rushed forth with his burden with a great shout, "A month viché, a month viché! Game well to the rescue!" Taking advantage of this, the squire's few men redoubled their efforts, and—and—and—and—and—and—and—and—and—and—and—and—and—and—and—and—and—and—and—and—and—and—and—and—and—and—and—and—and—and—and—and—and—and—and—and—and—and—and—and—and—and—and—and—and—and—and—and—and—and—and—and—and—and—and—and—and—and—and—and—and—and—and—and—and—and—and—and—and—and—and
npu-q5-ac1000-nf-nt	2	s61-70968/clean/c20	009.wav	20.00	5.885	18.960	encouraged by Robbins and the little strollers' cries, fought their way to him. George Montfichet will never forget this day. "What is your name, Lording?" asked the little stroller presently. "Robin Fitzsouf. And mine is Will Stutley. Shall we become, Rads?" "Right, Willing." "Right, Willing." "Right, Willing." "Right, Willing." "Right, Willing." "Right, Willing." "Right, Willing." "Right, Willing." "Right, Willing." "Right, Willing." "Right, Willing." "Right, Willing." "Right, Willing." "Right, Willing." "Right, Willing." "Right, Willing." "Right, Willing." "Right, Willing." "Right, Willing." "Right, Willing." "Right, Willing." "Right, Willing." "Right, Willing." "Right, Willing." "Right, Willing." "
npu-q5-ac1000-nf-nt	2	s61-70968/clean/c20	010.wav	20.00	3.244	10.190	"I like you, Will. You are the second Will that I have met in light within two days. Is there a sign in that?" Montfichet called out for Robin to give him an arm. "Friends," said Montfichet faintly to the wrestlers. "Bear us escort so far as the sheriffs have, have the sheriffs."
npu-q5-ac1000-nf-nt	2	s61-70968/clean/c20	011.wav	20.00	5.901	18.970	house. It will not be safe for you to stay here now. Pray follow us, with mine and my Lord Sheriff's men." Nottingham Castle was reached, and admittance was demanded. Master Monceau, the Sheriff of Nottingham, was mightily put about when told of the rioting, and Henry might return to England at any moment. "Master Monceau, the Sheriff of Nottingham was mightily put about when told of the rioting, and Henry might return to England at any moment." "Master Monceau, the Sheriff of Nottingham was mightily put about when told of the rioting, and Henry might return to England at any moment." "Master Monceau, the Sheriff of Nottingham was mightily put about when told of the rioting, and Henry might return to England at any moment." "Master Monceau, the Sheriff of Nottingham was mightily put about when told of the rioting, and Henry might return to England at any moment." "Master Monceau, the Sheriff of
npu-q5-ac1000-nf-nt	2	s61-70968/ssb15/c20	000.wav	20.00	5.896	18.930	He began a confused complaint against the wizard who had vanished behind the curtain on the left. "If not so earnest the mind of these mummeries, child, a golden fortune and a happy life." He was like unto my father, in a way, and yet was not my father. Also, there was a stripping page, whose, like unto my father, was a stripping page, whose, like unto my father, was not my father. Also, there was a stripping page, whose, like unto my father, was not my father. Also, there was a stripping page, whose, like unto my father, was not my father. Also, there was a stripping page, whose, like unto my father, was not my father. Also, there was a stripping page, whose, like unto my father, was not my father. Also, there was a stripping page, whose, like unto my father, was not my father. Also, there was a stripping page, whose, like unto my father, was not my father.
npu-q5-ac1000-nf-nt	2	s61-70968/ssb15/c20	001.wav	20.00	5.906	18.990	She returned it to her maid. This was so sweet, old lady, sir. And in some manner I do think she died. But then the picture was gone as quickly as it came. Mr. Nell, do you hear these marvels? Take your place and let us see what the crystal can show to you. Like if not young, young, young, young, young, young, young, young, young, young, young, young, young, young, young, young, young, young, young, young, young, young, young, young, young, young, young, young, young, young, young, young, young, young, young, young, young, young, young, young, young, young, young, young, young, young, young, young, young, young, young, young, young, young, young, young, young, young, young, young, young, young, young, young, young, young, young, young, young, young, young, young, young, young, young, young
npu-q5-ac1000-nf-nt	2	s61-70968/ssb15/c20	002.wav	20.00	5.887	18.950	Master, though I am an old man. Force Whist all ran to the opening of the tent to see what might be amiss, but Master Will, who peaked out first, needed no more than one glance. He gave way to the others very readily and retreated unperceived by the squire and Mistress Bidsooth to the rear of the tent. "Cries of—I'm not a—I'm not a—I'm not a—I'm not a—I'm not a—I'm not a—I'm not a—I'm not a—I'm not a—I'm not a—I'm not a—I'm not a—I'm not a—I'm not a—I'm not a—I'm not a—I'm not a—I'm not a—I'm not a—I'm not a—I'm not a—I'm not a—I'm not a—I'm not a—I'm not a—I'm not a—I'm not a—I'm not
npu-q5-ac1000-nf-nt	2	s61-70968/ssb15/c20	003.wav	20.00	5.889	18.950	him, unknotting him. Before them fled the stroller and his three sons, capless and terrified. "What is that tumult and rioting?" cried out the squire authoritatively, and he blew twice on the silver whistle which hung at his cell. "Nay, we refuse their request most politely, most noble," said the little stroller. "Before them fled the stroller and his three sons, capless and terrified. What is that tumult and rioting?" cried out the squire authoritatively, and he blew twice on the silver whistle which hung at his cell. "Nay, we refuse their request most politely, most noble," said the little stroller. "Nay, we refuse their request most politely, most noble," said the little stroller. "Nay, we refuse their request most politely, most noble," said the little stroller. "Nay, we refuse their request most politely, most noble," said the little stroller. "Nay, we refuse their request most
npu-q5-ac1000-nf-nt	2	s61-70968/ssb15/c20	004.wav	20.00	5.883	18.960	and then they became vexed and would have snatched your purse from us. I could not see my boy injured at once, for by doing the duty of one of Cumberland's sons. So I did push this fellow. It is enough that George came well sharply as he turned upon the crowd. She, mon use to the de-de-de-de-de-de-de-de-de-de-de-de-de-de-de-de-de-de-de-de-de-de-de-de-de-de-de-de-de-de-de-de-de-de-de-de-de-de-de-de-de-de-de-de-de-de-de-de-de-de-de-de-de-de-de-de-de-de-de-de-de-de-de-de-de-de-de-de-de-de-de-de-de-de-de-de
npu-q5-ac1000-nf-nt	2	s61-70968/ssb15/c20	005.wav	20.00	3.078	9.640	I blush for my fellows of Nottingham. Surely we can submit with good grace. "It is fine for you to talk, old man," answered the lean fellow in apprentice, "but I wrestled with his fellow, and do know that he played unfairly in the second bout." Spoke the squire losing all patience.
npu-q5-ac1000-nf-nt	2	s61-70968/ssb15/c20	006.wav	20.00	3.503	11.030	And it was to you that I gave another person consolation. "Come to me, men. Here, here!" He raised his voice still louder. The strollers took their part in it with hearty zest, now that they had some chance of beating off their foes. Robbid and a little tumbler between them tried to force the squire to stand back, and very valiantly did these two from the foes stand back.
npu-q5-ac1000-nf-nt	2	s61-70968/ssb15/c20	007.wav	20.00	5.900	18.970	The head and chief of the riot, the Nottingham Apprentice, was quenched fists to threaten Mont-Pichet. His squire helped to thrust them all in and entered swiftly himself. "Now be silent on your lies," he began, but the captured apprentice set up an instant shout. "Silence, you knave," cried Mont-Pichet. "Sit down, you naïve," cried Mont-Pichet. "Sit down, you naïve," cried Mont-Pichet. "Sit down, you naïve," cried Mont-Pichet. "Sit down, you naïve," cried Mont-Pichet. "Sit down, you naïve," cried Mont-Pichet. "Sit down, you naïve," cried Mont-Pichet. "Sit down, you naïve," cried Mont-Pichet. "Sit down, you naïve," cried Mont-Pichet. "Sit down,
npu-q5-ac1000-nf-nt	2	s61-70968/ssb15/c20	008.wav	20.00	5.885	18.940	He felt for and found the wizard's black cloth. His choir was quite out of breath. Thrusting open the proper entrance of the tent, Robin suddenly rushed forth with his burden with a great shout. "A must be she, a must be she! Game well to the rescue!" Taking advantage of this, the choir's few men redoubled their efforts and, and, and, and, and, and, and, and, and, and, and, and, and, and, and, and, and, and, and, and, and, and, and, and, and, and, and, and, and, and, and, and, and, and, and, and, and, and, and, and, and, and, and, and, and, and, and, and, and, and, and, and, and, and, and, and, and, and, and, and, and, and, and, and, and, and, and, and, and, and, and, and, and,
npu-q5-ac1000-nf-nt	2	s61-70968/ssb15/c20	009.wav	20.00	5.894	18.970	encouraged by Robbins and the little stroller's cries, fought their way to him. George Montice will never forget this day. "What is your name, Lording?" asked the little stroller presently. "Robbins, it's you." "And mine is Will Stutley. Shall we become, Rad?" "Right, Willie." "Right, Willie." "Right, Willie." "Right, Willie." "Right, Willie." "Right, Willie." "Right, Willie." "Right, Willie." "Right, Willie." "Right, Willie." "Right, Willie." "Right, Willie." "Right, Willie." "Right, Willie." "Right, Willie." "Right, Willie." "Right, Willie." "Right, Willie." "Right, Willie." "Right, Willie." "Right, Willie." "Right, Willie." "Right, Willie." "Right, Willie." "Right, Willie." "Right,
npu-q5-ac1000-nf-nt	2	s61-70968/ssb15/c20	010.wav	20.00	3.356	10.540	"I'd like you, Will. You're the second Will that I have met and liked within two days. Is there a sign in that?" Montchichet called out for Robin to give him an arm. "Bren," said Montchichet faintly to the rest of her, "bear us escort so far as the sheriffs have, for the sheriffs have to be with us."
npu-q5-ac1000-nf-nt	2	s61-70968/ssb15/c20	011.wav	20.00	3.147	9.900	It will not be safe for you to stay here now. Pray follow us, with mine and my Lord Sheriff's men." Nottingham Castle was reached, and admittance was demanded. Master Momso, the Sheriff of Nottingham, was mightily put about when told of the rioting, and Henry might return to England at any moment.
npu-q5-ac1000-nf-nt	2	s61-70968/ssb5/c20	000.wav	20.00	1.940	5.860	[Pause]
npu-q5-ac1000-nf-nt	2	s61-70968/ssb5/c20	001.wav	20.00	1.961	5.960	I do think she died.
npu-q5-ac1000-nf-nt	2	s61-70968/ssb5/c20	002.wav	20.00	1.910	5.790	[inaudible]
npu-q5-ac1000-nf-nt	2	s61-70968/ssb5/c20	003.wav	20.00	3.299	10.360	We have automatic cameras. Before them, led the scroller to the ground. That was a terrifying sight. What if a commotion rioting tried out the fire-soul and hit it with a piece of wood? Why from the silver-lip of the tunnel itself? Today, we receive their request. "Look, the lightning is so maneuverable," said the little scroller.
npu-q5-ac1000-nf-nt	2	s61-70968/ssb5/c20	004.wav	20.00	3.112	9.760	And then we could play back and would have snatched your person. I could not see my boy injured actually. So the boys would be easily want to come to a fight. So I did push this fellow. It's me, Matt. That George game will all sharply return to the top of the cloud. She monkeying for this.
npu-q5-ac1000-nf-nt	2	s61-70968/ssb5/c20	005.wav	20.00	2.898	9.040	I dush for my fellows of Nottingham. Surely we can submit with good grace. I bring you to talk, old man. But I, recklessly, and do know that he played unfairly in the second second. He looked as wild as he was in all patience.
npu-q5-ac1000-nf-nt	2	s61-70968/ssb5/c20	006.wav	20.00	3.277	10.300	And it was seen you that I gave another person consolation to. Company men, here, here, we raise this voice so louder. The strollers took their parts with the curtain backs now as they had some chance of beating off their bones. Robin and the little tumbler between them tried to force this while he ran back. And very valiantly did the excuse them to come back.
npu-q5-ac1000-nf-nt	2	s61-70968/ssb5/c20	007.wav	20.00	3.134	9.830	The head and sheath of the riot may not have been sent there. The French did threaten Montuchel. The riot helped to thrust them all in and entered Ciccer's farm. Now, these silent, on-going lies, the captured offenders set up an instant shout. "Silent, you may be cried, Montuchel."
npu-q5-ac1000-nf-nt	2	s61-70968/ssb5/c20	008.wav	20.00	3.259	10.240	The fire is burning down with his black cloth, his quiet, quiet, and his breath. Thrusting open the copper entrance into the night, Robin suddenly rushed forth with his burden with his great shout, "A month be shamed, a month be shamed, he will to the rescue!" Taking advantage of this, the fire seemed then redoubled their efforts, and,
npu-q5-ac1000-nf-nt	2	s61-70968/ssb5/c20	009.wav	20.00	5.886	18.960	and first by Robert, a little scroller's cry, "Poffer, ladies." George Montice will never forget this day. "What is your name, Lordy?" asked the scroller. "Boffin, it's the Chief." "And mine is the most lovely, so be it, my friend." "Right, really, it's the Chief." "And mine is the most lovely, so be it, my friend." "Right, really, it's the Chief." "Right, really, it's the Chief." "Right, really, it's the Chief." "Right, really, it's the Chief." "Right, really, it's the Chief." "Right, really, it's the Chief." "Right, really, it's the Chief." "Right, really, it's the Chief." "Right, really, it's the Chief." "Right, really, it's the Chief." "Right, really, it's the Chief." "Right, really, it's the Chief." "Right, really, it's the
npu-q5-ac1000-nf-nt	2	s61-70968/ssb5/c20	010.wav	20.00	2.213	6.780	I like the wheel. You're the second wheel that I have met and liked it so much.
npu-q5-ac1000-nf-nt	2	s61-70968/ssb5/c20	011.wav	20.00	3.068	9.570	It would not be safe for you to stay here now. Great follow-up. With mine and my Lord Sheriff's men. Not again, capital retreat. Master Monso, the Sheriff of Nottingham, was mightily put about when told of the rioting. And the Fiverr tried to ignore that any moment.
npu-ac1000-nf-nt-t2	2	s61-70968/clean/c20	002.wav	20.00	5.086	9.810	Master, though I am an old man. Fourth Whith all ran to the opening of the tent to see what might be amiss; but Master Will, who peeped out first, needed no more than one glance. He gave way to the others very readily, and retreated unperceived by the squire in Mistress Fitzuth to the rear of the tent. Cries of a-naughting man!
npu-ac1000-nf-nt-t2	2	s61-70968/clean/c20	003.wav	20.00	9.290	17.290	him, unknotting him! Before them fled the stroller and his three sons, capless and terrified. "What is that tumult and rioting?" cried out the squire authoritatively, and he blew twice on the silver whistle which hung at his belt. "Nay, we refuse their request most politely. Most noble," said the little stroller. "Before them fled the stroller and his three sons, capless and terrified. What is that tumult and rioting?" cried out the squire authoritatively, and he blew twice on the silver whistle which hung at his belt. "Nay, we refuse their request most politely. Most noble," said the little stroller. "Nay, we refuse their request most politely. Most noble," said the little stroller. "Nay, we refuse their request most politely. Most noble," said the little stroller. "Nay, we refuse their request most politely. Most noble," said the little stroller. "Nay, we refuse their request most
npu-ac1000-nf-nt-t2	2	s61-70968/clean/c20	004.wav	20.00	5.132	9.580	And then they became vexed, and would have snatched your purse from us. I could not see my boy injured excellence, for but doing his duty as one of Cumberland's sons. So I did push this fellow. "It is enough," said George Gamewell sharply as he turned upon the crowd. "Shame on you, citizenous citizen, that you have been so kind to me.
npu-ac1000-nf-nt-t2	2	s61-70968/clean/c20	005.wav	20.00	9.291	17.300	sins," cried he. "I blush for my fellows of Nottingham. Surely we can submit with good grace." "Tis fine for you to talk, old man," answered the lean, swollen apprentice. "But I wrestled with this fellow, and do know that he played unfairly in the second bout." Spoke the squire, losing all patient. "I have fought with this fellow, and do know that he played unfairly in the second bout." Spoke the squire, losing all patient. "I have fought with this fellow, and do know that he played unfairly in the second bout." Spoke the squire, losing all patient. "I have fought with this fellow, and do know that he played unfairly in the second bout." Spoke the squire, losing all patient. "I have fought with this fellow, and do know that he played unfairly in the second bout." Spoke the squire, losing all patient. "I have fought with this fellow, and do know that he played unfairly in the second bout."
npu-ac1000-nf-nt-t2	2	s61-70968/clean/c20	006.wav	20.00	9.300	17.290	"And it was to you that I gave another person consolation." "Come to me, men. Here, here!" he raised his voice still louder. The strollers took their part in it with hearty zest, now that they had some chance of beating off their foes. Robin and the little tumbler between them tried to force the squire to stand back, and very valiantly did these two come to come to come to come to come to come to come to come to come to come to come to come to come to come to come to come to come to come to come to come to come to come to come to come to come to come to come to come to come to come to come to come to come to come to come to come to come to come to come to come to come to come to come to come to come to come to come to come to come to come to come to come to come to come to come to come to come to come to come to come to come to come to come to come to come to come to come to come to come
npu-ac1000-nf-nt-t2	2	s61-70968/clean/c20	007.wav	20.00	9.297	17.280	themselves. The head and chief of the riot, the Nottingham Apprentice, with clenched fists threatened Montfichet. The squire helped to thrust them all in and entered swiftly himself. "Now, be silent on your lives," he began, but the captured apprentice set up an instant shout. "Silence, you naïve!" cried Montfichet. "Sit down, you naïve!" cried Montfichet. "Sit down, you naïve!" cried Montfichet. "Sit down, you naïve!" cried Montfichet. "Sit down, you naïve!" cried Montfichet. "Sit down, you naïve!" cried Montfichet. "Sit down, you naïve!" cried Montfichet. "Sit down, you naïve!" cried Montfichet. "Sit down, you naïve!" cried Montfichet. "Sit down, you naïve!" cried Mont
npu-ac1000-nf-nt-t2	2	s61-70968/clean/c20	008.wav	20.00	9.283	17.290	He felt fur and found the wizard's black cloth. The squire was quite out of breath. Thrusting open the proper entrance of the tent, Robin suddenly rushed forth with his burden with a great shout, "A month viché, a month viché! Game well to the rescue!" Taking advantage of this, the squire's few men redoubled their efforts, and—and—and—and—and—and—and—and—and—and—and—and—and—and—and—and—and—and—and—and—and—and—and—and—and—and—and—and—and—and—and—and—and—and—and—and—and—and—and—and—and—and—and—and—and—and—and—and—and—and—and—and—and—and—and—and—and—and—and—and—and—and—and—and—and—and—and—and—and—and—and
npu-ac1000-nf-nt-t2	2	s61-70968/clean/c20	009.wav	20.00	4.821	9.010	encouraged by Robbins and the little strollers' cries, fought their way to him. George Montfichet will never forget this day. "What is your name, Lording?" asked the little stroller presently. "Robin Fitzsouf. And mine is Will Stutley. Shall we become, Rads?" "Right, Willie."
npu-ac1000-nf-nt-t2	2	s61-70968/clean/c20	010.wav	20.00	4.766	8.920	"I like you, Will. You are the second Will that I have met in light within two days. Is there a sign in that?" Montfichet called out for Robin to give him an arm. "Friends," said Montfichet faintly to the wrestlers. "Bear us escort so far as the sheriffs have."
npu-ac1000-nf-nt-t2	2	s61-70968/clean/c20	011.wav	20.00	5.877	10.960	house. It will not be safe for you to stay here now. Pray follow us, with mine and my Lord Sheriff's men." Nottingham Castle was reached, and admittance was demanded. Master Monceau, the Sheriff of Nottingham, was mightily put about when told of the rioting, and Henry might return to England at any moment. "Master Monceau, the Sheriff of Nottingham was mightily put about when told of the rioting, and Henry might return to England at any moment."
npu-ac1000-nf-nt-t2	2	s61-70968/ssb15/c20	000.wav	20.00	9.314	17.300	He began a confused complaint against the wizard who had vanished behind the curtain on the left. "If not so, earneth the mind of these mummeries, child, a golden fortune and a happy life." He was like unto my father, in a way, and yet was not my father. Also, there was a stripping page, whose, like unto my father, was a stripping page, whose, like unto my father, was not my father. Also, there was a stripping page, whose, like unto my father, was not my father. Also, there was a stripping page, whose, like unto my father, was not my father. Also, there was a stripping page, whose, like unto my father, was not my father. Also, there was a stripping page, whose, like unto my father, was not my father. Also, there was a stripping page, whose, like unto my father, was not my father. Also, there was a stripping page, whose, like unto my father, was not my father
npu-ac1000-nf-nt-t2	2	s61-70968/ssb15/c20	001.wav	20.00	9.278	17.280	returned it to her maid. This was so sweet, old lady sir, and in some manner I do think she died. But then the picture was gone as quickly as it came. Mr. Nell, do you hear these marvels? Take your place and let us see what the crystal can show to you. Like if not young, young, young, young, young, young, young, young, young, young, young, young, young, young, young, young, young, young, young, young, young, young, young, young, young, young, young, young, young, young, young, young, young, young, young, young, young, young, young, young, young, young, young, young, young, young, young, young, young, young, young, young, young, young, young, young, young, young, young, young, young, young, young, young, young, young, young, young, young, young, young, young, young, young, young, young, young
npu-ac1000-nf-nt-t2	2	s61-70968/ssb15/c20	002.wav	20.00	9.290	17.290	Master, though I am an old man. Force Whist all ran to the opening of the tent to see what might be amiss, but Master Will, who peaked out first, needed no more than one glance. He gave way to the others very readily and retreated unperceived by the squire and mistress Bidsooth to the rear of the tent. "Cries of—I'm not a—I'm not a—I'm not a—I'm not a—I'm not a—I'm not a—I'm not a—I'm not a—I'm not a—I'm not a—I'm not a—I'm not a—I'm not a—I'm not a—I'm not a—I'm not a—I'm not a—I'm not a—I'm not a—I'm not a—I'm not a—I'm not a—I'm not a—I'm not a—I'm not a—I'm not a—I'm not a—I'm not
npu-ac1000-nf-nt-t2	2	s61-70968/ssb15/c20	003.wav	20.00	9.305	17.300	him, unknotting him. Before them fled the stroller and his three sons, capless and terrified. "What is that tumult and rioting?" cried out the squire authoritatively, and he blew twice on the sower whistle which hung at his cell. "Nay, we refuse their request most politely. Most noble," said the little stroller. "Before them fled the stroller and his three sons, capless and terrified. What is that tumult and rioting?" cried out the squire authoritatively, and he blew twice on the sower whistle which hung at his cell. "Nay, we refuse their request most politely. Most noble," said the little stroller. "Nay, we refuse their request most politely. Most noble," said the little stroller. "Nay, we refuse their request most politely. Most noble," said the little stroller. "Nay, we refuse their request most politely. Most noble," said the little stroller. "Nay, we refuse their
npu-ac1000-nf-nt-t2	2	s61-70968/ssb15/c20	004.wav	20.00	9.280	17.260	and then they became vexed and would have snatched your purse from us. I could not see my boy injured at once, for by doing the duty of one of Cumberland's sons. So I did push this fellow. It is enough that George gained well sharply as he turned upon the crowd. She, mon use to the de-de-de-de-de-de-de-de-de-de-de-de-de-de-de-de-de-de-de-de-de-de-de-de-de-de-de-de-de-de-de-de-de-de-de-de-de-de-de-de-de-de-de-de-de-de-de-de-de-de-de-de-de-de-de-de-de-de-de-de-de-de-de-de-de-de-de-de-de-de-de-de-de-de-de-de
npu-ac1000-nf-nt-t2	2	s61-70968/ssb15/c20	005.wav	20.00	4.617	8.640	I blush for my fellows of Nottingham. Surely we can submit with good grace. "It is fine for you to talk, old man," answered the lean fellow in apprentice. But I wrestled with his fellow, and do know that he played unfairly in the second bout. Spoke the squire losing all patience.
npu-ac1000-nf-nt-t2	2	s61-70968/ssb15/c20	006.wav	20.00	9.284	17.280	"And it was to you that I gave another person consolation. Come to me, men. Here, here!" He raised his voice still louder. The strollers took their part in it with hearty zest, now that they had some chance of beating off their foes. Robbidon, a little tumbler between them, tried to force this wire to stand back, and very valiantly did these two from the foes' foes' foes' foes' foes' foes' foes' foes' foes' foes' foes' foes' foes' foes' foes' foes' foes' foes' foes' foes' foes' foes' foes' foes' foes' foes' foes' foes' foes' foes' foes' foes' foes' foes' foes' foes' foes' foes' foes' foes' foes' foes' foes' foes' fo
npu-ac1000-nf-nt-t2	2	s61-70968/ssb15/c20	007.wav	20.00	9.290	17.300	The head and chief of the riots in Ottingham Apprentice, with quench fists, threatened Mont-Pichet. His squire helped to thrust them all in and entered swiftly himself. "Now be silent on your lies," he began, but the captured apprentice set up an instant shout. "Silent, you naïve," cried Mont-Pichet. "Shut up, you naïve," cried Mont-Pichet. "Shut up, you naïve," cried Mont-Pichet. "Shut up, you naïve," cried Mont-Pichet. "Shut up, you naïve," cried Mont-Pichet. "Shut up, you naïve," cried Mont-Pichet. "Shut up, you naïve," cried Mont-Pichet. "Shut up, you naïve," cried Mont-Pichet. "Shut up, you naïve," cried Mont-Pichet. "Shut up, you
npu-ac1000-nf-nt-t2	2	s61-70968/ssb15/c20	008.wav	20.00	9.287	17.280	He felt for and found the wizard's black claw. The squire was quite out of breath. Thrusting open the proper entrance of the tent, Robin suddenly rushed forth with his burden with a great shout. "A must be shea! A must be shea! Game well to the rescue!" Taking advantage of this, the squire's few men redoubled their efforts and, and, and, and, and, and, and, and, and, and, and, and, and, and, and, and, and, and, and, and, and, and, and, and, and, and, and, and, and, and, and, and, and, and, and, and, and, and, and, and, and, and, and, and, and, and, and, and, and, and, and, and, and, and, and, and, and, and, and, and, and, and, and, and, and, and, and, and, and, and, and,
npu-ac1000-nf-nt-t2	2	s61-70968/ssb15/c20	009.wav	20.00	4.665	8.750	encouraged by Robbins and the little stroller's cries, fought their way to him. George Montice will never forget this day. "What is your name, Lording?" asked the little stroller presently. "Robbins is a goose, and mine is real stutley. Shall we become rats?" "Right, Willie."
npu-ac1000-nf-nt-t2	2	s61-70968/ssb15/c20	010.wav	20.00	5.093	9.510	"I'd like you, Will. You're the second Will that I have met and liked within two days. Is there a sign in that?" Montchichet called out for Robin to give him an arm. "Bren," said Montchichet faintly to the rep for, "bear us escort so far as the sheriffs have, for the sheriffs have to give him an arm."
npu-ac1000-nf-nt-t2	2	s61-70968/ssb15/c20	011.wav	20.00	4.748	8.890	It will not be safe for you to stay here now. Pray follow us, with mine and my Lord Sheriff's men." Nottingham Castle was reached, and admittance was demanded. Master Momso, the Sheriff of Nottingham, was mightily put about when told of the rioting, and Henry might return to England at any moment.
npu-ac1000-nf-nt-t2	2	s61-70968/ssb5/c20	000.wav	20.00	2.762	5.210	[Pause]
npu-ac1000-nf-nt-t2	2	s61-70968/ssb5/c20	001.wav	20.00	2.859	5.390	I'm sorry, I'm sorry.
npu-ac1000-nf-nt-t2	2	s61-70968/ssb5/c20	002.wav	20.00	2.720	5.160	[INAUDIBLE]
npu-ac1000-nf-nt-t2	2	s61-70968/ssb5/c20	003.wav	20.00	4.965	9.290	We have automatic cameras. Before them, led the scroller to the ground. That was a terrifying sight. What if the commando and rioting tried out the fire-soul and hid it away? And we'd fight on the silver lip of the tunnel itself. Today, we were free with their request. "Look, the lightning is so renewable," said the little scroller.
npu-ac1000-nf-nt-t2	2	s61-70968/ssb5/c20	004.wav	20.00	4.517	8.450	And then we could play back and would have snatched your person. I could not see my boy injured actually. So the boys were easily able to come to the sun. So I did push this fellow. It was not that George came well sharply. He turned the problem out. She mon-used the business.
npu-ac1000-nf-nt-t2	2	s61-70968/ssb5/c20	005.wav	20.00	4.256	7.950	I dush for my fellows of Nottingham. Surely we can submit with good grace. I bring you to talk, old man. But I, recklessly, and do know that he played unfairly in the second second. He broke his violin using all patience.
npu-ac1000-nf-nt-t2	2	s61-70968/ssb5/c20	006.wav	20.00	9.269	17.250	And it was seen you that I gave another person consolation to. Company men, here, here, we raise this voice so louder. The strollers took their part in it, the party staff, now that they had some chance of beating off their bones. Robin and the little tumbler between them tried to force this while he ran back. And very valiantly did the excuse and took them from the boat. Robin and the little tumbler between them tried to force this while he ran back. And very valiantly did the excuse and took them from the boat. And very valiantly did the excuse and took them from the boat. And very valiantly did the excuse and took them from the boat. And very valiantly did the excuse and took them from the boat. And very valiantly did the excuse and took them from the boat. And very valiantly did the excuse and took them from the boat. And very valiantly did the excuse and took them from the boat. And very valiantly did the excuse and took them from the boat. And very valiantly did the excuse
npu-ac1000-nf-nt-t2	2	s61-70968/ssb5/c20	007.wav	20.00	2.841	5.360	The head and she for the life
npu-ac1000-nf-nt-t2	2	s61-70968/ssb5/c20	008.wav	20.00	2.798	5.300	The fire is on fire.
npu-ac1000-nf-nt-t2	2	s61-70968/ssb5/c20	009.wav	20.00	4.520	8.460	The first I promise I will always cry, "Poffer ladies!" George Montice will never forget this day. What is your name, Lordy? Ask the Lord to call you. Welcome to the city. And mind of you of public, where do you come from? Right, really. Call me.
npu-ac1000-nf-nt-t2	2	s61-70968/ssb5/c20	010.wav	20.00	2.959	5.590	I have a second will that I have met before.
npu-ac1000-nf-nt-t2	2	s61-70968/ssb5/c20	011.wav	20.00	4.543	8.500	It would not be safe for you to stay here now. Great follow-up. With mine and my Lord Sheriff's men. Not again, capital retreat. Master Monso, the Sheriff of Nottingham, was lightly put about when told of the rioting. And the Heller tried to ignore that any moment.
npu-ac1000-nf-nt	2	s61-70968/clean/c20	002.wav	20.00	3.663	11.720	Master, though I am an old man. Fourth Whith all ran to the opening of the tent to see what might be amiss; but Master Will, who peeped out first, needed no more than one glance. He gave way to the others very readily, and retreated unperceived by the squire in Mistress Fitzuth to the rear of the tent. Cries of a-naughting man!
npu-ac1000-nf-nt	2	s61-70968/clean/c20	003.wav	20.00	6.716	22.140	him, unknotting him! Before them fled the stroller and his three sons, capless and terrified. "What is that tumult and rioting?" cried out the squire authoritatively, and he blew twice on the silver whistle which hung at his belt. "Nay, we refuse their request most politely. Most noble," said the little stroller. "Before them fled the stroller and his three sons, capless and terrified. What is that tumult and rioting?" cried out the squire authoritatively, and he blew twice on the silver whistle which hung at his belt. "Nay, we refuse their request most politely. Most noble," said the little stroller. "Nay, we refuse their request most politely. Most noble," said the little stroller. "Nay, we refuse their request most politely. Most noble," said the little stroller. "Nay, we refuse their request most politely. Most noble," said the little stroller. "Nay, we refuse their request most
npu-ac1000-nf-nt	2	s61-70968/clean/c20	004.wav	20.00	3.599	11.500	And then they became vexed, and would have snatched your purse from us. I could not see my boy injured excellence, for but doing his duty as one of Cumberland's sons. So I did push this fellow. "It is enough," said George Gamewell sharply as he turned upon the crowd. "Shame on you, citizenous citizen, that you have been so kind to me.
npu-ac1000-nf-nt	2	s61-70968/clean/c20	005.wav	20.00	6.704	22.120	sins," cried he. "I blush for my fellows of Nottingham. Surely we can submit with good grace." "Tis fine for you to talk, old man," answered the lean, swollen apprentice. "But I wrestled with this fellow, and do know that he played unfairly in the second bout." Spoke the squire, losing all patient. "I have fought with this fellow, and do know that he played unfairly in the second bout." Spoke the squire, losing all patient. "I have fought with this fellow, and do know that he played unfairly in the second bout." Spoke the squire, losing all patient. "I have fought with this fellow, and do know that he played unfairly in the second bout." Spoke the squire, losing all patient. "I have fought with this fellow, and do know that he played unfairly in the second bout." Spoke the squire, losing all patient. "I have fought with this fellow, and do know that he played unfairly in the second bout."
npu-ac1000-nf-nt	2	s61-70968/clean/c20	006.wav	20.00	6.715	22.130	"And it was to you that I gave another person consolation." "Come to me, men. Here, here!" he raised his voice still louder. The strollers took their part in it with hearty zest, now that they had some chance of beating off their foes. Robin and the little tumbler between them tried to force the squire to stand back, and very valiantly did these two come to come to come to come to come to come to come to come to come to come to come to come to come to come to come to come to come to come to come to come to come to come to come to come to come to come to come to come to come to come to come to come to come to come to come to come to come to come to come to come to come to come to come to come to come to come to come to come to come to come to come to come to come to come to come to come to come to come to come to come to come to come to come to come to come to come to come to come to come
npu-ac1000-nf-nt	2	s61-70968/clean/c20	007.wav	20.00	6.708	22.130	themselves. The head and chief of the riot, the Nottingham Apprentice, with clenched fists threatened Montfichet. The squire helped to thrust them all in and entered swiftly himself. "Now, be silent on your lives," he began, but the captured apprentice set up an instant shout. "Silence, you naïve!" cried Montfichet. "The head and chief of the riot, the Nottingham Apprentice, with clenched fists threatened Montfichet. The squire helped to thrust them all in and entered swiftly himself. "Now, be silent on your lives," he began, but the captured apprentice set up an instant shout. "Silence, you naïve!" cried Montfichet. "Silence, you naïve!" cried Montfichet. "Silence, you naïve!" cried Montfichet. "Silence, you naïve!" cried Montfichet. "Silence, you naïve!" cried Montfichet. "
npu-ac1000-nf-nt	2	s61-70968/clean/c20	008.wav	20.00	6.715	22.120	He felt fur and found the wizard's black cloth. The squire was quite out of breath. Thrusting open the proper entrance of the tent, Robin suddenly rushed forth with his burden with a great shout, "A month viché, a month viché! Game well to the rescue!" Taking advantage of this, the squire's few men redoubled their efforts, and—and—and—and—and—and—and—and—and—and—and—and—and—and—and—and—and—and—and—and—and—and—and—and—and—and—and—and—and—and—and—and—and—and—and—and—and—and—and—and—and—and—and—and—and—and—and—and—and—and—and—and—and—and—and—and—and—and—and—and—and—and—and—and—and—and—and—and—and—and—and
npu-ac1000-nf-nt	2	s61-70968/clean/c20	009.wav	20.00	3.374	10.740	encouraged by Robbins and the little strollers' cries, fought their way to him. George Montfichet will never forget this day. "What is your name, Lording?" asked the little stroller presently. "Robin Fitzsouf. And mine is Will Stutley. Shall we become, Rads?" "Right, Willie."
npu-ac1000-nf-nt	2	s61-70968/clean/c20	010.wav	20.00	3.322	10.590	"I like you, Will. You are the second Will that I have met in light within two days. Is there a sign in that?" Montfichet called out for Robin to give him an arm. "Friends," said Montfichet faintly to the wrestlers. "Bear us escort so far as the sheriffs have."
npu-ac1000-nf-nt	2	s61-70968/clean/c20	011.wav	20.00	4.157	13.440	house. It will not be safe for you to stay here now. Pray follow us, with mine and my Lord Sheriff's men." Nottingham Castle was reached, and admittance was demanded. Master Monceau, the Sheriff of Nottingham, was mightily put about when told of the rioting, and Henry might return to England at any moment. "Master Monceau, the Sheriff of Nottingham was mightily put about when told of the rioting, and Henry might return to England at any moment."
npu-ac1000-nf-nt	2	s61-70968/ssb15/c20	000.wav	20.00	6.739	22.170	He began a confused complaint against the wizard who had vanished behind the curtain on the left. "If not so, earneth the mind of these mummeries, child, a golden fortune and a happy life." He was like unto my father, in a way, and yet was not my father. Also, there was a stripping page, whose, like unto my father, was a stripping page, whose, like unto my father, was not my father. Also, there was a stripping page, whose, like unto my father, was not my father. Also, there was a stripping page, whose, like unto my father, was not my father. Also, there was a stripping page, whose, like unto my father, was not my father. Also, there was a stripping page, whose, like unto my father, was not my father. Also, there was a stripping page, whose, like unto my father, was not my father. Also, there was a stripping page, whose, like unto my father, was not my father
npu-ac1000-nf-nt	2	s61-70968/ssb15/c20	001.wav	20.00	6.718	22.140	returned it to her maid. This was so sweet, old lady sir, and in some manner I do think she died. But then the picture was gone as quickly as it came. Mr. Nell, do you hear these marvels? Take your place and let us see what the crystal can show to you. Like if not young, young, young, young, young, young, young, young, young, young, young, young, young, young, young, young, young, young, young, young, young, young, young, young, young, young, young, young, young, young, young, young, young, young, young, young, young, young, young, young, young, young, young, young, young, young, young, young, young, young, young, young, young, young, young, young, young, young, young, young, young, young, young, young, young, young, young, young, young, young, young, young, young, young, young, young, young
npu-ac1000-nf-nt	2	s61-70968/ssb15/c20	002.wav	20.00	6.706	22.120	Master, though I am an old man. Force Whist all ran to the opening of the tent to see what might be amiss, but Master Will, who peaked out first, needed no more than one glance. He gave way to the others very readily and retreated unperceived by the squire and mistress Bidsooth to the rear of the tent. "Cries of—I'm not a—I'm not a—I'm not a—I'm not a—I'm not a—I'm not a—I'm not a—I'm not a—I'm not a—I'm not a—I'm not a—I'm not a—I'm not a—I'm not a—I'm not a—I'm not a—I'm not a—I'm not a—I'm not a—I'm not a—I'm not a—I'm not a—I'm not a—I'm not a—I'm not a—I'm not a—I'm not a—I'm not
npu-ac1000-nf-nt	2	s61-70968/ssb15/c20	003.wav	20.00	6.718	22.150	him, unknotting him. Before them fled the stroller and his three sons, capless and terrified. "What is that tumult and rioting?" cried out the squire authoritatively, and he blew twice on the sower whistle which hung at his cell. "Nay, we refuse their request most politely. Most noble," said the little stroller. "Before them fled the stroller and his three sons, capless and terrified. What is that tumult and rioting?" cried out the squire authoritatively, and he blew twice on the sower whistle which hung at his cell. "Nay, we refuse their request most politely. Most noble," said the little stroller. "Nay, we refuse their request most politely. Most noble," said the little stroller. "Nay, we refuse their request most politely. Most noble," said the little stroller. "Nay, we refuse their request most politely. Most noble," said the little stroller. "Nay, we refuse their
npu-ac1000-nf-nt	2	s61-70968/ssb15/c20	004.wav	20.00	6.744	22.140	and then they became vexed and would have snatched your purse from us. I could not see my boy injured at once, for by doing the duty of one of Cumberland's sons. So I did push this fellow. It is enough that George gained well sharply as he turned upon the crowd. She, mon use to the de-de-de-de-de-de-de-de-de-de-de-de-de-de-de-de-de-de-de-de-de-de-de-de-de-de-de-de-de-de-de-de-de-de-de-de-de-de-de-de-de-de-de-de-de-de-de-de-de-de-de-de-de-de-de-de-de-de-de-de-de-de-de-de-de-de-de-de-de-de-de-de-de-de-de-de
npu-ac1000-nf-nt	2	s61-70968/ssb15/c20	005.wav	20.00	3.210	10.180	I blush for my fellows of Nottingham. Surely we can submit with good grace. "It is fine for you to talk, old man," answered the lean fellow in apprentice. But I wrestled with his fellow, and do know that he played unfairly in the second bout. Spoke the squire losing all patience.
npu-ac1000-nf-nt	2	s61-70968/ssb15/c20	006.wav	20.00	6.716	22.150	"And it was to you that I gave another person consolation. Come to me, men. Here, here!" He raised his voice still louder. The strollers took their part in it with hearty zest, now that they had some chance of beating off their foes. Robbid and a little tumbler between them tried to force this wire to stand back, and very valiantly did these two from the foes' foes' foes' foes' foes' foes' foes' foes' foes' foes' foes' foes' foes' foes' foes' foes' foes' foes' foes' foes' foes' foes' foes' foes' foes' foes' foes' foes' foes' foes' foes' foes' foes' foes' foes' foes' foes' foes' foes' foes' foes' foes' foes' foes' foes'
npu-ac1000-nf-nt	2	s61-70968/ssb15/c20	007.wav	20.00	6.713	22.120	The head and chief of the riots in Ottingham Apprentice, with quench fists, threatened Mont-Pichet. His squire helped to thrust them all in and entered swiftly himself. "Now be silent on your lies," he began, but the captured apprentice set up an instant shout. "Silent, you naïve," cried Mont-Pichet. "Shut up, you naïve," cried Mont-Pichet. "Shut up, you naïve," cried Mont-Pichet. "Shut up, you naïve," cried Mont-Pichet. "Shut up, you naïve," cried Mont-Pichet. "Shut up, you naïve," cried Mont-Pichet. "Shut up, you naïve," cried Mont-Pichet. "Shut up, you naïve," cried Mont-Pichet. "Shut up, you naïve," cried Mont-Pichet. "Shut up, you
npu-ac1000-nf-nt	2	s61-70968/ssb15/c20	008.wav	20.00	6.716	22.150	He felt for and found the wizard's black claw. The squire was quite out of breath. Thrusting open the proper entrance of the tent, Robin suddenly rushed forth with his burden with a great shout. "A must be shea! A must be shea! Game well to the rescue!" Taking advantage of this, the squire's few men redoubled their efforts and, and, and, and, and, and, and, and, and, and, and, and, and, and, and, and, and, and, and, and, and, and, and, and, and, and, and, and, and, and, and, and, and, and, and, and, and, and, and, and, and, and, and, and, and, and, and, and, and, and, and, and, and, and, and, and, and, and, and, and, and, and, and, and, and, and, and, and, and, and, and,
npu-ac1000-nf-nt	2	s61-70968/ssb15/c20	009.wav	20.00	3.250	10.360	encouraged by Robbins and the little stroller's cries, fought their way to him. George Montice will never forget this day. "What is your name, Lording?" asked the little stroller presently. "Robbins is a goose, and mine is real stutley. Shall we become rats?" "Right, Willie."
npu-ac1000-nf-nt	2	s61-70968/ssb15/c20	010.wav	20.00	3.575	11.430	"I'd like you, Will. You're the second Will that I have met and liked within two days. Is there a sign in that?" Montchichet called out for Robin to give him an arm. "Bren," said Montchichet faintly to the rep for, "bear us escort so far as the sheriffs have, for the sheriffs have to give him an arm."
npu-ac1000-nf-nt	2	s61-70968/ssb15/c20	011.wav	20.00	3.320	10.590	It will not be safe for you to stay here now. Pray follow us, with mine and my Lord Sheriff's men." Nottingham Castle was reached, and admittance was demanded. Master Momso, the Sheriff of Nottingham, was mightily put about when told of the rioting, and Henry might return to England at any moment.
npu-ac1000-nf-nt	2	s61-70968/ssb5/c20	000.wav	20.00	1.810	5.400	[Pause]
npu-ac1000-nf-nt	2	s61-70968/ssb5/c20	001.wav	20.00	1.884	5.710	I'm sorry, I'm sorry.
npu-ac1000-nf-nt	2	s61-70968/ssb5/c20	002.wav	20.00	1.772	5.340	[INAUDIBLE]
npu-ac1000-nf-nt	2	s61-70968/ssb5/c20	003.wav	20.00	3.474	11.110	We have automatic cameras. Before them, led the scroller to the ground. That was a terrifying sight. What if the commando and rioting tried out the fire-soul and hid it away? And we'd fight on the silver lip of the tunnel itself. Today, we were free with their request. "Look, the lightning is so renewable," said the little scroller.
npu-ac1000-nf-nt	2	s61-70968/ssb5/c20	004.wav	20.00	3.145	9.980	And then we could play back and would have snatched your person. I could not see my boy injured actually. So the boys were easily able to come to the sun. So I did push this fellow. It was not that George came well sharply. He turned the problem out. She mon-used the business.
npu-ac1000-nf-nt	2	s61-70968/ssb5/c20	005.wav	20.00	2.939	9.270	I dush for my fellows of Nottingham. Surely we can submit with good grace. I bring you to talk, old man. But I, recklessly, and do know that he played unfairly in the second second. He broke his violin using all patience.
npu-ac1000-nf-nt	2	s61-70968/ssb5/c20	006.wav	20.00	6.709	22.130	And it was seen you that I gave another person consolation to. Company men, here, here, we raise this voice so louder. The strollers took their part in it, the party staff, now that they had some chance of beating off their bones. Robin and the little tumbler between them tried to force this while he ran back. And very valiantly did the excuse and took them from the boat. Robin and the little tumbler between them tried to force this while he ran back. And very valiantly did the excuse and took them from the boat. And very valiantly did the excuse and took them from the boat. And very valiantly did the excuse and took them from the boat. And very valiantly did the excuse and took them from the boat. And very valiantly did the excuse and took them from the boat. And very valiantly did the excuse and took them from the boat. And very valiantly did the excuse and took them from the boat. And very valiantly did the excuse and took them from the boat. And very valiantly did the excuse
npu-ac1000-nf-nt	2	s61-70968/ssb5/c20	007.wav	20.00	1.861	5.630	The head and she for the life
npu-ac1000-nf-nt	2	s61-70968/ssb5/c20	008.wav	20.00	1.841	5.570	The fire is on fire.
npu-ac1000-nf-nt	2	s61-70968/ssb5/c20	009.wav	20.00	3.135	9.960	The first I promise I will always cry, "Poffer ladies!" George Montice will never forget this day. What is your name, Lordy? Ask the Lord to call you. Welcome to the city. And mind of you of public, where do you come from? Right, really. Call me.
npu-ac1000-nf-nt	2	s61-70968/ssb5/c20	010.wav	20.00	1.974	5.940	I have a second will that I have met before.
npu-ac1000-nf-nt	2	s61-70968/ssb5/c20	011.wav	20.00	3.159	10.040	It would not be safe for you to stay here now. Great follow-up. With mine and my Lord Sheriff's men. Not again, capital retreat. Master Monso, the Sheriff of Nottingham, was lightly put about when told of the rioting. And the Heller tried to ignore that any moment.
npu-ac1000-nf	2	s61-70968/clean/c20	002.wav	20.00	4.379	14.120	Master, though I am an old man.  Fourth Whith all ran to the opening of the tent to see what might be amiss, but Master  Will, who peeped out first, needed no more than one glance.  He gave way to the others very readily and retreated unperceived by the squire in Mistress  Fitzuth to the rear of the tent.  Cries of unnotting, unnotting, unnotting, unnotting, unnotting, unnotting, unnotting,
npu-ac1000-nf	2	s61-70968/clean/c20	003.wav	20.00	4.333	13.950	him, unknotting him!" Before them fled the stroller and his three sons,  capless and terrified.  "What is that tumult and rioting?" cried out the squire authoritatively, and he blew  twice on the silver whistle which hung at his belt.  "Nay, we refuse their request most politely. Most noble," said the little stroller. "Nay,  we refuse their request most politely. Most noble," said the little stroller. "Nay, we refuse
npu-ac1000-nf	2	s61-70968/clean/c20	004.wav	20.00	3.877	12.410	And then they became vexed, and would have snatched your purse from us.  I could not see my boy injured excellence, for but doing his duty as one of Cumberland's  sons.  So I did push this fellow.  "It is enough," said George Gamewell sharply as he turned upon the crowd.  "Shame on you, citizenous citizeness, that you have been so kind to me.
npu-ac1000-nf	2	s61-70968/clean/c20	005.wav	20.00	3.970	12.720	sins," cried he. "I blush for my fellows of Nottingham. Surely we can submit with good  grace."  "Tis fine for you to talk, old man," answered the lean sullen apprentice. "But I wrestled  with this fellow, and do know that he played unfairly in the second bout," spoke the squire  losing all patient. "I wrestled with this fellow, and do know that he played unfairly in the
npu-ac1000-nf	2	s61-70968/clean/c20	006.wav	20.00	4.684	15.130	"And it was to you that I gave another person consolation."  "Come to me, men. Here, here!" he raised his voice still louder.  The strollers took their part in it with hearty zest, now that they had some chance of beating  off their foes.  Robin and the little tumbler between them tried to force the squire to stand back, and  very valiantly did these two come to come to stand back, and very valiantly did these  two come to come to come to come to come to come to come to come to come to come to come
npu-ac1000-nf	2	s61-70968/clean/c20	007.wav	20.00	4.399	14.190	themselves. The head and chief of the riot, the Nottingham  apprentice, with clenched fists threatened Montfichet. The squire helped to thrust them  all in and entered swiftly himself. "Now, be silent on your lives," he began, but the  captured apprentice set up an instant shout. "Silence, you naïve!" cried Montfichet.  "Sit down, you naïve!" cried Montfichet. "Sit down, you naïve!" cried Montfichet.
npu-ac1000-nf	2	s61-70968/clean/c20	008.wav	20.00	3.768	12.010	He felt fur and found the wizard's black cloth. The squire was quite out of breath.  Thrusting open the proper entrance of the tent, Robin suddenly rushed forth with his  burden with a great shout, "A month viché, a month viché! Game well to the rescue!"  Taking advantage of this, the squire's few men redoubled their efforts, and—and, and
npu-ac1000-nf	2	s61-70968/clean/c20	009.wav	20.00	3.835	12.260	encouraged by Robbins and the little strollers' cries, fought their way to him. George Montfichet  will never forget this day.  "What is your name, Lording?" asked the little stroller presently.  "Robin Fitzsouf. And mine is Will Stutley. Shall we become, Rads?"  "Right, Willie." replied the little stroller. "Right, Willie."
npu-ac1000-nf	2	s61-70968/clean/c20	010.wav	20.00	4.264	13.720	"Boringly, for between us we have won the battle," answered Robin.  "I like you, Will.  You are the second Will that I have met in light within two days.  Is there a sign in that?"  Montfichet called out for Robin to give him an arm.  "Friends," said Montfichet faintly to the wrestlers.  "Bear us escort so far as the sheriffs have, have us escort so far as the sheriffs have,
npu-ac1000-nf	2	s61-70968/clean/c20	011.wav	20.00	3.604	11.480	house. It will not be safe for you to stay here now. Pray follow us, with mine and my  Lord Sheriff's men."  Nottingham Castle was reached, and admittance was demanded. Master Monceau, the Sheriff  of Nottingham, was mightily put about when told of the rioting, and Henry might return  to England at any moment.
npu-ac1000-nf	2	s61-70968/ssb15/c20	000.wav	20.00	5.217	16.160	He began a confused complaint against the wizard who had vanished behind the curtain on the left.  "If not so, earneth the mind of these mummeries, child, a golden fortune and a happy life."  He was like unto my father, in a way, and yet was not my father.  Also, there was a stripping page, which was
npu-ac1000-nf	2	s61-70968/ssb15/c20	001.wav	20.00	8.567	27.650	She returned it to her maid.  This was so sweet, old lady sir, and in some manner I do think she died.  But then the picture was gone as quickly as it came.  Mr. Nell, do you hear these marvels?  Take your place and let us see what the crystal can show to you.  Like if not young.
npu-ac1000-nf	2	s61-70968/ssb15/c20	002.wav	20.00	4.531	14.660	Master, though I am an old man.  Force Whist all ran to the opening of the tent to see what might be amiss, but Master  Will, who peaked out first, needed no more than one glance.  He gave way to the others very readily and retreated unperceived by the squire and mistress  Bidsooth to the rear of the tent.  "Cries of—I'm not a—I'm not a—I'm not a—I'm not a—I'm not a—I'm not a—I'm
npu-ac1000-nf	2	s61-70968/ssb15/c20	003.wav	20.00	3.671	11.710	him, unknotting him. Before them fled the stroller and his three sons, capless and terrified.  "What is that tumult and rioting?" cried out the squire authoritatively, and he blew  twice on the silver whistle which hung at his cell.  "Nay, we refuse their request most politely, most noble," said the little stroller. "Before
npu-ac1000-nf	2	s61-70968/ssb15/c20	004.wav	20.00	5.164	16.010	and then they became vexed and would have snatched your purse from us.  I could not see my boy injured at once, for by doing the duty of one of Cumberland's sons.  So I did push this fellow.  It is enough that George gained well sharply as he turned upon the crowd.  shaman use it is
npu-ac1000-nf	2	s61-70968/ssb15/c20	005.wav	20.00	3.578	11.400	I blush for my fellows of Nottingham. Surely we can submit with good grace.  "It is fine for you to talk, old man," answered the lean fellow in apprentice.  But I wrestled with his fellow, and do know that he played unfairly in the second bout.  Spoke the squire losing all patience. Spoke the squire losing all patience.
npu-ac1000-nf	2	s61-70968/ssb15/c20	006.wav	20.00	4.080	13.090	"And it was to you that I gave another person consolation.  "Come to me, men.  Here, here!" he raised his voice still louder.  The strollers took their part in it with hearty zest, now that they had some chance of beating  off their foes.  Robbiting a little tumbler between them, tried to force the squire to stand back, and very  valiantly did these two from the foes stand back.
npu-ac1000-nf	2	s61-70968/ssb15/c20	007.wav	20.00	3.718	11.880	The head and chief of the riots in Ottingham Apprentice, with quench fists, threatened  Mont-Pichet.  His squire helped to thrust them all in and entered swiftly himself.  "Now be silent on your lies," he began, but the captured apprentice set up an instant  shout.  "Silence, you naïve," cried Mont-Pichet.
npu-ac1000-nf	2	s61-70968/ssb15/c20	008.wav	20.00	3.757	11.950	He felt for and found the wizard's black claw.  The squire was quite out of breath.  Thrusting open the proper entrance of the tent,  Robin suddenly rushed forth with his burden with a great shout.  "A must be shea! A must be shea! Game well to the rescue!"  Taking advantage of this, the squire's few men redoubled their efforts,
npu-ac1000-nf	2	s61-70968/ssb15/c20	009.wav	20.00	3.538	11.250	encouraged by Robin from the little stroller's drive,  fought their way to him.  George Montice will never forget this day.  What is your name, Lording?  Ask the little stroller presently.  Robin sits loose.  And mine is real stutley.  Shall we become, Rad?  Right, Willie.
npu-ac1000-nf	2	s61-70968/ssb15/c20	010.wav	20.00	3.452	10.950	"I'd like you, Will. You're the second Will that I have met and liked within two days.  Is there a sign in that?"  Montchichet called out for Robin to give him an arm.  "Bren," said Montchichet faintly to the rep for, "bear us escort so far as the sheriffs
npu-ac1000-nf	2	s61-70968/ssb15/c20	011.wav	20.00	3.538	11.260	It will not be safe for you to stay here now.  Pray follow us, with mine and my Lord Sheriff's men.  Nottingham Castle was reached, and admittance was demanded.  Master Momso, the Sheriff of Nottingham, was mightily put about when told of the rioting,  and Henry might return to England at any moment.
npu-ac1000-nf	2	s61-70968/ssb5/c20	000.wav	20.00	2.241	6.830	[  ]  [  ]  [  ]  [  ]
npu-ac1000-nf	2	s61-70968/ssb5/c20	001.wav	20.00	3.465	11.010	I'm trying to explain to you.  This was so easy.  And in some manner I do think she died.  But then the picture was gone and quickly everything.  And now do you hear these marbles?  Take your place and let us see what the cripple can show you.  You like to be not young anymore.
npu-ac1000-nf	2	s61-70968/ssb5/c20	002.wav	20.00	1.836	5.470	[INAUDIBLE]
npu-ac1000-nf	2	s61-70968/ssb5/c20	003.wav	20.00	3.912	12.560	We have automatic cameras.  Before them, led the scroller and the  "Skype" app was a terrifying thing.  What if the commando and the rioting  tried out the fire-soul and the  "Skype" was quite on the silver-lipot  which hung themselves?  Today, we receive their request  with the lightning-soul  to the little scroller.
npu-ac1000-nf	2	s61-70968/ssb5/c20	004.wav	20.00	3.516	11.170	And then we could play back and would have snatched your person.  I could not see my boy injured actually.  So the boys were easily able to come to the sun.  So I did push this fellow.  It was not that George came well sharply.  He turned the problem out.  She mon-used the business to this day.
npu-ac1000-nf	2	s61-70968/ssb5/c20	005.wav	20.00	4.712	14.500	I dush for my fellows of Nottingham. Surely we can submit with good grace.  I bring you to talk, old man.  But I, recklessly, and do know that he played unfairly in the second second.  [INAUDIBLE]
npu-ac1000-nf	2	s61-70968/ssb5/c20	006.wav	20.00	3.807	12.180	And it was seen you that I gave another person consolation to.  Company men, here, here, we raise this voice so louder.  The strollers took their part in it, which part of that now is they have some chance of beating off their bones.  Robin and the little tumbler between them tried to force this while he ran back.  And very valiantly did the excuse and took them from the boat.
npu-ac1000-nf	2	s61-70968/ssb5/c20	007.wav	20.00	3.488	11.090	The head and sheath of the riot, the Ottingham Accent,  has clenched their threatened multi-shows.  The fire helped to thrust them all in and entered the system.  Now, these pilot on your slide,  the captured apprentice set up an instant shout.  The pilot used main, cried multi-shows.
npu-ac1000-nf	2	s61-70968/ssb5/c20	008.wav	20.00	2.660	8.260	The  down with the black cloth  Trusting open the copper  Rushed horses  A month be shay a month be shay  And redouble their efforts and
npu-ac1000-nf	2	s61-70968/ssb5/c20	009.wav	20.00	3.322	10.560	The first I promise I will always cry, "Poffer ladies!"  George Montice will never forget this day.  What is your name, Lordy? Ask the Lord to call me.  Welcome to the city.  And mind of you of public, where do you come from?  Right, really.
npu-ac1000-nf	2	s61-70968/ssb5/c20	010.wav	20.00	4.727	14.550	I have a second will that I have met before.  But they'll find a man.  Mochiche called out to Robin to give him an arm.  He said Mochiche faintly interrupted.  bear us escort so far as a sheriff.
npu-ac1000-nf	2	s61-70968/ssb5/c20	011.wav	20.00	3.738	11.940	It would not be safe for you to stay here now.  Great follow-up. With mine and my Lord Sheriff's men.  Not again, capital retreat.  No, this is just a matter of time.  Master Monstow, the Sheriff of Nottingham,  was lightly put about when told of the rioting.  And the FHR tried to ignore that any moment.
npu-c25-nf	2	s61-70968/clean/c25	002.wav	25.00	5.947	19.510	more than one glance. He gave way to the others very readily, and retreated unperceived by  the squire in Mistress Fitzuth to the rear of the tent. "Cries of unnottingham, unnottingham!"  Before them fled the stroller and his three sons, capless and terrified. "What is that  tumult and rioting?" cried out the squire authoritatively, and he blew twice on the  silver whistle which hung at his belt.
npu-c25-nf	2	s61-70968/clean/c25	003.wav	25.00	5.869	19.240	"Nay, we've refused their request most politely. Most noble," said the little stroller.  And then they became vexed, and would have snatched your purse from us.  I could not see my boy injured excellence, for but doing his duty as one of Cumberland's  sons. So I did push this fellow.  "It is enough," said George Gamewell sharply as he turned upon the crowd.  "Shame on you, citizen."
npu-c25-nf	2	s61-70968/clean/c25	004.wav	25.00	5.633	18.420	"I blush for my fellows of Nottingham. Surely we can submit with good grace."  "It is fine for you to talk, old man," answered the lean, soloed apprentice.  "But I wrestled with this fellow, and do know that he played unfairly in the second bout,"  spoke the squire, losing all patience. "And it was to you that I gave another person consolation.  Come to me,
npu-c25-nf	2	s61-70968/clean/c25	005.wav	25.00	6.125	20.150	"Here! Here!" he raised his voice still louder. The strollers took their part in it with hearty  zest now that they had some chance of beating off their foes. Robin and the little tumbler  between them tried to force the squire to stand back, and very valiantly did these two  comport themselves. The head and chief of the riot, the Nottingham Apprentice, with  clenched fists threatened Montfichet. The squire helped to thrust them all in and entered  swiftly.
npu-c25-nf	2	s61-70968/clean/c25	006.wav	25.00	5.989	19.670	himself. "Now, be silent on your lives," he began, but the captured apprentice set up  an instant shout. "Silence, you naïve!" cried Montfichet. He felt fur and found the wizard's  black cloth. The squire was quite out of breath. Thrusting open the proper entrance of the  tent, Robin suddenly rushed forth with his burden with a great shout. "A Montfichet,  a Montfichet! Game well to the rescue!"
npu-c25-nf	2	s61-70968/clean/c25	007.wav	25.00	5.969	19.600	"Taking advantage of this, the squire's few men redoubled their efforts, and, encouraged  by Robbins and the little strollers' cries, fought their way to him.  George Montfichet will never forget this day."  "What is your name, Lording?" asked the little stroller presently.  "Robbins Fitzuth."  "And mine is Will Stutley.  Shall we become, Rads?"  "Right, Willing."
npu-c25-nf	2	s61-70968/clean/c25	008.wav	25.00	6.122	19.930	"Boringly, for between us we have won the battle," answered Robin.  "I like you, Will. You are the second Will that I have met in light within two days. Is  there a sign in that?" Montfichet called out for Robin to give him an arm.  "Friends," said Montfichet faintly to the wrestlers. "Bear us escort so far as the Sheriff's  House. It will not be safe for you to stay here now."  Pray follow
npu-c25-nf	2	s61-70968/clean/c25	009.wav	15.00	4.841	15.670	us, with mine and my Lord Sheriff's men."  Nottingham Castle was reached, and admittance was demanded.  Master Monceau, the Sheriff of Nottingham, was mightily put about when told of the rioting,  and Henry might return to England at any moment.
npu-c25-nf	2	s61-70968/ssb15/c25	000.wav	25.00	5.664	18.510	He began a confused complaint against the wizard who had vanished behind the curtain on the left.  "If not so, earneth the mind of these mummeries, child, a golden fortune and a happy life."  He was like unto my father, in a way, and yet was not my father.  Also, there was a stripping page who turned into a maid.  This was so sweet a lady, sir, and in some matters,
npu-c25-nf	2	s61-70968/ssb15/c25	001.wav	25.00	5.730	18.780	I do think she died, but then the picture was gone as quickly as it came.  Mr. Nell, do you hear these models?  Take your place and let us see what the crystal can show to you.  Who like is not young Master, though I am an old man.  Forced with all rent the opening of the tent to see what might be amiss,  but Master Will, who peaked out first, needed no help.
npu-c25-nf	2	s61-70968/ssb15/c25	002.wav	25.00	6.043	19.880	more than one glance. He gave way to the others very readily and retreated unperceived by  the squire and mistress fissued to the rear of the tent. Cryed as, "I'm nodding him! I'm  nodding him!" Before them fled the stroller and his three sons, capless and terrified.  "What is that tumult and rioting?" cried out the squire authoritatively, and he blew  twice on the sower whistle which hung at his cell.
npu-c25-nf	2	s61-70968/ssb15/c25	003.wav	25.00	5.283	17.240	We were free with their request most politely most noble that the little stronger and then they became sexed and would have snatched your purse from us I  Could not see my boy injured excellent for but doing the duty as one of Cumberland's sons  So I did push this fellow  It is enough that George game well sharply as he turned upon the crowd  shame on you citizen
npu-c25-nf	2	s61-70968/ssb15/c25	004.wav	25.00	5.474	17.880	I blush for my fellows of Nottingham. Surely we can submit with good grace.  It is fine for you to talk, old man, after the lean fellow in apprentice.  But I wrestled with his fellow and do know that he played unfairly in the second bout.  Spoke this choir losing all patience, and it was to you that I gave another person consolation.  Come to meet me.
npu-c25-nf	2	s61-70968/ssb15/c25	005.wav	25.00	6.143	20.250	"Here, here!" he raised his voice still louder.  The strollers took their part in it with party zest, now that they had some chance of beating  off their foes.  Robbiting a little tumbler between them tried to force the squire to stand back, and very  valiantly did these two comport themselves.  The head and chief of the riots in Ottingham Apprentice, with quench fists, threatened  Monteshe, the squire helped to thrust them all in and entered swiftly.
npu-c25-nf	2	s61-70968/ssb15/c25	006.wav	25.00	9.049	29.170	himself. Now be silent on your lies," he began, but the captured apprentice set up an instant  shout. "Silence, you naïve," cried Montbichet. He felt firm, found the wizard's black cloth.  The squire was quite out of breath. Thrusting opened the proper entrance of the tent. Robin  suddenly rushed forth with his burden with a great shout. "A Montbichet, a Montbichet,  He will to the rescue.
npu-c25-nf	2	s61-70968/ssb15/c25	007.wav	25.00	7.904	26.370	Taking advantage of this, the Squires' few men redoubled their efforts and, encouraged  by Robbins and the little stroller's cries, fought their way to him.  George Montchichet will never forget this day.  What is your name, Lording?  Ask the little stroller presently.  Robbins is his youth.  And mine is Will Stutley.  Shall we become, Rad?  Right, Willingham.  I'm going to be a little stuttered.  I'm going to be a little stuttered.  I'm going to be a little stuttered.  I'm going to be a little stuttered.  I'm going to be a little stuttered.  I'm going to be a little stuttered.
npu-c25-nf	2	s61-70968/ssb15/c25	008.wav	25.00	5.655	18.500	"I'd like you, Will. You're the second Will that I have met and liked within two days.  Is there a sign in that?"  Montchichet called out for Robin to give him an arm.  "Bren," said Montchichet faintly to the rest of her, "bear us escort so far as a sheriff's  house. It will not be safe for you to stay here now. Pray follow us."
npu-c25-nf	2	s61-70968/ssb15/c25	009.wav	15.00	4.717	15.250	with mine and my Lord Sheriff's men.  Nottingham Castle was reached and admittance was demanded.  Master Momso, the Sheriff of Nottingham, was mightily put about when told of the rioting,  and Henry might return to England at any moment.
npu-c25-nf	2	s61-70968/ssb5/c25	000.wav	25.00	4.190	13.390	[  [  ]  [  ]  [  ]  [  ]  [  ]  [  ]  [
npu-c25-nf	2	s61-70968/ssb5/c25	001.wav	25.00	5.539	18.130	I do think she got it.  But then the picture was gone and quickly everything.  And now do you hear these models taking off face?  And let us know in the description.  You like to be not young like them.  You're not a good man.  What's this moment that you're going to have to see what might be in there?  The master will be used out first.
npu-c25-nf	2	s61-70968/ssb5/c25	002.wav	25.00	8.318	27.810	He gave way to the other dead men and was treated by the choir in the strictest way  ever.  He cried, "I'm not in him!  I'm not in him!"  Before them, Tled's shoulder and his hand, "Apollot is terrified!"  "What is that comment?"  "Writing!"  cried out the choir, "I'm not in him!"  And he was quite on the silver lip of which he hung himself.  "I'm not in him!"  "I'm not in him!"  "I'm not in him!"  "I'm not in him!"  "I'm not in him!"  "I'm not in him!"  "I'm not in him!"  "I'm not in him!"  "I'm not in him!"  "I'm not in him!"
npu-c25-nf	2	s61-70968/ssb5/c25	003.wav	25.00	5.892	19.340	We received their request, most likely,  so renewable, said the little stronger.  And then we would say, "That, and would have snatched your person."  I could not see my boy injured, actually,  so the boys and the youth would want to come to a gun.  So I did push this fellow.  It is not that George came well sharply  and returned to the top of the cloud.  She monkew for the children.
npu-c25-nf	2	s61-70968/ssb5/c25	004.wav	25.00	5.396	17.610	I dush for my fellows of Nottingham. Surely we can submit with good grace.  I would bring you to talk, old man.  But I, recklessly, do know that he played unfairly in the second second.  He broke his file and used it all patiently.  And it was the you that I gave another person consolation.  Come to me, my friend.
npu-c25-nf	2	s61-70968/ssb5/c25	005.wav	25.00	6.221	20.480	"Here, here!" he raised his voice so louder.  The strollers took their part in it, which part of that town as they had some chance of beating off their bones.  Robin and the little tumbler between them tried to force his wife and man back,  and very valiantly did the ashove important work.  The head and sheaf of the wife, the Ottingham family,  was clenched stiff, threatened, won't be shut.  The choir helped to thrust them all in and entered the school.
npu-c25-nf	2	s61-70968/ssb5/c25	006.wav	25.00	6.069	19.960	Now, East Violet, on your slide,  the captured offenders set up an instant shout.  Violet, you may be described as a shaman.  You must burn down the wishes of Black Claw.  It's wise to point your hand at them.  Thrusting open the proper entrance of the night,  Robin suddenly rushed forth with his burden  with a great shout.  A monty shay, a monty shay!  He will to the rest of you!
npu-c25-nf	2	s61-70968/ssb5/c25	007.wav	25.00	5.466	17.870	Here we go.  Taking advantage of the required human redoubled their efforts and encouraged by Ronald and  the school of pride, offer leisure.  George Montuchet will never forget this day.  What is your name, Lordy?  Ask the Lord his name.  Welcome to the school.  And mind a little lovely.  Welcome to the compound.  Right, really.
npu-c25-nf	2	s61-70968/ssb5/c25	008.wav	25.00	26.123	86.080	[  [  [  [  [  [  [  [  [  [  [  [  [  [  [  [  [  [  [  [  [  [  [  [  [  [  [  [  [  [  [  [  [  [  [  [  [  [  [  [  [  [  [  [  [  [  [  [  [  [  [  [  [  [  [  [  [  [  [  [  [  [  [  [  [  [  [  [  [  [  [  [  [  [  [  [  [  [  [  [  [  [  [  [  [  [  [  [  [  [  [  [  [  [  [  [  [  [  [  [  [  [  [  [  [  [  [  [  [  [  [  [  [  [  [  [  [  [  [  [  [  [  [  [  [  [  [  [  [  [  [  [  [  [  [  [  [  [  [  [  [  [  [  [  [  [  [  [  [  [  [BLANK_AUDIO]
npu-c25-nf	2	s61-70968/ssb5/c25	009.wav	15.00	4.722	15.320	with mine and my royal sheriff men.  Not again capital would be  an existence of the mountain.  Master Montel, the sheriff of Nottingham,  was lightly put about when told of the rioting.  And I was trying to ignore that any moment.
npu-c25	2	s61-70968/clean/c25	002.wav	25.00	5.939	19.490	more than one glance. He gave way to the others very readily, and retreated unperceived by  the squire in Mistress Fitzuth to the rear of the tent. "Cries of unnottingham, unnottingham!"  Before them fled the stroller and his three sons, capless and terrified. "What is that  tumult and rioting?" cried out the squire authoritatively, and he blew twice on the  silver whistle which hung at his belt.
npu-c25	2	s61-70968/clean/c25	003.wav	25.00	5.851	19.210	"Nay, we've refused their request most politely. Most noble," said the little stroller.  And then they became vexed, and would have snatched your purse from us.  I could not see my boy injured excellence, for but doing his duty as one of Cumberland's  sons. So I did push this fellow.  "It is enough," said George Gamewell sharply as he turned upon the crowd.  "Shame on you, citizen."
npu-c25	2	s61-70968/clean/c25	004.wav	25.00	5.624	18.390	"I blush for my fellows of Nottingham. Surely we can submit with good grace."  "It is fine for you to talk, old man," answered the lean, soloed apprentice.  "But I wrestled with this fellow, and do know that he played unfairly in the second bout,"  spoke the squire, losing all patience. "And it was to you that I gave another person consolation.  Come to me,
npu-c25	2	s61-70968/clean/c25	005.wav	25.00	6.137	20.120	"Here! Here!" he raised his voice still louder. The strollers took their part in it with hearty  zest now that they had some chance of beating off their foes. Robin and the little tumbler  between them tried to force the squire to stand back, and very valiantly did these two  comport themselves. The head and chief of the riot, the Nottingham Apprentice, with  clenched fists threatened Montfichet. The squire helped to thrust them all in and entered  swiftly.
npu-c25	2	s61-70968/clean/c25	006.wav	25.00	5.988	19.670	himself. "Now, be silent on your lives," he began, but the captured apprentice set up  an instant shout. "Silence, you naïve!" cried Montfichet. He felt fur and found the wizard's  black cloth. The squire was quite out of breath. Thrusting open the proper entrance of the  tent, Robin suddenly rushed forth with his burden with a great shout. "A Montfichet,  a Montfichet! Game well to the rescue!"
npu-c25	2	s61-70968/clean/c25	007.wav	25.00	5.973	19.580	"Taking advantage of this, the squire's few men redoubled their efforts, and, encouraged  by Robbins and the little strollers' cries, fought their way to him.  George Montfichet will never forget this day."  "What is your name, Lording?" asked the little stroller presently.  "Robbins Fitzuth."  "And mine is Will Stutley.  Shall we become, Rads?"  "Right, Willing."
npu-c25	2	s61-70968/clean/c25	008.wav	25.00	6.092	19.950	"Boringly, for between us we have won the battle," answered Robin.  "I like you, Will. You are the second Will that I have met in light within two days. Is  there a sign in that?" Montfichet called out for Robin to give him an arm.  "Friends," said Montfichet faintly to the wrestlers. "Bear us escort so far as the Sheriff's  House. It will not be safe for you to stay here now."  Pray follow
npu-c25	2	s61-70968/clean/c25	009.wav	15.00	4.828	15.640	us, with mine and my Lord Sheriff's men."  Nottingham Castle was reached, and admittance was demanded.  Master Monceau, the Sheriff of Nottingham, was mightily put about when told of the rioting,  and Henry might return to England at any moment.
npu-c25	2	s61-70968/ssb15/c25	000.wav	25.00	5.668	18.480	He began a confused complaint against the wizard who had vanished behind the curtain on the left.  "If not so, earneth the mind of these mummeries, child, a golden fortune and a happy life."  He was like unto my father, in a way, and yet was not my father.  Also, there was a stripping page who turned into a maid.  This was so sweet a lady, sir, and in some matters,
npu-c25	2	s61-70968/ssb15/c25	001.wav	25.00	5.731	18.770	I do think she died, but then the picture was gone as quickly as it came.  Mr. Nell, do you hear these models?  Take your place and let us see what the crystal can show to you.  Who like is not young Master, though I am an old man.  Forced with all rent the opening of the tent to see what might be amiss,  but Master Will, who peaked out first, needed no help.
npu-c25	2	s61-70968/ssb15/c25	002.wav	25.00	6.045	19.840	more than one glance. He gave way to the others very readily and retreated unperceived by  the squire and mistress fissued to the rear of the tent. Cryed as, "I'm nodding him! I'm  nodding him!" Before them fled the stroller and his three sons, capless and terrified.  "What is that tumult and rioting?" cried out the squire authoritatively, and he blew  twice on the sower whistle which hung at his cell.
npu-c25	2	s61-70968/ssb15/c25	003.wav	25.00	5.287	17.220	We were free with their request most politely most noble that the little stronger and then they became sexed and would have snatched your purse from us I  Could not see my boy injured excellent for but doing the duty as one of Cumberland's sons  So I did push this fellow  It is enough that George game well sharply as he turned upon the crowd  shame on you citizen
npu-c25	2	s61-70968/ssb15/c25	004.wav	25.00	5.461	17.850	I blush for my fellows of Nottingham. Surely we can submit with good grace.  It is fine for you to talk, old man, after the lean fellow in apprentice.  But I wrestled with his fellow and do know that he played unfairly in the second bout.  Spoke this choir losing all patience, and it was to you that I gave another person consolation.  Come to meet me.
npu-c25	2	s61-70968/ssb15/c25	005.wav	25.00	6.153	20.210	"Here, here!" he raised his voice still louder.  The strollers took their part in it with party zest, now that they had some chance of beating  off their foes.  Robbiting a little tumbler between them tried to force the squire to stand back, and very  valiantly did these two comport themselves.  The head and chief of the riots in Ottingham Apprentice, with quench fists, threatened  Monteshe, the squire helped to thrust them all in and entered swiftly.
npu-c25	2	s61-70968/ssb15/c25	006.wav	25.00	9.027	29.100	himself. Now be silent on your lies," he began, but the captured apprentice set up an instant  shout. "Silence, you naïve," cried Montbichet. He felt firm, found the wizard's black cloth.  The squire was quite out of breath. Thrusting opened the proper entrance of the tent. Robin  suddenly rushed forth with his burden with a great shout. "A Montbichet, a Montbichet,  He will to the rescue.
npu-c25	2	s61-70968/ssb15/c25	007.wav	25.00	7.899	26.330	Taking advantage of this, the Squires' few men redoubled their efforts and, encouraged  by Robbins and the little stroller's cries, fought their way to him.  George Montchichet will never forget this day.  What is your name, Lording?  Ask the little stroller presently.  Robbins is his youth.  And mine is Will Stutley.  Shall we become, Rad?  Right, Willingham.  I'm going to be a little stuttered.  I'm going to be a little stuttered.  I'm going to be a little stuttered.  I'm going to be a little stuttered.  I'm going to be a little stuttered.  I'm going to be a little stuttered.
npu-c25	2	s61-70968/ssb15/c25	008.wav	25.00	5.656	18.490	"I'd like you, Will. You're the second Will that I have met and liked within two days.  Is there a sign in that?"  Montchichet called out for Robin to give him an arm.  "Bren," said Montchichet faintly to the rest of her, "bear us escort so far as a sheriff's  house. It will not be safe for you to stay here now. Pray follow us."
npu-c25	2	s61-70968/ssb15/c25	009.wav	15.00	4.699	15.200	with mine and my Lord Sheriff's men.  Nottingham Castle was reached and admittance was demanded.  Master Momso, the Sheriff of Nottingham, was mightily put about when told of the rioting,  and Henry might return to England at any moment.
npu-c25	2	s61-70968/ssb5/c25	000.wav	25.00	4.179	13.370	[  [  ]  [  ]  [  ]  [  ]  [  ]  [  ]  [
npu-c25	2	s61-70968/ssb5/c25	001.wav	25.00	5.539	18.120	I do think she got it.  But then the picture was gone and quickly everything.  And now do you hear these models taking off face?  And let us know in the description.  You like to be not young like them.  You're not a good man.  What's this moment that you're going to have to see what might be in there?  The master will be used out first.
npu-c25	2	s61-70968/ssb5/c25	002.wav	25.00	15.564	52.160	He gave way to the other dead men who were treated by the choir in the strictest conditions of the year. He cried, "I'm not in him! I'm not in him!" Before them, Tled's shoulder and his hand, Apple said, "Terrified!"  [Ambient audio]
npu-c25	2	s61-70968/ssb5/c25	003.wav	25.00	5.898	19.310	We received their request, most likely,  so renewable, said the little stronger.  And then we would say, "That, and would have snatched your person."  I could not see my boy injured, actually,  so the boys and the youth would want to come to a gun.  So I did push this fellow.  It is not that George came well sharply  and returned to the top of the cloud.  She monkew for the children.
npu-c25	2	s61-70968/ssb5/c25	004.wav	25.00	5.408	17.600	I dush for my fellows of Nottingham. Surely we can submit with good grace.  I would bring you to talk, old man.  But I, recklessly, do know that he played unfairly in the second second.  He broke his file and used it all patiently.  And it was the you that I gave another person consolation.  Come to me, my friend.
npu-c25	2	s61-70968/ssb5/c25	005.wav	25.00	6.222	20.490	"Here, here!" he raised his voice so louder.  The strollers took their part in it, which part of that town as they had some chance of beating off their bones.  Robin and the little tumbler between them tried to force his wife and man back,  and very valiantly did the ashove important work.  The head and sheaf of the wife, the Ottingham family,  was clenched stiff, threatened, won't be shut.  The choir helped to thrust them all in and entered the school.
npu-c25	2	s61-70968/ssb5/c25	006.wav	25.00	6.120	19.930	Now, East Violet, on your slide,  the captured offenders set up an instant shout.  Violet, you may be described as a shaman.  You must burn down the wishes of Black Claw.  It's wise to point your hand at them.  Thrusting open the proper entrance of the night,  Robin suddenly rushed forth with his burden  with a great shout.  A monty shay, a monty shay!  He will to the rest of you!
npu-c25	2	s61-70968/ssb5/c25	007.wav	25.00	5.472	17.870	Here we go.  Taking advantage of the required human redoubled their efforts and encouraged by Ronald and  the school of pride, offer leisure.  George Montuchet will never forget this day.  What is your name, Lordy?  Ask the Lord his name.  Welcome to the school.  And mind a little lovely.  Welcome to the compound.  Right, really.
npu-c25	2	s61-70968/ssb5/c25	008.wav	25.00	10.339	34.690	Please, sir, become a priest and run the battle, after Robin.  I like the will. You're the second will that I have met.  I think it's a good thing. But they'll find a man.  The Monty Shae called out to Robin to give him an order.  The Grand Monty Shae faithfully interrupted.  There has been court so far as a sheriff has.  It would not be safe for you to stay here now.  Great follow-up.
npu-c25	2	s61-70968/ssb5/c25	009.wav	15.00	4.731	15.290	with mine and my royal sheriff men.  Not again capital would be  an existence of the mountain.  Master Montel, the sheriff of Nottingham,  was lightly put about when told of the rioting.  And I was trying to ignore that any moment.
npu-nf	2	s61-70968/clean/c20	002.wav	20.00	6.251	20.640	Master, though I am an old man.  Fourth Whith all ran to the opening of the tent to see what might be amiss, but Master  Will, who peeped out first, needed no more than one glance.  He gave way to the others very readily and retreated unperceived by the squire in Mistress  Fitzuth to the rear of the tent.  Cries of a knotting-grabbing, a knotting-grabbing, a knotting-grabbing, a knotting-grabbing,
npu-nf	2	s61-70968/clean/c20	003.wav	20.00	5.314	17.350	him, unknotting him! Before them fled the stroller and his three sons, capless and terrified.  "What is that tumult and rioting?" cried out the squire authoritatively, and he blew  twice on the silver whistle which hung at his belt.  "Nay, we refuse their request most politely. Most noble," said the little stroller.
npu-nf	2	s61-70968/clean/c20	004.wav	20.00	5.161	16.840	And then they became vexed and would have snatched your purse from us.  I could not see my boy injured excellence for but doing his duty as one of Cumberland's sons.  So I did push this fellow.  "It is enough," said George Gamewell sharply as he turned upon the crowd.  "Shame on you, citizen."
npu-nf	2	s61-70968/clean/c20	005.wav	20.00	5.263	17.170	sins," cried he. "I blush for my fellows of Nottingham. Surely we can submit with good  grace."  "It is fine for you to talk, old man," answered the lean, sullen apprentice. "But I wrestled  with this fellow, and do know that he played unfairly in the second bout," spoke the squire  losing all patience.
npu-nf	2	s61-70968/clean/c20	006.wav	20.00	5.577	18.290	"And it was to you that I gave another person consolation!"  "Come to me, men. Here, here!" he raised his voice still louder.  The strollers took their part in it with hearty zest, now that they had some chance of beating  off their foes.  Robin and the little tumbler between them tried to force the squire to stand back, and  very valiantly did these two comply.
npu-nf	2	s61-70968/clean/c20	007.wav	20.00	5.288	17.280	themselves. The head and chief of the riot, the Nottingham  apprentice, with clenched fists threatened Montfichet. The squire helped to thrust them  all in and entered swiftly himself. "Now, be silent on your lives," he began, but the  captured apprentice set up an instant shout. "Silence, you naïve," cried Montfichet.
npu-nf	2	s61-70968/clean/c20	008.wav	20.00	5.420	17.730	He felt fur and found the wizard's black cloth. The squire was quite out of breath.  Thrusting open the proper entrance of the tent, Robin suddenly rushed forth with his burden,  with a great shout, "A month viché, a month viché! Game well to the rescue!"  Taking advantage of this, the squire's few men redoubled their efforts, and,
npu-nf	2	s61-70968/clean/c20	009.wav	20.00	5.269	17.220	encouraged by Robbins and the little strollers' cries, fought their way to him. George Montfichet  will never forget this day.  "What is your name, Lording?" asked the little stroller presently.  "Robin Fitzsouf. And mine is Will Stutley. Shall we become, Rads?"  "Right, Willing."
npu-nf	2	s61-70968/clean/c20	010.wav	20.00	5.037	16.390	"I like you, Will. You are the second Will that I have met in light within two days. Is  there a sign in that?" Montfichet called out for Robin to give him an arm.  "Friends," said Montfichet faintly to the wrestlers. "Bear us escort so far as the sheriffs
npu-nf	2	s61-70968/clean/c20	011.wav	20.00	5.289	17.290	house. It will not be safe for you to stay here now. Pray follow us, with mine and my  Lord Sheriff's men."  Nottingham Castle was reached, and admittance was demanded. Master Monceau, the Sheriff  of Nottingham, was mightily put about when told of the rioting, and Henry might return  to England at any moment.
npu-nf	2	s61-70968/ssb15/c20	000.wav	20.00	5.103	16.560	He began a confused complaint against the wizard who had vanished behind the curtain on the left.  "If not so, earneth the mind of these mummeries, child, a golden fortune and a happy life."  He was like unto my father, in a way, and yet was not my father.  Also, there was a stripping page,
npu-nf	2	s61-70968/ssb15/c20	001.wav	20.00	5.029	16.400	returned it to her maid. This was so sweet of Lady Sir, and in some manner I do think  she died. But then the picture was gone as quickly as it came. Mr. Nell, do you hear  these marbles? Take your place and let us see what the crystal can show to you. Like  if not young.
npu-nf	2	s61-70968/ssb15/c20	002.wav	20.00	5.602	18.360	Master, though I am an old man.  Force Whist all ran to the opening of the tent to see what might be amiss, but Master  Will, who peaked out first, needed no more than one glance.  He gave way to the others very readily and retreated unperceived by the squire and mistress  Bidsooth to the rear of the tent.  Cry the—I'm not a ghost!
npu-nf	2	s61-70968/ssb15/c20	003.wav	20.00	5.311	17.360	him, unknotting him. Before them fled the stroller and his three sons, capless and terrified.  "What is that tumult and rioting?" cried out the squire authoritatively, and he blew  twice on the silver whistle which hung at his cell. "Nay, we refuse their request most  politely, most noble," said the little stroller.
npu-nf	2	s61-70968/ssb15/c20	004.wav	20.00	5.130	16.730	and then they became vexed and would have snatched your purse from us.  I could not see my boy injured at once,  for by doing the duty of one of Cumberland's sons.  So I did push this fellow.  It is enough that George came well sharply as he turned upon the crowd.  Shame on you citizen!
npu-nf	2	s61-70968/ssb15/c20	005.wav	20.00	4.952	16.120	I blush for my fellows of Nottingham. Surely we can submit with good grace.  It is fine for you to talk, old man, answer the lean fellow in apprentice.  But I wrestled with his fellow and do know that he played unfairly in the second bout.  Spoke the squire losing all patience.
npu-nf	2	s61-70968/ssb15/c20	006.wav	20.00	5.603	18.360	And it was to you that I gave another person consolation.  "Come to me, men. Here, here!" he raised his voice still louder.  The strollers took their part in it with hearty zest, now that they had some chance of beating off their foes.  Robbiting a little tumbler between them, tried to force the squire to stand back,  and very valiantly did these two from the back.
npu-nf	2	s61-70968/ssb15/c20	007.wav	20.00	5.286	17.280	The head and chief of the riots in Ottingham Apprentice, with quench fists, threatened Mont-Pichet.  The squire helped to thrust them all in and entered swiftly himself.  "Now be silent on your lies," he began, but the captured apprentice set up an instant shout.  "Silence, you naïve," cried Mont-Pichet.
npu-nf	2	s61-70968/ssb15/c20	008.wav	20.00	5.439	17.830	He felt for and found the wizard's black claw.  The squire was quite out of breath.  Thrusting opened the proper entrance of the tent.  Robin suddenly rushed forth with his burden with a great shout.  "A must be shea! A must be shea! Game well to the rescue!"  Taking advantage of this, the squire's few men redoubled their efforts and...
npu-nf	2	s61-70968/ssb15/c20	009.wav	20.00	5.105	16.660	encouraged by Robin from the little stroller's drive, fought their way to him. George Montchichet  will never forget this day. "What is your name, Lording?" asked the little stroller presently.  "Robin is a thief, and mine is real stutley. Shall we become rats?"  "Right, Willing."
npu-nf	2	s61-70968/ssb15/c20	010.wav	20.00	5.078	16.550	"I'd like you, Will. You're the second Will that I have met and liked within two days.  Is there a sign in that?"  Monty Shea called out for Robin to give him an arm.  "Bren," said Monty Shea faintly to the rep for, "bear us escort so far as the sheriff's
npu-nf	2	s61-70968/ssb15/c20	011.wav	20.00	5.161	16.830	It will not be safe for you to stay here now.  Pray follow us, with mine and my Lord Sheriff's men.  Nottingham Castle was reached and admittance was demanded.  Master Momso, the Sheriff of Nottingham, was mightily put about when told of the rioting,  and Henry might return to England at any moment.
npu-nf	2	s61-70968/ssb5/c20	000.wav	20.00	3.928	12.520	[  [  ]  [  ]  [  ]  [  ]  [  ]
npu-nf	2	s61-70968/ssb5/c20	001.wav	20.00	3.306	10.410	(Multiple voices)
npu-nf	2	s61-70968/ssb5/c20	002.wav	20.00	4.678	15.220	[  [  ]  [  ]  [  ]  [  ]  [  ]  [  ]  [  ]  [  ]  [  ]  [  ]
npu-nf	2	s61-70968/ssb5/c20	003.wav	20.00	5.498	18.010	We have automatic cameras.  Before them, led the scroller to the ground.  That was a terrifying sight.  We wondered if they'd come at them.  Why, it ain't tried out the fire.  So, we did it.  We tried to find them.  We were free with their request.  Look, the light was so renewable.  That the little scroller...
npu-nf	2	s61-70968/ssb5/c20	004.wav	20.00	5.136	16.730	And then we could play back and would have snatched your person on you.  I could not see my boy injured actually, so the boys were easily able to come to the sun.  So I did push this fellow.  It was a mess.  That George Gaines well sharply turned the problem out.  She monkeying for the sun.
npu-nf	2	s61-70968/ssb5/c20	005.wav	20.00	4.746	15.400	I dush for my fellows of Nottingham. Surely we can submit with good grace.  I bring you to talk, old man.  But I, recklessly, do know that he played unfairly in the second second.  So, this while, I'm using all patience.
npu-nf	2	s61-70968/ssb5/c20	006.wav	20.00	5.383	17.550	And it was seen here that I gave another person consolation.  Company men, here, here!  We raised the voice so louder.  The strollers took their part in the department desk  now that they had some chance of beating off their bones.  Robin and the little tumbler between them  tried to force his wife to turn back.  And very valiantly did the excuse
npu-nf	2	s61-70968/ssb5/c20	007.wav	20.00	4.948	16.110	The head and sheep of the riot may not have ascended, but French stiff threatened Montuchel.  The fire helped to thrust them all in and entered Ciccer's farm.  Now, these pilot on your slide, the captured offenders set up an instant shout.  The pilot used mainly to cry Montuchel.
npu-nf	2	s61-70968/ssb5/c20	008.wav	20.00	3.886	12.250	[  ]  [  ]  [  ]  [  ]  [  ]
npu-nf	2	s61-70968/ssb5/c20	009.wav	20.00	4.120	13.240	[  [  [  [ ]  [ ]  [ ]  [ ]  [ ]  [ ]  [ ]  [ ]
npu-nf	2	s61-70968/ssb5/c20	010.wav	20.00	5.605	18.420	[  [  [  [  [  [  [  [  [  [  [  [  [  [  [  [  [  [  [  [  [  [  [  [  [  [  [  [  [  [  [  [  [
npu-nf	2	s61-70968/ssb5/c20	011.wav	20.00	5.382	17.620	It would not be safe for you to stay here now.  Great follow-up. With mine and my Lord Sheriff's men.  Not again, Capitol retreat.  No, this is just a matter of time.  Master Monstow, the Sheriff of Nottingham,  was lightly put about when told of the rioting.  And I'm not trying to ignore that any longer.
npu	2	s61-70968/clean/c20	002.wav	20.00	17.021	56.140	Master, though I am an old man. Fourth Whith all ran to the opening of the tent to see  what might be amiss, but Master Will, who peeped out first, needed no more than one glance.  He gave way to the others very readily and retreated unperceived by the squire in Mistress  fits ooth to the rear of the tent.  Cries of a knotting
npu	2	s61-70968/clean/c20	003.wav	20.00	5.356	17.430	him, unknotting him! Before them fled the stroller and his three sons, capless and terrified.  "What is that tumult and rioting?" cried out the squire authoritatively, and he blew  twice on the silver whistle which hung at his belt.  "Nay, we refuse their request most politely. Most noble," said the little stroller.
npu	2	s61-70968/clean/c20	004.wav	20.00	5.204	16.880	And then they became vexed and would have snatched your purse from us.  I could not see my boy injured excellence for but doing his duty as one of Cumberland's sons.  So I did push this fellow.  "It is enough," said George Gamewell sharply as he turned upon the crowd.  "Shame on you, citizen."
npu	2	s61-70968/clean/c20	005.wav	20.00	5.304	17.250	sins," cried he. "I blush for my fellows of Nottingham. Surely we can submit with good  grace."  "It is fine for you to talk, old man," answered the lean, sullen apprentice. "But I wrestled  with this fellow, and do know that he played unfairly in the second bout," spoke the squire  losing all patience.
npu	2	s61-70968/clean/c20	006.wav	20.00	5.614	18.310	"And it was to you that I gave another person consolation!"  "Come to me, men. Here, here!" he raised his voice still louder.  The strollers took their part in it with hearty zest, now that they had some chance of beating  off their foes.  Robin and the little tumbler between them tried to force the squire to stand back, and  very valiantly did these two comply.
npu	2	s61-70968/clean/c20	007.wav	20.00	5.329	17.360	themselves. The head and chief of the riot, the Nottingham  apprentice, with clenched fists threatened Montfichet. The squire helped to thrust them  all in and entered swiftly himself. "Now, be silent on your lives," he began, but the  captured apprentice set up an instant shout. "Silence, you naïve," cried Montfichet.
npu	2	s61-70968/clean/c20	008.wav	20.00	5.473	17.800	He felt fur and found the wizard's black cloth. The squire was quite out of breath.  Thrusting open the proper entrance of the tent, Robin suddenly rushed forth with his burden,  with a great shout, "A month viché, a month viché! Game well to the rescue!"  Taking advantage of this, the squire's few men redoubled their efforts, and,
npu	2	s61-70968/clean/c20	009.wav	20.00	5.359	17.250	encouraged by Robbins and the little strollers' cries, fought their way to him. George Montfichet  will never forget this day.  "What is your name, Lording?" asked the little stroller presently.  "Robin Fitzsouf. And mine is Will Stutley. Shall we become, Rads?"  "Right, Willing."
npu	2	s61-70968/clean/c20	010.wav	20.00	5.085	16.460	"I like you, Will. You are the second Will that I have met in light within two days. Is  there a sign in that?" Montfichet called out for Robin to give him an arm.  "Friends," said Montfichet faintly to the wrestlers. "Bear us escort so far as the sheriffs
npu	2	s61-70968/clean/c20	011.wav	20.00	5.326	17.340	house. It will not be safe for you to stay here now. Pray follow us, with mine and my  Lord Sheriff's men."  Nottingham Castle was reached, and admittance was demanded. Master Monceau, the Sheriff  of Nottingham, was mightily put about when told of the rioting, and Henry might return  to England at any moment.
npu	2	s61-70968/ssb15/c20	000.wav	20.00	5.136	16.610	He began a confused complaint against the wizard who had vanished behind the curtain on the left.  "If not so, earneth the mind of these mummeries, child, a golden fortune and a happy life."  He was like unto my father, in a way, and yet was not my father.  Also, there was a stripping page,
npu	2	s61-70968/ssb15/c20	001.wav	20.00	5.071	16.440	returned it to her maid. This was so sweet of Lady Sir, and in some manner I do think  she died. But then the picture was gone as quickly as it came. Mr. Nell, do you hear  these marbles? Take your place and let us see what the crystal can show to you. Like  if not young.
npu	2	s61-70968/ssb15/c20	002.wav	20.00	5.655	18.430	Master, though I am an old man.  Force Whist all ran to the opening of the tent to see what might be amiss, but Master  Will, who peaked out first, needed no more than one glance.  He gave way to the others very readily and retreated unperceived by the squire and mistress  Bidsooth to the rear of the tent.  Cry the—I'm not a ghost!
npu	2	s61-70968/ssb15/c20	003.wav	20.00	5.356	17.420	him, unknotting him. Before them fled the stroller and his three sons, capless and terrified.  "What is that tumult and rioting?" cried out the squire authoritatively, and he blew  twice on the silver whistle which hung at his cell. "Nay, we refuse their request most  politely, most noble," said the little stroller.
npu	2	s61-70968/ssb15/c20	004.wav	20.00	5.173	16.770	and then they became vexed and would have snatched your purse from us.  I could not see my boy injured at once,  for by doing the duty of one of Cumberland's sons.  So I did push this fellow.  It is enough that George came well sharply as he turned upon the crowd.  Shame on you citizen!
npu	2	s61-70968/ssb15/c20	005.wav	20.00	4.984	16.160	I blush for my fellows of Nottingham. Surely we can submit with good grace.  It is fine for you to talk, old man, answer the lean fellow in apprentice.  But I wrestled with his fellow and do know that he played unfairly in the second bout.  Spoke the squire losing all patience.
npu	2	s61-70968/ssb15/c20	006.wav	20.00	5.653	18.440	And it was to you that I gave another person consolation.  "Come to me, men. Here, here!" he raised his voice still louder.  The strollers took their part in it with hearty zest, now that they had some chance of beating off their foes.  Robbiting a little tumbler between them, tried to force the squire to stand back,  and very valiantly did these two from the back.
npu	2	s61-70968/ssb15/c20	007.wav	20.00	5.327	17.310	The head and chief of the riots in Ottingham Apprentice, with quench fists, threatened Mont-Pichet.  The squire helped to thrust them all in and entered swiftly himself.  "Now be silent on your lies," he began, but the captured apprentice set up an instant shout.  "Silence, you naïve," cried Mont-Pichet.
npu	2	s61-70968/ssb15/c20	008.wav	20.00	5.489	17.880	He felt for and found the wizard's black claw.  The squire was quite out of breath.  Thrusting opened the proper entrance of the tent.  Robin suddenly rushed forth with his burden with a great shout.  "A must be shea! A must be shea! Game well to the rescue!"  Taking advantage of this, the squire's few men redoubled their efforts and...
npu	2	s61-70968/ssb15/c20	009.wav	20.00	5.158	16.710	encouraged by Robin from the little stroller's drive, fought their way to him. George Montchichet  will never forget this day. "What is your name, Lording?" asked the little stroller presently.  "Robin is a thief, and mine is real stutley. Shall we become rats?"  "Right, Willing."
npu	2	s61-70968/ssb15/c20	010.wav	20.00	5.120	16.610	"I'd like you, Will. You're the second Will that I have met and liked within two days.  Is there a sign in that?"  Monty Shea called out for Robin to give him an arm.  "Bren," said Monty Shea faintly to the rep for, "bear us escort so far as the sheriff's
npu	2	s61-70968/ssb15/c20	011.wav	20.00	5.250	16.880	It will not be safe for you to stay here now.  Pray follow us, with mine and my Lord Sheriff's men.  Nottingham Castle was reached and admittance was demanded.  Master Momso, the Sheriff of Nottingham, was mightily put about when told of the rioting,  and Henry might return to England at any moment.
npu	2	s61-70968/ssb5/c20	000.wav	20.00	3.956	12.560	[  [  ]  [  ]  [  ]  [  ]  [  ]
npu	2	s61-70968/ssb5/c20	001.wav	20.00	5.589	18.380	I'm trying to figure this out. This was so easy. And somehow I do think she died. But then the picture has gone and quickly everything.  And now do you hear these marbles? Take your place and let us hear the cripple's mission. Like if not young.
npu	2	s61-70968/ssb5/c20	002.wav	20.00	4.722	15.260	[  [  ]  [  ]  [  ]  [  ]  [  ]  [  ]  [  ]  [  ]  [  ]  [  ]
npu	2	s61-70968/ssb5/c20	003.wav	20.00	5.531	18.060	We have automatic cameras.  Before them, led the scroller to the ground.  That was a terrifying sight.  We wondered if they'd come at them.  Why, it ain't tried out the fire.  So, we did it.  We tried to find them.  We were free with their request.  Look, the light was so renewable.  That the little scroller...
npu	2	s61-70968/ssb5/c20	004.wav	20.00	5.179	16.790	And then we could play back and would have snatched your person on you.  I could not see my boy injured actually, so the boys were easily able to come to the sun.  So I did push this fellow.  It was a mess.  That George Gaines well sharply turned the problem out.  She monkeying for the sun.
npu	2	s61-70968/ssb5/c20	005.wav	20.00	4.833	15.440	I dush for my fellows of Nottingham. Surely we can submit with good grace.  I bring you to talk, old man.  But I, recklessly, do know that he played unfairly in the second second.  So, this while, I'm using all patience.
npu	2	s61-70968/ssb5/c20	006.wav	20.00	5.400	17.600	And it was seen here that I gave another person consolation.  Company men, here, here!  We raised the voice so louder.  The strollers took their part in the department desk  now that they had some chance of beating off their bones.  Robin and the little tumbler between them  tried to force his wife to turn back.  And very valiantly did the excuse
npu	2	s61-70968/ssb5/c20	007.wav	20.00	4.986	16.170	The head and sheep of the riot may not have ascended, but French stiff threatened Montuchel.  The fire helped to thrust them all in and entered Ciccer's farm.  Now, these pilot on your slide, the captured offenders set up an instant shout.  The pilot used mainly to cry Montuchel.
npu	2	s61-70968/ssb5/c20	008.wav	20.00	3.868	12.310	[  ]  [  ]  [  ]  [  ]  [  ]
npu	2	s61-70968/ssb5/c20	009.wav	20.00	6.129	20.080	First I want to go to school with pride, awful as it is. George Montice will never forget this day.  What is your name, Lordy? Ask the Lord to come.  Welcome to the future.  And mind if you'll step away, so that he can come back.  Right, Lordy.
npu	2	s61-70968/ssb5/c20	010.wav	20.00	5.971	19.550	[Multiple voices]
npu	2	s61-70968/ssb5/c20	011.wav	20.00	5.437	17.700	It would not be safe for you to stay here now.  Great follow-up. With mine and my Lord Sheriff's men.  Not again, Capitol retreat.  No, this is just a matter of time.  Master Monstow, the Sheriff of Nottingham,  was lightly put about when told of the rioting.  And I'm not trying to ignore that any longer.
