arm	rep	set	chunk	audio_s	wall_s	cpu_s	text
npu	1	s121-127105/clean/c20	002.wav	20.00	5.329	17.050	The others resented postponement, but it was just his scruples that charmed me.  To this his answer was prompt.  Oh, thank God, no.  And is the record yours?  He hung fire again. A woman's.  She has been dead these twenty years.  She sent me the pages in question before she died.
npu	1	s121-127105/clean/c20	003.wav	20.00	5.437	17.760	She was the most agreeable woman I've ever known in her position.  She would have been worthy of any whatever.  It wasn't simply that she said so, but that I knew she hadn't.  I was sure I could see.  You'll easily judge why when you hear, because the thing had been such a scare.  He continued to fix me.  You are a criminal.
npu	1	s121-127105/clean/c20	004.wav	20.00	5.044	16.400	cute. He quitted the fire and dropped back into his chair. Probably not till the second  post. It was almost the tone of hope. Everybody will stay. Cryed the ladies, whose departure  had been fixed. Mrs. Griffin, however, expressed the need for a little more light. Who was  it she was in love with?
npu	1	s121-127105/clean/c20	005.wav	20.00	5.391	17.610	The story will tell, I took upon myself to reply.  "Oh, I can't wait for the story.  The story won't tell," said Douglas, "not in any literal vulgar way.  More's the pity, then.  Won't you tell, Douglas?"  "Well, if I don't know who she was in love with, I know who he was."
npu	1	s121-127105/clean/c20	006.wav	20.00	4.985	16.150	Let me say here distinctly to have done with it that this narrative, from an exact transcript of my own made much later, is what I shall presently give.  Poor Douglas, before his death, when it was in sight, committed to me the manuscript that reached him on the third of these days and that, on the same spot,
npu	1	s121-127105/clean/c20	007.wav	20.00	4.989	16.260	with immense effect. He began to read to our hushed little circle on the night of the fourth.  The departing ladies who had said they would stay didn't, of course. Thank heaven, stay.  They departed in consequence of arrangements made. In a rage of curiosity as they professed,  produced by the touches with
npu	1	s121-127105/clean/c20	008.wav	20.00	8.465	27.040	which he had already worked us up. The first of these touches conveyed that the written  statement took up the tale at a point after it had, in a manner, begun. He had for his  own town residence a big house filled with the spoils of travel and the trophies of the  chase, but it was to his country home.
npu	1	s121-127105/clean/c20	009.wav	20.00	4.972	16.140	old family place in Essex that he wished her immediately to proceed. The awkward thing  was that they had practically no other relations, and that his own affairs took up all his time.  There were plenty of people to help, but of course the young lady who should go down as  governess would be in supreme authority. I
npu	1	s121-127105/clean/c20	010.wav	20.00	4.508	14.520	Don't anticipate. She was young, untried, nervous. It was a vision of serious duties  in little company, of really great loneliness. Yes, but that's just the beauty of her passion.  It was the beauty of it.
npu	1	s121-127105/clean/c20	011.wav	20.00	5.172	16.870	It sounded dull, it sounded strange, and all the more so because of his main condition,  which was—she promised to do this, and she mentioned to me that when for a moment disburdened,  delighted, he held her hand, thanking her for the sacrifice.  She also said, "I'm sorry, I'm sorry, I'm sorry."
npu	1	s121-127105/ssb15/c20	000.wav	20.00	5.216	16.960	It was this observation that drew from Douglas, not immediately, but later in the evening.  A reply that had the interesting consequence to which I call attention.  Someone else told a story not particularly effective, which I thought he was not following.  Tried one of the women. He took no notice of her. He looked at me.  But it is true.
npu	1	s121-127105/ssb15/c20	001.wav	20.00	5.122	16.690	Instead of me, he saw what he spoke of.  There was a unanimous groan at first, and much reproach.  After which, in his preoccupied way, he explained,  "The story's written.  I could write to my man and then close the key.  He could send down the packet if he finds it."
npu	1	s121-127105/ssb15/c20	002.wav	20.00	5.149	16.810	The others were sent at postponement, but it was just a group of the charm teams.  To this, his answer was prompt, "Oh, thank God now, and is the record yours?"  He hung a pyre again, a woman.  She has been dead these 20 years.  She sent me the pages in question before she died.
npu	1	s121-127105/ssb15/c20	003.wav	20.00	5.377	17.580	She was the most agreeable woman I've ever known in her position.  She would have been worthy of any whatever.  God knows simply that she said so, but that I knew she hadn't.  I was sure I could see.  You'll easily judge why we're here, because the thing has been such a scare,  he continued to fix me.  You are a...
npu	1	s121-127105/ssb15/c20	004.wav	20.00	5.015	16.350	He quitted the fire and dropped back into his chair.  Probably not over second post.  It was almost the tone of hope. Everybody will stay.  Cry the ladies whose departure has been fixed.  Mrs. Griffin, however, expressed the need for a little more light.  Who was it she was in love with?
npu	1	s121-127105/ssb15/c20	005.wav	20.00	5.431	17.780	"The story will tell," I took upon myself to reply.  "Oh, I can't wait for the story.  The story won't tell," said Douglas,  "not in any literal vulgar way.  Or is the pity done?  Won't you tell Douglas?"  Well, if I don't know who she was in that way,  I know who she was.
npu	1	s121-127105/ssb15/c20	006.wav	20.00	5.000	16.250	Let me stay here distinctly to have done with it, that this narrative, from an exact transcript of my own made much later, is what I shall presently give.  Poor Douglas, before his death, when it was in sight, committed to me the manuscript that reached him on the third of these days and that, on the same spot,
npu	1	s121-127105/ssb15/c20	007.wav	20.00	14.309	47.040	with immense effect. He began to read to our hushed little circles on the night of the  fourth. The departing ladies who had said they would stay didn't, of course, thank heaven,  stay. They departed in consequence of arrangements made. In a rage of curiosity as they professed,  produced by the touches with the...
npu	1	s121-127105/ssb15/c20	008.wav	20.00	5.103	16.600	which he had already worked us up.  The first of these touches conveyed that the written statement took up the tale at a point  after it had, in a manner, begun.  He had for his own town residence a big house filled with the spoils of travel and the trophies  of the chase, but it worked at his country home.
npu	1	s121-127105/ssb15/c20	009.wav	20.00	5.399	17.610	old family place in ethics that he wished her immediately to proceed. The awkward thing  was that they had practically no other relations and that his own affairs took up all his time.  There were plenty of people to help, but of course the young lady who should go down as  governance would be in supreme authority. I believe that the young lady who should go  down as governance would be in supreme authority.
npu	1	s121-127105/ssb15/c20	010.wav	20.00	4.736	15.360	Don't ampetic me.  She was young, untried, nervous.  It was a vision of serious beauties and little company.  A really great loneliness.  Yes, but that's just the beauty of her passion.  It was the beauty of it.
npu	1	s121-127105/ssb15/c20	011.wav	20.00	4.692	15.180	It sounded dull, it sounded strange, and all the more so because of his main condition,  which was, she promised to do this, and she mentioned to me that when for a moment this  burdened, delighted, he held her hand, thanking her for the sacrifice.
npu	1	s121-127105/ssb5/c20	000.wav	20.00	4.457	14.350	[inaudible]
npu	1	s121-127105/ssb5/c20	001.wav	20.00	9.062	28.830	In the center of the city's poverty spoke of, there was a unanimous roll of this, and much approach, after which, in preoccupied way, he explained, "The story's bitten. I call it right to my man and then close the keys."  Please, please put that down the heck if you find it.
npu	1	s121-127105/ssb5/c20	002.wav	20.00	5.061	16.500	The other was that one.  But it was just a group of the child.  To this is answer was false.  Oh, thank god now.  And is the record yours?  In her fire again, a woman.  She has been dead for 20 years.  She's not indicated in question before she died.
npu	1	s121-127105/ssb5/c20	003.wav	20.00	3.418	10.770	[Side note]
npu	1	s121-127105/ssb5/c20	004.wav	20.00	3.521	11.140	[Motor]
npu	1	s121-127105/ssb5/c20	005.wav	20.00	5.451	17.850	The story won't tell. I don't know what my culture of life is.  Oh, I can't wait for the story. The story won't tell.  But that's not in any literal mold away.  Or the thing that won't.  Won't you tell Douglas?  What?  Because I don't know who she was in Love with.  I know who she was.
npu	1	s121-127105/ssb5/c20	006.wav	20.00	5.231	17.040	Let me stay here to please please have done with it.  Let this narrative, the moment in that transcript of my own made much greater,  is what I shall presently give.  For doctor, the Lord has said when it was his mind,  committed to me the manuscript that reached him on the third of his days,  and that on the same spot,
npu	1	s121-127105/ssb5/c20	007.wav	20.00	4.919	15.980	with an accent, he began to lead to a harsh typical of the '94.  The departing ratings of it said they would stay in the core,  thank heavens, they say,  in consequence of a range of things.  In a range of curiosity, as they present,  produced by the touches
npu	1	s121-127105/ssb5/c20	008.wav	20.00	5.049	16.410	which he had already worked on.  The source of these papers conveyed that the existing statement took up the tale at a point after it had, in a manner,  begun with the fact that the Gold Cow residents were big-out filled with the soiled gravel and the trophies of the shape.  But it wasn't until two years ago.
npu	1	s121-127105/ssb5/c20	009.wav	20.00	5.123	16.700	an old family place in Amnesty that he wished for immediately to be seen.  The awkward thing was that they had practically no other relations,  and that his own affairs took up all his power.  There were plenty of people to help,  but of course the young ladies who should go down as governors  would be a real quality.
npu	1	s121-127105/ssb5/c20	010.wav	20.00	4.708	15.250	Don't tell me she was young, I'm trying to be urban.  It was a vision of a theory of the future of the company.  It really was my dream.  She had perfected the vision of her passion.  It was the dream of a company.
npu	1	s121-127105/ssb5/c20	011.wav	20.00	4.816	15.610	It's out of doubt, and out of strange, and all the more so because of his main position, which was, she's all excuses.  And she mentioned to me that when she reported this burden, the likely cause, she held her hand, and told me that that's why she was so happy.
npu-ac1200-nf-nt-sns	1	s121-127105/clean/c20	002.wav	20.00	3.968	12.810	The others resented postponement, but it was just his scruples that charmed me. To this his answer was prompt. Oh, thank God, no. And is the record yours? He hung fire again. A woman's. She has been dead these twenty years. She sent me the pages in question before she died.
npu-ac1200-nf-nt-sns	1	s121-127105/clean/c20	003.wav	20.00	4.113	13.330	She was the most agreeable woman I've ever known in her position. She would have been worthy of any whatever. It wasn't simply that she said so, but that I knew she hadn't. I was sure I could see. You'll easily judge why when you hear, because the thing had been such a scare, he continued to fix me. You are a
npu-ac1200-nf-nt-sns	1	s121-127105/clean/c20	004.wav	20.00	3.947	12.750	cute. He quitted the fire and dropped back into his chair. Probably not till the second post. It was almost the tone of hope. Everybody will stay. Cryed the ladies, whose departure had been fixed. Mrs. Griffin, however, expressed the need for a little more light. Who was it she was in love with?
npu-ac1200-nf-nt-sns	1	s121-127105/clean/c20	005.wav	20.00	4.016	13.010	The story will tell, I took upon myself to reply. Oh, I can't wait for the story. The story won't tell, said Douglas, not in any literal vulgar way. Or is the pity then? Won't you tell Douglas? Well, if I don't know who she was in love with, I know who he was.
npu-ac1200-nf-nt-sns	1	s121-127105/clean/c20	006.wav	20.00	3.964	12.820	Let me say here distinctly to have done with it that this narrative, from an exact transcript of my own made much later, is what I shall presently give. Poor Douglas, before his death, when it was in sight, committed to me the manuscript that reached him on the third of these days and that, on the same spot,
npu-ac1200-nf-nt-sns	1	s121-127105/clean/c20	007.wav	20.00	3.888	12.570	with immense effect. He began to read to our hushed little circle on the night of the fourth. The departing ladies who had said they would stay didn't, of course. Thank heaven, stay. They departed in consequence of arrangements made. In a rage of curiosity as they professed, produced by the touches with
npu-ac1200-nf-nt-sns	1	s121-127105/clean/c20	008.wav	20.00	3.947	12.750	which he had already worked us up. The first of these touches conveyed that the written statement took up the tale at a point after it had, in a manner, begun. He had for his own town residence a big house filled with the spoils of travel and the trophies of the chase, but it was to his country home an
npu-ac1200-nf-nt-sns	1	s121-127105/clean/c20	009.wav	20.00	3.871	12.500	old family place in Essex that he wished her immediately to proceed. The awkward thing was that they had practically no other relations, and that his own affairs took up all his time. There were plenty of people to help, but of course the young lady who should go down as governess would be in supreme authority. I
npu-ac1200-nf-nt-sns	1	s121-127105/clean/c20	010.wav	20.00	3.458	11.070	Don't anticipate. She was young, untried, nervous. It was a vision of serious duties in little company, of really great loneliness. Yes, but that's just the beauty of her passion. It was the beauty of it.
npu-ac1200-nf-nt-sns	1	s121-127105/clean/c20	011.wav	20.00	3.646	11.760	It sounded dull, it sounded strange, and all the more so because of his main condition, which was—she promised to do this, and she mentioned to me that when for a moment disburdened, delighted, he held her hand, thanking her for the sacrifice.
npu-ac1200-nf-nt-sns	1	s121-127105/ssb15/c20	000.wav	20.00	3.983	12.840	It was this observation that drew from Douglas, not immediately, but later in the evening, a reply that had the interesting consequence to which I call attention. Someone else told a story not particularly effective, which I thought he was not following, tried one of the women. He took no notice of her. He looked at me, but as if
npu-ac1200-nf-nt-sns	1	s121-127105/ssb15/c20	001.wav	20.00	3.791	12.230	Instead of me, he saw what he spoke of. There was a unanimous groan at first, and much reproach, after which in his preoccupied way he explained the stories written. I could write to my man and then close the key. He could send down the packet if he finds it.
npu-ac1200-nf-nt-sns	1	s121-127105/ssb15/c20	002.wav	20.00	3.939	12.750	The others were sent to postpone it, but it was just a group of the charm team. To this, his answer was prompt, oh thank god now, and is the record yours? He hung a pyre again, a woman. She has been dead these 20 years. She sent me the pages and questioned before she died.
npu-ac1200-nf-nt-sns	1	s121-127105/ssb15/c20	003.wav	20.00	4.108	13.330	She was the most agreeable woman I've ever known in her position. She would have been worthy of any whatever. It's not simply that she said so, but that I knew she hadn't. I was sure I could see. You'll easily judge why we're here, because the thing has been such a scare, he continued to fix me. You are.
npu-ac1200-nf-nt-sns	1	s121-127105/ssb15/c20	004.wav	20.00	3.821	12.340	He quitted the fire and dropped back into his chair. Probably not over second post. It was almost the tone of hope. Everybody will stay. Cry the ladies whose departure has been fixed. Mrs. Griffin, however, expressed the need for a little more light. Who was it she was in love with?
npu-ac1200-nf-nt-sns	1	s121-127105/ssb15/c20	005.wav	20.00	4.015	12.990	The story will tell, I took upon myself to reply. Oh, I can't wait for the story. The story won't tell, said Douglas, not in any literal vulgar way. Or is the pity done? Won't you tell Douglas? Well, if I don't know who she was in that way, I know who she was.
npu-ac1200-nf-nt-sns	1	s121-127105/ssb15/c20	006.wav	20.00	3.866	12.490	Let me stay here distinctly to have done with it that this narrative from an exact transcript of my own made much later is what I shall presently give. Poor Douglas, before his death, when it was in sight, committed to me the manuscript that reached him on the third of these days and that on the same spot
npu-ac1200-nf-nt-sns	1	s121-127105/ssb15/c20	007.wav	20.00	3.893	12.580	with immense effect. He began to read to our hushed little circles on the night of the fourth. The departing ladies who had said they would stay didn't, of course, thank heaven, stay. They departed in consequence of arrangements made. In a rage of curiosity as they professed, produced by the touches with
npu-ac1200-nf-nt-sns	1	s121-127105/ssb15/c20	008.wav	20.00	3.946	12.750	which he had already worked us up. The first of these touches conveyed that the written statement took at the tail at a point after it had, in a manner, begun. He had for his own town residence a big house filled with the spoils of travel and the trophies of the chase, but it worked at his country home.
npu-ac1200-nf-nt-sns	1	s121-127105/ssb15/c20	009.wav	20.00	3.788	12.240	old family placed an ethic that he wished her immediately to proceed. The awkward thing was that they had practically no other relations and that his own affairs took up all this time. There were plenty of people to help, but of course the young lady who should go down as governor would be in supreme authority. I
npu-ac1200-nf-nt-sns	1	s121-127105/ssb15/c20	010.wav	20.00	3.553	11.410	Don't ampetic me. She was young, untried, nervous. It was a vision of serious beauties and little company. A really great loneliness. Yes, but that's just the beauty of her passion. It was the beauty of it.
npu-ac1200-nf-nt-sns	1	s121-127105/ssb15/c20	011.wav	20.00	3.621	11.680	It sounded dull, it sounded strange, and all the more so because of his main condition, which was, she promised to do this, and she mentioned to me that when for a moment this burdened, delighted, he held her hand, thanking her for the sacrifice.
npu-ac1200-nf-nt-sns	1	s121-127105/ssb5/c20	000.wav	20.00	4.206	13.600	It was an observation that was conducted not in any way that may have been done. But by the heavy-denture, in the course of that, it was not a retention. Someone else was doing it, and it was still very effective, which I thought was not a quality. He tried one of the women. He just now noticed the first. He looked at you.
npu-ac1200-nf-nt-sns	1	s121-127105/ssb5/c20	001.wav	20.00	3.700	11.920	In the center of the city of Norwood and Spokane, there was a unanimous roll of this and much reproach after which it in preoccupied way explained the story written by George White to my man and enclosed the keys, which was sent out of the packet behind it.
npu-ac1200-nf-nt-sns	1	s121-127105/ssb5/c20	002.wav	20.00	3.660	11.760	The other was just a group of the child. To this is answer was false. Oh, thank God, now. And is the record yours? In her fire again, a woman. She has been dead for 20 years. She's not indicated in question before she died.
npu-ac1200-nf-nt-sns	1	s121-127105/ssb5/c20	003.wav	20.00	2.390	7.300	You are
npu-ac1200-nf-nt-sns	1	s121-127105/ssb5/c20	004.wav	20.00	2.517	7.870	The other one was in the mouth way.
npu-ac1200-nf-nt-sns	1	s121-127105/ssb5/c20	005.wav	20.00	4.049	13.160	The story won't tell. I don't know what my culture of life is. Oh, I can't wait for the story. The story won't tell. But that's not in any literal mold away. Or the thing that won't you tell Douglas? What? Because I don't know who she was in love with. I know who she was.
npu-ac1200-nf-nt-sns	1	s121-127105/ssb5/c20	006.wav	20.00	4.014	12.990	Let me stay here to please please, and have done with it. Let this narrative, the moment in that transcript of my own made much later, is what I shall presently give. For the court has said, when it was assigned, committed to me the manuscript that reached him on the third of his days, and that on the same spot,
npu-ac1200-nf-nt-sns	1	s121-127105/ssb5/c20	007.wav	20.00	3.743	12.080	with an accent, he began to reach our harsh typical, indignity, form. The departing raiding is a result of the same business corps, thank heavens, they say, in consequence of a range of things. In a range of curiosity, as they present, produced by the touches
npu-ac1200-nf-nt-sns	1	s121-127105/ssb5/c20	008.wav	20.00	3.872	12.510	which he had already worked on. The source of these papers conveyed that the written statement took up the tale at a point after it had in a manner begun. We had to go into our residence a big house filled with the soiled shovel and the trophies of the shape. But it wasn't until two years ago.
npu-ac1200-nf-nt-sns	1	s121-127105/ssb5/c20	009.wav	20.00	3.842	12.420	an old family place in Amnesty that he wished for immediately to be seen. The awkward thing was that they had practically no other relations and that his own affairs took up all his power. There were plenty of people to help, but of course the young ladies who should go down as governors would be extremely important.
npu-ac1200-nf-nt-sns	1	s121-127105/ssb5/c20	010.wav	20.00	3.577	11.490	Don't tell me she was young, I'm trying to be urban. It was the vision of theory and vision of the company. It really brings me to this. She had a passion for this. She had a passion for this. She was the best.
npu-ac1200-nf-nt-sns	1	s121-127105/ssb5/c20	011.wav	20.00	3.704	11.820	It's out of doubt, and all the more so because of his main position, which was, she's always used it. And she mentioned to me that when she was working, this burden, the light, held her hand, and she was like, she always used it.
npu-c30-nf-nt	1	s121-127105/clean/c30	002.wav	30.00	6.012	19.580	She was the most agreeable woman I've ever known in her position. She would have been worthy of any whatever. It wasn't simply that she said so, but that I knew she hadn't. I was sure I could see. "You'll easily judge why when you hear, because the thing had been such a scare?" He continued to fix me. "You are acute." He quitted the fire and dropped back into his chair. Probably not till the second post. It was almost the tone of hope. Everybody will stay.
npu-c30-nf-nt	1	s121-127105/clean/c30	003.wav	30.00	6.028	19.810	cried the ladies whose departure had been fixed. Mrs. Griffin, however, expressed the need for a little more light. "Who was it she was in love with? The story will tell," I took upon myself to reply. "Oh, I can't wait for the story. The story won't tell," said Douglas, "not in any literal vulgar way." "Or is the pity then?" "Won't you tell, Douglas?" "Well, if I don't know who she was in love with, I know who he was."
npu-c30-nf-nt	1	s121-127105/clean/c30	004.wav	30.00	5.907	19.370	Let me say here distinctly to have done with it that this narrative, from an exact transcript of my own made much later, is what I shall presently give. Poor Douglas, before his death, when it was in sight, committed to me the manuscript that reached him on the third of these days and that, on the same spot, with immense effect, he began to read to our hushed little circle on the night of the fourth. The departing ladies who had said they would stay didn't, of course,
npu-c30-nf-nt	1	s121-127105/clean/c30	005.wav	30.00	5.608	18.350	Thank heaven, stay, they departed in consequence of arrangements made, in a rage of curiosity as they professed, produced by the touches with which he had already worked us up. The first of these touches conveyed that the written statement took up the tale at a point after it had, in a manner, begun. He had for his own town residence a big house filled with the spoils of travel and the trophies of the chase, but it was to his country home
npu-c30-nf-nt	1	s121-127105/clean/c30	006.wav	30.00	5.568	17.830	old family place in Essex, that he wished her immediately to proceed. The awkward thing was that they had practically no other relations, and that his own affairs took up all his time. There were plenty of people to help, but of course the young lady who should go down as governess would be in supreme authority. I don't anticipate. She was young, untried, nervous. It was a vision of serious duties in little company.
npu-c30-nf-nt	1	s121-127105/clean/c30	007.wav	30.00	5.250	17.040	of really great loneliness. Yes, but that's just the beauty of her passion. It was the beauty of it. It sounded dull, it sounded strange, and all the more so because of his main condition, which was—she promised to do this, and she mentioned to me that when for a moment, disburdened, delighted, he held her hand, thanking her for the sacrifice.
npu-c30-nf-nt	1	s121-127105/ssb15/c30	000.wav	30.00	5.786	18.910	It was this observation that drew from Douglas, not immediately, but later in the evening, a reply that had the interesting consequence to which I call attention. Someone else told a story not particularly effective, which I saw he was not following, tried one of the women. He took no notice of her. He looked at me, but as if, instead of me, he saw what he spoke of. There was a unanimous groan at this, and much reproach afterwards in his preoccupied way.
npu-c30-nf-nt	1	s121-127105/ssb15/c30	001.wav	30.00	5.678	18.570	He explained the stories written. I could write to my man and then close the key. He could send down the packet if he finds it. The others resented postponement, but it was just a group of the charm team. To this, his answer was prompt. "Oh, thank God now. And is the record yours?" He hung a fire again. A woman. "She has been dead these twenty years. She sent me the pages and questioned before she died.
npu-c30-nf-nt	1	s121-127105/ssb15/c30	002.wav	30.00	5.901	19.380	She was the most agreeable woman I've ever known in her position. She would have been worthy of any whatever. It's not simply that she said so, but that I knew she hadn't. I was sure, I could see. You'll easily judge why we're here, because the thing has been such a scare, he continued to fix me. You are acute. He quitted the fire and dropped back into his chair. Probably not over second post. It was almost the tone of hope. Everybody will stay.
npu-c30-nf-nt	1	s121-127105/ssb15/c30	003.wav	30.00	6.034	19.830	Cry the ladies whose departure has been fixed. Mrs. Griffin, however, expressed the need for a little more light. "Who was it she was in love with?" "The story will tell," I took upon myself to reply. "Oh, I can't wait for the story. The story won't tell," said Douglas, "not in any literal vulgar way." "Or is the pity done?" "Won't you tell Douglas?" "Well, if I don't know who she was in love with, I know who she was."
npu-c30-nf-nt	1	s121-127105/ssb15/c30	004.wav	30.00	5.799	19.000	Let me stay here distinctly to have done with it that this narrative from an exact transcript of my own made much later is what I shall presently give. For Douglas, before his death, when it was in sight, committed to me the manuscript that reached him on the third of these days and that on the same spot with immense effect, he began to read to our hushed little circles on the night of the fourth. The departing ladies who had said they would stay didn't, of course,
npu-c30-nf-nt	1	s121-127105/ssb15/c30	005.wav	30.00	3.847	12.220	The first of these touches conveyed that the written statement took up the tale at a point after it had, in a manner, begun.
npu-c30-nf-nt	1	s121-127105/ssb15/c30	006.wav	30.00	5.424	17.660	an old family place in Essex that he wished her immediately to proceed. The awkward thing was that they had practically no other relations and that his own affairs took up all this time. There were plenty of people to help, but of course the young lady who should go down as governor would be in supreme authority. I don't anticipate. She was young, untried, nervous. It was a vision of serious duties and little company.
npu-c30-nf-nt	1	s121-127105/ssb15/c30	007.wav	30.00	5.185	16.840	of really great loneliness. Yes, but that's just the beauty of her passion. It was the beauty of it. It sounded dull, it sounded strange, and all the more so because of his main condition, which was, she promised to do this, and she mentioned to me that when for a moment this burdened, delighted, he held her hand, thanking her for the sacrifice.
npu-c30-nf-nt	1	s121-127105/ssb5/c30	000.wav	30.00	5.786	18.930	It was an observation that was conducted not in any way that may have been done. I applied it had the intention to come to that. And with that whole attention, someone else was more or less exclusively effective, which I thought was not followed by the truth. I tried one of the women. He just now noticed the first. He looked at you, but at least in terms of your knowledge of focus, there was a unanimous role in this. And much approach after which it was preoccupied way
npu-c30-nf-nt	1	s121-127105/ssb5/c30	001.wav	30.00	5.550	17.920	I explained the stories written by the Lord right to my man and enclosed the truth. He put that down and packed it behind it. The others were meant to be told. But it was just a scoop of a challenge. To this, his answer was false. "Oh, thank God now." And is the record yours? In how fire again a woman? She has been dead for twenty years. She has been indicated in question before she died.
npu-c30-nf-nt	1	s121-127105/ssb5/c30	002.wav	30.00	3.277	10.230	You are a cheat.
npu-c30-nf-nt	1	s121-127105/ssb5/c30	003.wav	30.00	4.438	14.330	Oh, I can't wait to see the story. The story won't tell. Not in any literal Mulderway. Won't you tell Douglas? I don't know who she was in Mulderway. I know who she was.
npu-c30-nf-nt	1	s121-127105/ssb5/c30	004.wav	30.00	5.690	18.650	Let me stay here to please please have done with it. Let this narrative of an exact transcript of my own made much later in what I shall presently give. Poor doctor. The Lord had said when it was his life. He made it to me the manuscript that reached him on the third of his reign, and that on the same spot with the next chapter he began to reach to our hospital circle in 1994. But the parting rating that it said they would stay didn't of course.
npu-c30-nf-nt	1	s121-127105/ssb5/c30	005.wav	30.00	5.769	18.860	The tank has a big space of space, in consequence of a range of space. In a range of curiosity, as they present, produced by the touches with which he had already gone to come. The first of these touches conveyed that the distance between them took a detail at a point after it had, in a manner, begun. The house was a bone count, rather than a big house filled with the soil of the shovel and the trophies of the shape. But it wasn't until going.
npu-c30-nf-nt	1	s121-127105/ssb5/c30	006.wav	30.00	5.513	18.010	an old family place in Athens that he wished her immediately to see. The awkward thing was that they had practically no other relations and that his own affairs took up all this money. There were plenty of people to help, but of course the young lady who should go down as governor would be a senior authority. I don't have to. She was young, un-shy, and nervous. It was the vision of a very interesting and little company.
npu-c30-nf-nt	1	s121-127105/ssb5/c30	007.wav	30.00	3.221	10.050	[inaudible]
npu-c30-nf-nt-sns	1	s121-127105/clean/c30	002.wav	30.00	5.886	19.360	She was the most agreeable woman I've ever known in her position. She would have been worthy of any whatever. It wasn't simply that she said so, but that I knew she hadn't. I was sure I could see. You'll easily judge why when you hear, because the thing had been such a scare, he continued to fix me. You are acute. He quitted the fire and dropped back into his chair. Probably not till the second post. It was almost the tone of hope. Everybody will stay.
npu-c30-nf-nt-sns	1	s121-127105/clean/c30	003.wav	30.00	5.855	19.210	cried the ladies whose departure had been fixed. Mrs. Griffin, however, expressed the need for a little more light. Who was it she was in love with? The story will tell, I took upon myself to reply. Oh, I can't wait for the story. The story won't tell, said Douglas, not in any literal vulgar way. Or is the pity then? Won't you tell, Douglas? Well, if I don't know who she was in love with, I know who he was.
npu-c30-nf-nt-sns	1	s121-127105/clean/c30	004.wav	30.00	5.891	19.380	Let me say here distinctly to have done with it that this narrative, from an exact transcript of my own made much later, is what I shall presently give. Poor Douglas, before his death, when it was in sight, committed to me the manuscript that reached him on the third of these days and that, on the same spot, with immense effect, he began to read to our hushed little circle on the night of the fourth. The departing ladies who had said they would stay didn't, of course,
npu-c30-nf-nt-sns	1	s121-127105/clean/c30	005.wav	30.00	5.583	18.290	Thank heaven, stay, they departed in consequence of arrangements made, in a rage of curiosity as they professed, produced by the touches with which he had already worked us up. The first of these touches conveyed that the written statement took up the tale at a point after it had, in a manner, begun. He had for his own town residence a big house filled with the spoils of travel and the trophies of the chase, but it was to his country home
npu-c30-nf-nt-sns	1	s121-127105/clean/c30	006.wav	30.00	5.450	17.850	old family place in Essex, that he wished her immediately to proceed. The awkward thing was that they had practically no other relations, and that his own affairs took up all his time. There were plenty of people to help, but of course the young lady who should go down as governess would be in supreme authority. I don't anticipate. She was young, untried, nervous. It was a vision of serious duties in little company.
npu-c30-nf-nt-sns	1	s121-127105/clean/c30	007.wav	30.00	5.274	17.020	of really great loneliness. Yes, but that's just the beauty of her passion. It was the beauty of it. It sounded dull, it sounded strange, and all the more so because of his main condition, which was—she promised to do this, and she mentioned to me that when for a moment, disburdened, delighted, he held her hand, thanking her for the sacrifice.
npu-c30-nf-nt-sns	1	s121-127105/ssb15/c30	000.wav	30.00	5.777	18.910	It was this observation that drew from Douglas, not immediately, but later in the evening, a reply that had the interesting consequence to which I call attention. Someone else told a story not particularly effective, which I saw he was not following, tried one of the women. He took no notice of her. He looked at me, but as if, instead of me, he saw what he spoke of. There was a unanimous groan at this, and much reproach afterwards in his preoccupied way.
npu-c30-nf-nt-sns	1	s121-127105/ssb15/c30	001.wav	30.00	5.581	18.270	He explained the stories written. I could write to my man and then close the key. He could send down the packet if he finds it. The others resented postponement, but it was just a group of the charm team. To this, his answer was prompt. Oh, thank God now. And is the record yours? He hung fire again. A woman. She has been dead these 20 years. She sent me the pages and questioned before she died.
npu-c30-nf-nt-sns	1	s121-127105/ssb15/c30	002.wav	30.00	5.896	19.380	She was the most agreeable woman I've ever known in her position. She would have been worthy of any whatever. It's not simply that she said so, but that I knew she hadn't. I was sure, I could see. You'll easily judge why we're here, because the thing has been such a scare, he continued to fix me. You are acute. He quitted the fire and dropped back into his chair. Probably not over second post. It was almost the tone of hope. Everybody will stay.
npu-c30-nf-nt-sns	1	s121-127105/ssb15/c30	003.wav	30.00	5.826	19.130	Cry the ladies whose departure has been fixed. Mrs. Griffin, however, expressed the need for a little more light. Who was it she was in love with? The story will tell, I took upon myself to reply. Oh, I can't wait for the story. The story won't tell, said Douglas, not in any literal vulgar way. Or is the pity done? Won't you tell Douglas? Well, if I don't know who she was in love with, I know who she was.
npu-c30-nf-nt-sns	1	s121-127105/ssb15/c30	004.wav	30.00	5.793	19.030	Let me stay here distinctly to have done with it that this narrative from an exact transcript of my own made much later is what I shall presently give. For Douglas, before his death, when it was in sight, committed to me the manuscript that reached him on the third of these days and that on the same spot with immense effect, he began to read to our hushed little circles on the night of the fourth. The departing ladies who had said they would stay didn't, of course,
npu-c30-nf-nt-sns	1	s121-127105/ssb15/c30	005.wav	30.00	3.871	12.180	The first of these touches conveyed that the written statement took up the tale at a point after it had, in a manner, begun.
npu-c30-nf-nt-sns	1	s121-127105/ssb15/c30	006.wav	30.00	5.396	17.670	an old family place in Essex that he wished her immediately to proceed. The awkward thing was that they had practically no other relations and that his own affairs took up all this time. There were plenty of people to help, but of course the young lady who should go down as governor would be in supreme authority. I don't anticipate. She was young, untried, nervous. It was a vision of serious duties and little company.
npu-c30-nf-nt-sns	1	s121-127105/ssb15/c30	007.wav	30.00	5.158	16.850	of really great loneliness. Yes, but that's just the beauty of her passion. It was the beauty of it. It sounded dull, it sounded strange, and all the more so because of his main condition, which was, she promised to do this, and she mentioned to me that when for a moment this burdened, delighted, he held her hand, thanking her for the sacrifice.
npu-c30-nf-nt-sns	1	s121-127105/ssb5/c30	000.wav	30.00	5.779	18.920	It was an observation that was conducted not in any way that may have been done. I applied it had the intention to come to that. And with that whole attention, someone else was more or less exclusively effective, which I thought was not followed by the truth. I tried one of the women. He just now noticed the first. He looked at you, but at least in terms of your knowledge of focus, there was a unanimous role in this. And much approach after which it was preoccupied way
npu-c30-nf-nt-sns	1	s121-127105/ssb5/c30	001.wav	30.00	5.470	17.920	I explained the stories written by the Lord right to my man and enclosed the truth. He put that down and packed it behind it. The others were meant to be told. But it was just a scoop of a challenge. To this, his answer was false. Oh, thank God, now. And is the record yours? In how fire again a woman? She has been dead for twenty years. She has been indicated in question before she died.
npu-c30-nf-nt-sns	1	s121-127105/ssb5/c30	002.wav	30.00	3.258	10.240	You are a cheat.
npu-c30-nf-nt-sns	1	s121-127105/ssb5/c30	003.wav	30.00	4.429	14.340	Oh, I can't wait to see the story. The story won't tell. Not in any literal Mulderway. Won't you tell Douglas? I don't know who she was in Mulderway. I know who she was.
npu-c30-nf-nt-sns	1	s121-127105/ssb5/c30	004.wav	30.00	5.679	18.630	Let me stay here to please please have done with it. Let this narrative of an exact transcript of my own made much later in what I shall presently give. Poor doctor. The Lord had said when it was his life. He made it to me the manuscript that reached him on the third of his reign, and that on the same spot with the next chapter he began to reach to our hospital circle in 1994. But the parting rating that it said they would stay didn't of course.
npu-c30-nf-nt-sns	1	s121-127105/ssb5/c30	005.wav	30.00	5.749	18.830	The tank has a big space of space, in consequence of a range of space. In a range of curiosity, as they present, produced by the touches with which he had already gone to come. The first of these touches conveyed that the distance between them took a detail at a point after it had, in a manner, begun. The house was a bone count, rather than a big house filled with the soil of the shovel and the trophies of the shape. But it wasn't until going.
npu-c30-nf-nt-sns	1	s121-127105/ssb5/c30	006.wav	30.00	5.498	18.040	an old family place in Athens that he wished her immediately to see. The awkward thing was that they had practically no other relations and that his own affairs took up all this money. There were plenty of people to help, but of course the young lady who should go down as governor would be a senior authority. I don't have to. She was young, un-shy, and nervous. It was the vision of a very interesting and little company.
npu-c30-nf-nt-sns	1	s121-127105/ssb5/c30	007.wav	30.00	3.275	10.310	It's down to go.
npu-c25-nf-nt	1	s121-127105/clean/c25	002.wav	25.00	5.624	18.340	the record yours?" He hung fire again. A woman's. "She has been dead these twenty years." She sent me the pages in question before she died. "She was the most agreeable woman I've ever known in her position. She would have been worthy of any whatever." It wasn't simply that she said so, but that I knew she hadn't. I was sure I could see. "You'll easily judge why when you hear, because the thing had
npu-c25-nf-nt	1	s121-127105/clean/c25	003.wav	25.00	5.275	17.170	been such a scare, he continued to fix me. "You are acute!" He quitted the fire and dropped back into his chair. Probably not till the second post. It was almost the tone of hope. Everybody will stay. Cryed the ladies, whose departure had been fixed. Mrs. Griffin, however, expressed the need for a little more light. "Who was it she was in love with?
npu-c25-nf-nt	1	s121-127105/clean/c25	004.wav	25.00	5.628	18.410	The story will tell, I took upon myself to reply. "Oh, I can't wait for the story. The story won't tell," said Douglas, "not in any literal vulgar way." "More's the pity, then." "Won't you tell, Douglas?" "Well, if I don't know who she was in love with, I know who he was." "Let me say here distinctly to have done with it that this narrative, from an
npu-c25-nf-nt	1	s121-127105/clean/c25	005.wav	25.00	5.439	17.720	exact transcript of my own made much later is what I shall presently give. Poor Douglas, before his death, when it was in sight, committed to me the manuscript that reached him on the third of these days and that, on the same spot, with immense effect, he began to read to our hushed little circle on the night of the fourth. The departing ladies who had said they would stay didn't, of course,
npu-c25-nf-nt	1	s121-127105/clean/c25	006.wav	25.00	5.224	16.990	thank heaven, stay, they departed in consequence of arrangements made. In a rage of curiosity, as they professed, produced by the touches with which he had already worked us up. The first of these touches conveyed that the written statement took up the tale at a point after it had, in a manner, begun. He had for his own town residence a big house filled with the spoils of travel
npu-c25-nf-nt	1	s121-127105/clean/c25	007.wav	25.00	5.329	17.150	and the trophies of the Chase, but it was to his country home, an old family place in Essex, that he wished her immediately to proceed. The awkward thing was that they had practically no other relations, and that his own affairs took up all his time. There were plenty of people to help, but of course the young lady who should go down as governess would be in supreme authority. I
npu-c25-nf-nt	1	s121-127105/clean/c25	008.wav	25.00	4.803	15.540	don't anticipate. She was young, untried, nervous. It was a vision of serious duties in little company, of really great loneliness. Yes, but that's just the beauty of her passion. It was the beauty of it. It sounded dull, it sounded strange, and all the more so because of his main
npu-c25-nf-nt	1	s121-127105/clean/c25	009.wav	15.00	4.207	13.440	condition, which was—" She promised to do this, and she mentioned to me that when for a moment, disburdened, delighted, he held her hand, thanking her for the sacrifice. She
npu-c25-nf-nt	1	s121-127105/ssb15/c25	000.wav	25.00	5.455	17.730	It was this observation that drew from Douglas, not immediately, but later in the evening, of a pry that had the interesting consequence to which I call attention. Someone else told a story not particularly effective, which I thought he was not following, tried one of the women. He took no notice of her. He looked at me, but as if, instead of me, he saw what he spoke of. There was a unanimous question.
npu-c25-nf-nt	1	s121-127105/ssb15/c25	001.wav	25.00	5.217	16.980	at this, and much reproach, after which in his preoccupied way he explained the stories written. I could write to my man and then close the keys. He could send down the packet if he finds it. The others resented postponement, but it was just a scruple that charmed me. To this his answer was prompt, "Oh, thank God now, and is
npu-c25-nf-nt	1	s121-127105/ssb15/c25	002.wav	25.00	5.525	18.080	record yours. He hung fire again, a woman. She has been dead these 20 years. She sent me the pages and questioned before she died. She was the most agreeable woman I've ever known in her position. She would have been worthy of any whatever. It wasn't simply that she said so, but that I knew she hadn't. I was sure, I could see. You'll easily judge why we're here, because the thing has been
npu-c25-nf-nt	1	s121-127105/ssb15/c25	003.wav	25.00	5.150	16.730	"You are a cute." He quitted the fire and dropped back into his chair. "Probably not over second post. It was almost the tone of hope. Everybody will stay." Cried the lady whose departure had been fixed. "Mrs. Grisson, however, expressed the need for a little more light." "Who was it she was in love with?"
npu-c25-nf-nt	1	s121-127105/ssb15/c25	004.wav	25.00	5.577	18.240	The story will tell, I took upon myself to reply. "Oh, I can't wait for the story. The story won't tell," said Douglas, "not in any literal vulgar way. Or is the pity done? Won't you tell, Douglas?" "Well, if I don't know who she was in love with, I know who she was. Let me stay here distinctly to have done with it, that this narrative, some inexperienced
npu-c25-nf-nt	1	s121-127105/ssb15/c25	005.wav	25.00	5.268	17.170	That transcript of my own made much later is what I shall presently give for Douglas before his death when it was in sight. Committed to me the manuscript that reached him on the third of these days and that on the same spot with immense effect he began to read to our hushed little circles on the night of the fourth. The departing ladies who had said they would stay didn't of course.
npu-c25-nf-nt	1	s121-127105/ssb15/c25	006.wav	25.00	5.053	16.430	They departed in consequence of arrangements made. In a rage of curiosity as they professed, produced by the touches with which he had already worked us up. The first of these touches conveyed that the written statement took at the tail at a point after it had, in a manner, begun. He had for his own town residence a big house filled with the spoils of travel
npu-c25-nf-nt	1	s121-127105/ssb15/c25	007.wav	25.00	5.276	16.990	and the trophies of the Chase, but it was to his country home, an old family place in Essex, that he wished her immediately to proceed. The awkward thing was that they had practically no other relations, and that his own affairs took up all his time. There were plenty of people to help, but of course the young lady who should go down as governor would be in supreme authority.
npu-c25-nf-nt	1	s121-127105/ssb15/c25	008.wav	25.00	4.921	15.920	Don't ampiss me. She was young, untried, nervous. It was a vision of serious beauties and little company. A really great loneliness. Yes, but that's just the beauty of her passion. It was the beauty of it. It sounded dull. It sounded strange. And all the more so because it is main
npu-c25-nf-nt	1	s121-127105/ssb15/c25	009.wav	15.00	3.938	12.560	to do this. And she mentioned to me that when for a moment this burdened, delighted, he held her hand, thanking her for the sacrifice. She
npu-c25-nf-nt	1	s121-127105/ssb5/c25	000.wav	25.00	5.359	17.420	It was an observation that was conducted not only in the brain but in the brain. The pie that had been mentioned in the conversation was not a retention. Someone else was not particularly effective, which I thought was not a quality. He tried one of the women. He just now noticed the person. He looked at you. I don't know if it was him or her, but he spoke out. There was an analogy.
npu-c25-nf-nt	1	s121-127105/ssb5/c25	001.wav	25.00	5.143	16.710	and much approach, as the written in preoccupied way explains the story's written. I call it "Right to my Man" and then close the keys. We should send out the packet to define this. The others are meant to be closed. But it was just a Google bit challenge. To this is answer was thought. Oh, thank God now. And is that the answer?
npu-c25-nf-nt	1	s121-127105/ssb5/c25	002.wav	25.00	5.370	17.520	the record more. In her fire again, a woman. She has been dead for twenty years. She has been vaccinated in question before she died. She was the most agreeable woman I've ever known in her vision. She would have been worthy of any whatever. I don't think she would have been so. But I think she had it for sure. You'll easily judge why we're here. It's her decision.
npu-c25-nf-nt	1	s121-127105/ssb5/c25	003.wav	25.00	3.880	12.340	You are a cheat. Put this island back into its care. Probably not to the second coast. It was almost as if everybody would stay.
npu-c25-nf-nt	1	s121-127105/ssb5/c25	004.wav	25.00	5.444	17.770	The story won't tell. I don't know what my culture of life is. Oh, I can't wait for the story. The story won't tell. But that's not in any literal mold away. Or the window. Won't you tell Douglas? What? Because I don't know who she was in Love with. I know who she was. Let me stay here to be pleased to have done with it. Let this narrative...
npu-c25-nf-nt	1	s121-127105/ssb5/c25	005.wav	25.00	5.060	16.440	That transcript of my own made much greater in what I shall present again. Poor doctor. The horde had said when it was assigned. Immediately the manuscript had reached him on the third of his days, and that on the same spot with the manuscript he began to reach our hushed little circle. But the parting ratings of it said they would stay different of course.
npu-c25-nf-nt	1	s121-127105/ssb5/c25	006.wav	25.00	4.447	14.300	The first of these touches conveyed that the physical statement took up the pale at a point after it had, in a manner, begun, "We have to do bone count, Reverend, to dig out, fill with the soil, and have our own."
npu-c25-nf-nt	1	s121-127105/ssb5/c25	007.wav	25.00	5.188	16.880	and the trophies of the Shakespeare. But it was a dream until he was an old family place in Amnesty that he wished for immediately to succeed. The awkward thing was that they had practically no other relations and that his own affairs took up all his problems. There were plenty of people to help, but of course the young ladies who should go down as governors were the most important qualities.
npu-c25-nf-nt	1	s121-127105/ssb5/c25	008.wav	25.00	4.855	15.700	She was young, I'm trying to be urban. It was the vision of a theory institution and of a company. It really played a role in it. It's a passion. It was the vision of a company. It's down to down. It's down to strange. And all the more so because of its name.
npu-c25-nf-nt	1	s121-127105/ssb5/c25	009.wav	15.00	3.538	11.160	She mentioned to me that my friend wanted this burden to likely hold her hand.
npu-c25-nf-nt	2	s121-127105/clean/c25	002.wav	25.00	5.626	18.390	the record yours?" He hung fire again. A woman's. "She has been dead these twenty years." She sent me the pages in question before she died. "She was the most agreeable woman I've ever known in her position. She would have been worthy of any whatever." It wasn't simply that she said so, but that I knew she hadn't. I was sure I could see. "You'll easily judge why when you hear, because the thing had
npu-c25-nf-nt	2	s121-127105/clean/c25	003.wav	25.00	5.289	17.200	been such a scare, he continued to fix me. "You are acute!" He quitted the fire and dropped back into his chair. Probably not till the second post. It was almost the tone of hope. Everybody will stay. Cryed the ladies, whose departure had been fixed. Mrs. Griffin, however, expressed the need for a little more light. "Who was it she was in love with?
npu-c25-nf-nt	2	s121-127105/clean/c25	004.wav	25.00	5.656	18.500	The story will tell, I took upon myself to reply. "Oh, I can't wait for the story. The story won't tell," said Douglas, "not in any literal vulgar way." "More's the pity, then." "Won't you tell, Douglas?" "Well, if I don't know who she was in love with, I know who he was." "Let me say here distinctly to have done with it that this narrative, from an
npu-c25-nf-nt	2	s121-127105/clean/c25	005.wav	25.00	5.444	17.770	exact transcript of my own made much later is what I shall presently give. Poor Douglas, before his death, when it was in sight, committed to me the manuscript that reached him on the third of these days and that, on the same spot, with immense effect, he began to read to our hushed little circle on the night of the fourth. The departing ladies who had said they would stay didn't, of course,
npu-c25-nf-nt	2	s121-127105/clean/c25	006.wav	25.00	5.239	17.040	thank heaven, stay, they departed in consequence of arrangements made. In a rage of curiosity, as they professed, produced by the touches with which he had already worked us up. The first of these touches conveyed that the written statement took up the tale at a point after it had, in a manner, begun. He had for his own town residence a big house filled with the spoils of travel
npu-c25-nf-nt	2	s121-127105/clean/c25	007.wav	25.00	5.281	17.210	and the trophies of the Chase, but it was to his country home, an old family place in Essex, that he wished her immediately to proceed. The awkward thing was that they had practically no other relations, and that his own affairs took up all his time. There were plenty of people to help, but of course the young lady who should go down as governess would be in supreme authority. I
npu-c25-nf-nt	2	s121-127105/clean/c25	008.wav	25.00	4.815	15.580	don't anticipate. She was young, untried, nervous. It was a vision of serious duties in little company, of really great loneliness. Yes, but that's just the beauty of her passion. It was the beauty of it. It sounded dull, it sounded strange, and all the more so because of his main
npu-c25-nf-nt	2	s121-127105/clean/c25	009.wav	15.00	4.208	13.470	condition, which was—" She promised to do this, and she mentioned to me that when for a moment, disburdened, delighted, he held her hand, thanking her for the sacrifice. She
npu-c25-nf-nt	2	s121-127105/ssb15/c25	000.wav	25.00	5.456	17.760	It was this observation that drew from Douglas, not immediately, but later in the evening, of a pry that had the interesting consequence to which I call attention. Someone else told a story not particularly effective, which I thought he was not following, tried one of the women. He took no notice of her. He looked at me, but as if, instead of me, he saw what he spoke of. There was a unanimous question.
npu-c25-nf-nt	2	s121-127105/ssb15/c25	001.wav	25.00	5.226	17.010	at this, and much reproach, after which in his preoccupied way he explained the stories written. I could write to my man and then close the keys. He could send down the packet if he finds it. The others resented postponement, but it was just a scruple that charmed me. To this his answer was prompt, "Oh, thank God now, and is
npu-c25-nf-nt	2	s121-127105/ssb15/c25	002.wav	25.00	5.556	18.140	record yours. He hung fire again, a woman. She has been dead these 20 years. She sent me the pages and questioned before she died. She was the most agreeable woman I've ever known in her position. She would have been worthy of any whatever. It wasn't simply that she said so, but that I knew she hadn't. I was sure, I could see. You'll easily judge why we're here, because the thing has been
npu-c25-nf-nt	2	s121-127105/ssb15/c25	003.wav	25.00	5.158	16.780	"You are a cute." He quitted the fire and dropped back into his chair. "Probably not over second post. It was almost the tone of hope. Everybody will stay." Cried the lady whose departure had been fixed. "Mrs. Grisson, however, expressed the need for a little more light." "Who was it she was in love with?"
npu-c25-nf-nt	2	s121-127105/ssb15/c25	004.wav	25.00	5.595	18.280	The story will tell, I took upon myself to reply. "Oh, I can't wait for the story. The story won't tell," said Douglas, "not in any literal vulgar way. Or is the pity done? Won't you tell, Douglas?" "Well, if I don't know who she was in love with, I know who she was. Let me stay here distinctly to have done with it, that this narrative, some inexperienced
npu-c25-nf-nt	2	s121-127105/ssb15/c25	005.wav	25.00	5.283	17.210	That transcript of my own made much later is what I shall presently give for Douglas before his death when it was in sight. Committed to me the manuscript that reached him on the third of these days and that on the same spot with immense effect he began to read to our hushed little circles on the night of the fourth. The departing ladies who had said they would stay didn't of course.
npu-c25-nf-nt	2	s121-127105/ssb15/c25	006.wav	25.00	5.065	16.480	They departed in consequence of arrangements made. In a rage of curiosity as they professed, produced by the touches with which he had already worked us up. The first of these touches conveyed that the written statement took at the tail at a point after it had, in a manner, begun. He had for his own town residence a big house filled with the spoils of travel
npu-c25-nf-nt	2	s121-127105/ssb15/c25	007.wav	25.00	5.233	17.010	and the trophies of the Chase, but it was to his country home, an old family place in Essex, that he wished her immediately to proceed. The awkward thing was that they had practically no other relations, and that his own affairs took up all his time. There were plenty of people to help, but of course the young lady who should go down as governor would be in supreme authority.
npu-c25-nf-nt	2	s121-127105/ssb15/c25	008.wav	25.00	4.924	15.960	Don't ampiss me. She was young, untried, nervous. It was a vision of serious beauties and little company. A really great loneliness. Yes, but that's just the beauty of her passion. It was the beauty of it. It sounded dull. It sounded strange. And all the more so because it is main
npu-c25-nf-nt	2	s121-127105/ssb15/c25	009.wav	15.00	3.955	12.590	to do this. And she mentioned to me that when for a moment this burdened, delighted, he held her hand, thanking her for the sacrifice. She
npu-c25-nf-nt	2	s121-127105/ssb5/c25	000.wav	25.00	5.437	17.490	It was an observation that was conducted not only in the brain but in the brain. The pie that had been mentioned in the conversation was not a retention. Someone else was not particularly effective, which I thought was not a quality. He tried one of the women. He just now noticed the person. He looked at you. I don't know if it was him or her, but he spoke out. There was an analogy.
npu-c25-nf-nt	2	s121-127105/ssb5/c25	001.wav	25.00	5.153	16.760	and much approach, as the written in preoccupied way explains the story's written. I call it "Right to my Man" and then close the keys. We should send out the packet to define this. The others are meant to be closed. But it was just a Google bit challenge. To this is answer was thought. Oh, thank God now. And is that the answer?
npu-c25-nf-nt	2	s121-127105/ssb5/c25	002.wav	25.00	5.390	17.570	the record more. In her fire again, a woman. She has been dead for twenty years. She has been vaccinated in question before she died. She was the most agreeable woman I've ever known in her vision. She would have been worthy of any whatever. I don't think she would have been so. But I think she had it for sure. You'll easily judge why we're here. It's her decision.
npu-c25-nf-nt	2	s121-127105/ssb5/c25	003.wav	25.00	3.892	12.370	You are a cheat. Put this island back into its care. Probably not to the second coast. It was almost as if everybody would stay.
npu-c25-nf-nt	2	s121-127105/ssb5/c25	004.wav	25.00	5.516	17.840	The story won't tell. I don't know what my culture of life is. Oh, I can't wait for the story. The story won't tell. But that's not in any literal mold away. Or the window. Won't you tell Douglas? What? Because I don't know who she was in Love with. I know who she was. Let me stay here to be pleased to have done with it. Let this narrative...
npu-c25-nf-nt	2	s121-127105/ssb5/c25	005.wav	25.00	5.075	16.480	That transcript of my own made much greater in what I shall present again. Poor doctor. The horde had said when it was assigned. Immediately the manuscript had reached him on the third of his days, and that on the same spot with the manuscript he began to reach our hushed little circle. But the parting ratings of it said they would stay different of course.
npu-c25-nf-nt	2	s121-127105/ssb5/c25	006.wav	25.00	4.464	14.330	The first of these touches conveyed that the physical statement took up the pale at a point after it had, in a manner, begun, "We have to do bone count, Reverend, to dig out, fill with the soil, and have our own."
npu-c25-nf-nt	2	s121-127105/ssb5/c25	007.wav	25.00	5.199	16.920	and the trophies of the Shakespeare. But it was a dream until he was an old family place in Amnesty that he wished for immediately to succeed. The awkward thing was that they had practically no other relations and that his own affairs took up all his problems. There were plenty of people to help, but of course the young ladies who should go down as governors were the most important qualities.
npu-c25-nf-nt	2	s121-127105/ssb5/c25	008.wav	25.00	4.923	15.780	She was young, I'm trying to be urban. It was the vision of a theory institution and of a company. It really played a role in it. It's a passion. It was the vision of a company. It's down to down. It's down to strange. And all the more so because of its name.
npu-c25-nf-nt	2	s121-127105/ssb5/c25	009.wav	15.00	3.543	11.170	She mentioned to me that my friend wanted this burden to likely hold her hand.
npu-c30-nf-nt-sns	2	s121-127105/clean/c30	002.wav	30.00	5.905	19.370	She was the most agreeable woman I've ever known in her position. She would have been worthy of any whatever. It wasn't simply that she said so, but that I knew she hadn't. I was sure I could see. You'll easily judge why when you hear, because the thing had been such a scare, he continued to fix me. You are acute. He quitted the fire and dropped back into his chair. Probably not till the second post. It was almost the tone of hope. Everybody will stay.
npu-c30-nf-nt-sns	2	s121-127105/clean/c30	003.wav	30.00	5.849	19.180	cried the ladies whose departure had been fixed. Mrs. Griffin, however, expressed the need for a little more light. Who was it she was in love with? The story will tell, I took upon myself to reply. Oh, I can't wait for the story. The story won't tell, said Douglas, not in any literal vulgar way. Or is the pity then? Won't you tell, Douglas? Well, if I don't know who she was in love with, I know who he was.
npu-c30-nf-nt-sns	2	s121-127105/clean/c30	004.wav	30.00	5.919	19.390	Let me say here distinctly to have done with it that this narrative, from an exact transcript of my own made much later, is what I shall presently give. Poor Douglas, before his death, when it was in sight, committed to me the manuscript that reached him on the third of these days and that, on the same spot, with immense effect, he began to read to our hushed little circle on the night of the fourth. The departing ladies who had said they would stay didn't, of course,
npu-c30-nf-nt-sns	2	s121-127105/clean/c30	005.wav	30.00	5.589	18.280	Thank heaven, stay, they departed in consequence of arrangements made, in a rage of curiosity as they professed, produced by the touches with which he had already worked us up. The first of these touches conveyed that the written statement took up the tale at a point after it had, in a manner, begun. He had for his own town residence a big house filled with the spoils of travel and the trophies of the chase, but it was to his country home
npu-c30-nf-nt-sns	2	s121-127105/clean/c30	006.wav	30.00	5.476	17.870	old family place in Essex, that he wished her immediately to proceed. The awkward thing was that they had practically no other relations, and that his own affairs took up all his time. There were plenty of people to help, but of course the young lady who should go down as governess would be in supreme authority. I don't anticipate. She was young, untried, nervous. It was a vision of serious duties in little company.
npu-c30-nf-nt-sns	2	s121-127105/clean/c30	007.wav	30.00	5.233	17.020	of really great loneliness. Yes, but that's just the beauty of her passion. It was the beauty of it. It sounded dull, it sounded strange, and all the more so because of his main condition, which was—she promised to do this, and she mentioned to me that when for a moment, disburdened, delighted, he held her hand, thanking her for the sacrifice.
npu-c30-nf-nt-sns	2	s121-127105/ssb15/c30	000.wav	30.00	5.799	18.930	It was this observation that drew from Douglas, not immediately, but later in the evening, a reply that had the interesting consequence to which I call attention. Someone else told a story not particularly effective, which I saw he was not following, tried one of the women. He took no notice of her. He looked at me, but as if, instead of me, he saw what he spoke of. There was a unanimous groan at this, and much reproach afterwards in his preoccupied way.
npu-c30-nf-nt-sns	2	s121-127105/ssb15/c30	001.wav	30.00	5.647	18.280	He explained the stories written. I could write to my man and then close the key. He could send down the packet if he finds it. The others resented postponement, but it was just a group of the charm team. To this, his answer was prompt. Oh, thank God now. And is the record yours? He hung fire again. A woman. She has been dead these 20 years. She sent me the pages and questioned before she died.
npu-c30-nf-nt-sns	2	s121-127105/ssb15/c30	002.wav	30.00	5.917	19.380	She was the most agreeable woman I've ever known in her position. She would have been worthy of any whatever. It's not simply that she said so, but that I knew she hadn't. I was sure, I could see. You'll easily judge why we're here, because the thing has been such a scare, he continued to fix me. You are acute. He quitted the fire and dropped back into his chair. Probably not over second post. It was almost the tone of hope. Everybody will stay.
npu-c30-nf-nt-sns	2	s121-127105/ssb15/c30	003.wav	30.00	5.818	19.110	Cry the ladies whose departure has been fixed. Mrs. Griffin, however, expressed the need for a little more light. Who was it she was in love with? The story will tell, I took upon myself to reply. Oh, I can't wait for the story. The story won't tell, said Douglas, not in any literal vulgar way. Or is the pity done? Won't you tell Douglas? Well, if I don't know who she was in love with, I know who she was.
npu-c30-nf-nt-sns	2	s121-127105/ssb15/c30	004.wav	30.00	5.811	19.040	Let me stay here distinctly to have done with it that this narrative from an exact transcript of my own made much later is what I shall presently give. For Douglas, before his death, when it was in sight, committed to me the manuscript that reached him on the third of these days and that on the same spot with immense effect, he began to read to our hushed little circles on the night of the fourth. The departing ladies who had said they would stay didn't, of course,
npu-c30-nf-nt-sns	2	s121-127105/ssb15/c30	005.wav	30.00	3.835	12.170	The first of these touches conveyed that the written statement took up the tale at a point after it had, in a manner, begun.
npu-c30-nf-nt-sns	2	s121-127105/ssb15/c30	006.wav	30.00	5.415	17.680	an old family place in Essex that he wished her immediately to proceed. The awkward thing was that they had practically no other relations and that his own affairs took up all this time. There were plenty of people to help, but of course the young lady who should go down as governor would be in supreme authority. I don't anticipate. She was young, untried, nervous. It was a vision of serious duties and little company.
npu-c30-nf-nt-sns	2	s121-127105/ssb15/c30	007.wav	30.00	5.170	16.850	of really great loneliness. Yes, but that's just the beauty of her passion. It was the beauty of it. It sounded dull, it sounded strange, and all the more so because of his main condition, which was, she promised to do this, and she mentioned to me that when for a moment this burdened, delighted, he held her hand, thanking her for the sacrifice.
npu-c30-nf-nt-sns	2	s121-127105/ssb5/c30	000.wav	30.00	5.785	18.910	It was an observation that was conducted not in any way that may have been done. I applied it had the intention to come to that. And with that whole attention, someone else was more or less exclusively effective, which I thought was not followed by the truth. I tried one of the women. He just now noticed the first. He looked at you, but at least in terms of your knowledge of focus, there was a unanimous role in this. And much approach after which it was preoccupied way
npu-c30-nf-nt-sns	2	s121-127105/ssb5/c30	001.wav	30.00	5.483	17.900	I explained the stories written by the Lord right to my man and enclosed the truth. He put that down and packed it behind it. The others were meant to be told. But it was just a scoop of a challenge. To this, his answer was false. Oh, thank God, now. And is the record yours? In how fire again a woman? She has been dead for twenty years. She has been indicated in question before she died.
npu-c30-nf-nt-sns	2	s121-127105/ssb5/c30	002.wav	30.00	3.270	10.230	You are a cheat.
npu-c30-nf-nt-sns	2	s121-127105/ssb5/c30	003.wav	30.00	4.444	14.320	Oh, I can't wait to see the story. The story won't tell. Not in any literal Mulderway. Won't you tell Douglas? I don't know who she was in Mulderway. I know who she was.
npu-c30-nf-nt-sns	2	s121-127105/ssb5/c30	004.wav	30.00	5.705	18.660	Let me stay here to please please have done with it. Let this narrative of an exact transcript of my own made much later in what I shall presently give. Poor doctor. The Lord had said when it was his life. He made it to me the manuscript that reached him on the third of his reign, and that on the same spot with the next chapter he began to reach to our hospital circle in 1994. But the parting rating that it said they would stay didn't of course.
npu-c30-nf-nt-sns	2	s121-127105/ssb5/c30	005.wav	30.00	5.749	18.810	The tank has a big space of space, in consequence of a range of space. In a range of curiosity, as they present, produced by the touches with which he had already gone to come. The first of these touches conveyed that the distance between them took a detail at a point after it had, in a manner, begun. The house was a bone count, rather than a big house filled with the soil of the shovel and the trophies of the shape. But it wasn't until going.
npu-c30-nf-nt-sns	2	s121-127105/ssb5/c30	006.wav	30.00	5.517	18.020	an old family place in Athens that he wished her immediately to see. The awkward thing was that they had practically no other relations and that his own affairs took up all this money. There were plenty of people to help, but of course the young lady who should go down as governor would be a senior authority. I don't have to. She was young, un-shy, and nervous. It was the vision of a very interesting and little company.
npu-c30-nf-nt-sns	2	s121-127105/ssb5/c30	007.wav	30.00	3.289	10.300	It's down to go.
npu-c30-nf-nt	2	s121-127105/clean/c30	002.wav	30.00	5.959	19.550	She was the most agreeable woman I've ever known in her position. She would have been worthy of any whatever. It wasn't simply that she said so, but that I knew she hadn't. I was sure I could see. "You'll easily judge why when you hear, because the thing had been such a scare?" He continued to fix me. "You are acute." He quitted the fire and dropped back into his chair. Probably not till the second post. It was almost the tone of hope. Everybody will stay.
npu-c30-nf-nt	2	s121-127105/clean/c30	003.wav	30.00	6.038	19.840	cried the ladies whose departure had been fixed. Mrs. Griffin, however, expressed the need for a little more light. "Who was it she was in love with? The story will tell," I took upon myself to reply. "Oh, I can't wait for the story. The story won't tell," said Douglas, "not in any literal vulgar way." "Or is the pity then?" "Won't you tell, Douglas?" "Well, if I don't know who she was in love with, I know who he was."
npu-c30-nf-nt	2	s121-127105/clean/c30	004.wav	30.00	5.907	19.380	Let me say here distinctly to have done with it that this narrative, from an exact transcript of my own made much later, is what I shall presently give. Poor Douglas, before his death, when it was in sight, committed to me the manuscript that reached him on the third of these days and that, on the same spot, with immense effect, he began to read to our hushed little circle on the night of the fourth. The departing ladies who had said they would stay didn't, of course,
npu-c30-nf-nt	2	s121-127105/clean/c30	005.wav	30.00	5.596	18.300	Thank heaven, stay, they departed in consequence of arrangements made, in a rage of curiosity as they professed, produced by the touches with which he had already worked us up. The first of these touches conveyed that the written statement took up the tale at a point after it had, in a manner, begun. He had for his own town residence a big house filled with the spoils of travel and the trophies of the chase, but it was to his country home
npu-c30-nf-nt	2	s121-127105/clean/c30	006.wav	30.00	5.463	17.830	old family place in Essex, that he wished her immediately to proceed. The awkward thing was that they had practically no other relations, and that his own affairs took up all his time. There were plenty of people to help, but of course the young lady who should go down as governess would be in supreme authority. I don't anticipate. She was young, untried, nervous. It was a vision of serious duties in little company.
npu-c30-nf-nt	2	s121-127105/clean/c30	007.wav	30.00	5.235	17.030	of really great loneliness. Yes, but that's just the beauty of her passion. It was the beauty of it. It sounded dull, it sounded strange, and all the more so because of his main condition, which was—she promised to do this, and she mentioned to me that when for a moment, disburdened, delighted, he held her hand, thanking her for the sacrifice.
npu-c30-nf-nt	2	s121-127105/ssb15/c30	000.wav	30.00	5.798	18.930	It was this observation that drew from Douglas, not immediately, but later in the evening, a reply that had the interesting consequence to which I call attention. Someone else told a story not particularly effective, which I saw he was not following, tried one of the women. He took no notice of her. He looked at me, but as if, instead of me, he saw what he spoke of. There was a unanimous groan at this, and much reproach afterwards in his preoccupied way.
npu-c30-nf-nt	2	s121-127105/ssb15/c30	001.wav	30.00	5.708	18.530	He explained the stories written. I could write to my man and then close the key. He could send down the packet if he finds it. The others resented postponement, but it was just a group of the charm team. To this, his answer was prompt. "Oh, thank God now. And is the record yours?" He hung a fire again. A woman. "She has been dead these twenty years. She sent me the pages and questioned before she died.
npu-c30-nf-nt	2	s121-127105/ssb15/c30	002.wav	30.00	5.960	19.370	She was the most agreeable woman I've ever known in her position. She would have been worthy of any whatever. It's not simply that she said so, but that I knew she hadn't. I was sure, I could see. You'll easily judge why we're here, because the thing has been such a scare, he continued to fix me. You are acute. He quitted the fire and dropped back into his chair. Probably not over second post. It was almost the tone of hope. Everybody will stay.
npu-c30-nf-nt	2	s121-127105/ssb15/c30	003.wav	30.00	6.031	19.830	Cry the ladies whose departure has been fixed. Mrs. Griffin, however, expressed the need for a little more light. "Who was it she was in love with?" "The story will tell," I took upon myself to reply. "Oh, I can't wait for the story. The story won't tell," said Douglas, "not in any literal vulgar way." "Or is the pity done?" "Won't you tell Douglas?" "Well, if I don't know who she was in love with, I know who she was."
npu-c30-nf-nt	2	s121-127105/ssb15/c30	004.wav	30.00	5.803	19.020	Let me stay here distinctly to have done with it that this narrative from an exact transcript of my own made much later is what I shall presently give. For Douglas, before his death, when it was in sight, committed to me the manuscript that reached him on the third of these days and that on the same spot with immense effect, he began to read to our hushed little circles on the night of the fourth. The departing ladies who had said they would stay didn't, of course,
npu-c30-nf-nt	2	s121-127105/ssb15/c30	005.wav	30.00	3.832	12.180	The first of these touches conveyed that the written statement took up the tale at a point after it had, in a manner, begun.
npu-c30-nf-nt	2	s121-127105/ssb15/c30	006.wav	30.00	5.401	17.640	an old family place in Essex that he wished her immediately to proceed. The awkward thing was that they had practically no other relations and that his own affairs took up all this time. There were plenty of people to help, but of course the young lady who should go down as governor would be in supreme authority. I don't anticipate. She was young, untried, nervous. It was a vision of serious duties and little company.
npu-c30-nf-nt	2	s121-127105/ssb15/c30	007.wav	30.00	5.171	16.820	of really great loneliness. Yes, but that's just the beauty of her passion. It was the beauty of it. It sounded dull, it sounded strange, and all the more so because of his main condition, which was, she promised to do this, and she mentioned to me that when for a moment this burdened, delighted, he held her hand, thanking her for the sacrifice.
npu-c30-nf-nt	2	s121-127105/ssb5/c30	000.wav	30.00	5.780	18.910	It was an observation that was conducted not in any way that may have been done. I applied it had the intention to come to that. And with that whole attention, someone else was more or less exclusively effective, which I thought was not followed by the truth. I tried one of the women. He just now noticed the first. He looked at you, but at least in terms of your knowledge of focus, there was a unanimous role in this. And much approach after which it was preoccupied way
npu-c30-nf-nt	2	s121-127105/ssb5/c30	001.wav	30.00	5.486	17.920	I explained the stories written by the Lord right to my man and enclosed the truth. He put that down and packed it behind it. The others were meant to be told. But it was just a scoop of a challenge. To this, his answer was false. "Oh, thank God now." And is the record yours? In how fire again a woman? She has been dead for twenty years. She has been indicated in question before she died.
npu-c30-nf-nt	2	s121-127105/ssb5/c30	002.wav	30.00	3.270	10.220	You are a cheat.
npu-c30-nf-nt	2	s121-127105/ssb5/c30	003.wav	30.00	4.446	14.330	Oh, I can't wait to see the story. The story won't tell. Not in any literal Mulderway. Won't you tell Douglas? I don't know who she was in Mulderway. I know who she was.
npu-c30-nf-nt	2	s121-127105/ssb5/c30	004.wav	30.00	5.700	18.650	Let me stay here to please please have done with it. Let this narrative of an exact transcript of my own made much later in what I shall presently give. Poor doctor. The Lord had said when it was his life. He made it to me the manuscript that reached him on the third of his reign, and that on the same spot with the next chapter he began to reach to our hospital circle in 1994. But the parting rating that it said they would stay didn't of course.
npu-c30-nf-nt	2	s121-127105/ssb5/c30	005.wav	30.00	5.751	18.860	The tank has a big space of space, in consequence of a range of space. In a range of curiosity, as they present, produced by the touches with which he had already gone to come. The first of these touches conveyed that the distance between them took a detail at a point after it had, in a manner, begun. The house was a bone count, rather than a big house filled with the soil of the shovel and the trophies of the shape. But it wasn't until going.
npu-c30-nf-nt	2	s121-127105/ssb5/c30	006.wav	30.00	5.510	18.020	an old family place in Athens that he wished her immediately to see. The awkward thing was that they had practically no other relations and that his own affairs took up all this money. There were plenty of people to help, but of course the young lady who should go down as governor would be a senior authority. I don't have to. She was young, un-shy, and nervous. It was the vision of a very interesting and little company.
npu-c30-nf-nt	2	s121-127105/ssb5/c30	007.wav	30.00	3.220	10.040	[inaudible]
npu-ac1200-nf-nt-sns	2	s121-127105/clean/c20	002.wav	20.00	3.983	12.840	The others resented postponement, but it was just his scruples that charmed me. To this his answer was prompt. Oh, thank God, no. And is the record yours? He hung fire again. A woman's. She has been dead these twenty years. She sent me the pages in question before she died.
npu-ac1200-nf-nt-sns	2	s121-127105/clean/c20	003.wav	20.00	4.132	13.350	She was the most agreeable woman I've ever known in her position. She would have been worthy of any whatever. It wasn't simply that she said so, but that I knew she hadn't. I was sure I could see. You'll easily judge why when you hear, because the thing had been such a scare, he continued to fix me. You are a
npu-ac1200-nf-nt-sns	2	s121-127105/clean/c20	004.wav	20.00	3.962	12.790	cute. He quitted the fire and dropped back into his chair. Probably not till the second post. It was almost the tone of hope. Everybody will stay. Cryed the ladies, whose departure had been fixed. Mrs. Griffin, however, expressed the need for a little more light. Who was it she was in love with?
npu-ac1200-nf-nt-sns	2	s121-127105/clean/c20	005.wav	20.00	4.028	13.010	The story will tell, I took upon myself to reply. Oh, I can't wait for the story. The story won't tell, said Douglas, not in any literal vulgar way. Or is the pity then? Won't you tell Douglas? Well, if I don't know who she was in love with, I know who he was.
npu-ac1200-nf-nt-sns	2	s121-127105/clean/c20	006.wav	20.00	3.985	12.850	Let me say here distinctly to have done with it that this narrative, from an exact transcript of my own made much later, is what I shall presently give. Poor Douglas, before his death, when it was in sight, committed to me the manuscript that reached him on the third of these days and that, on the same spot,
npu-ac1200-nf-nt-sns	2	s121-127105/clean/c20	007.wav	20.00	3.909	12.590	with immense effect. He began to read to our hushed little circle on the night of the fourth. The departing ladies who had said they would stay didn't, of course. Thank heaven, stay. They departed in consequence of arrangements made. In a rage of curiosity as they professed, produced by the touches with
npu-ac1200-nf-nt-sns	2	s121-127105/clean/c20	008.wav	20.00	3.960	12.770	which he had already worked us up. The first of these touches conveyed that the written statement took up the tale at a point after it had, in a manner, begun. He had for his own town residence a big house filled with the spoils of travel and the trophies of the chase, but it was to his country home an
npu-ac1200-nf-nt-sns	2	s121-127105/clean/c20	009.wav	20.00	3.883	12.530	old family place in Essex that he wished her immediately to proceed. The awkward thing was that they had practically no other relations, and that his own affairs took up all his time. There were plenty of people to help, but of course the young lady who should go down as governess would be in supreme authority. I
npu-ac1200-nf-nt-sns	2	s121-127105/clean/c20	010.wav	20.00	3.475	11.100	Don't anticipate. She was young, untried, nervous. It was a vision of serious duties in little company, of really great loneliness. Yes, but that's just the beauty of her passion. It was the beauty of it.
npu-ac1200-nf-nt-sns	2	s121-127105/clean/c20	011.wav	20.00	3.663	11.770	It sounded dull, it sounded strange, and all the more so because of his main condition, which was—she promised to do this, and she mentioned to me that when for a moment disburdened, delighted, he held her hand, thanking her for the sacrifice.
npu-ac1200-nf-nt-sns	2	s121-127105/ssb15/c20	000.wav	20.00	3.996	12.870	It was this observation that drew from Douglas, not immediately, but later in the evening, a reply that had the interesting consequence to which I call attention. Someone else told a story not particularly effective, which I thought he was not following, tried one of the women. He took no notice of her. He looked at me, but as if
npu-ac1200-nf-nt-sns	2	s121-127105/ssb15/c20	001.wav	20.00	3.806	12.260	Instead of me, he saw what he spoke of. There was a unanimous groan at first, and much reproach, after which in his preoccupied way he explained the stories written. I could write to my man and then close the key. He could send down the packet if he finds it.
npu-ac1200-nf-nt-sns	2	s121-127105/ssb15/c20	002.wav	20.00	3.956	12.770	The others were sent to postpone it, but it was just a group of the charm team. To this, his answer was prompt, oh thank god now, and is the record yours? He hung a pyre again, a woman. She has been dead these 20 years. She sent me the pages and questioned before she died.
npu-ac1200-nf-nt-sns	2	s121-127105/ssb15/c20	003.wav	20.00	4.126	13.320	She was the most agreeable woman I've ever known in her position. She would have been worthy of any whatever. It's not simply that she said so, but that I knew she hadn't. I was sure I could see. You'll easily judge why we're here, because the thing has been such a scare, he continued to fix me. You are.
npu-ac1200-nf-nt-sns	2	s121-127105/ssb15/c20	004.wav	20.00	3.832	12.350	He quitted the fire and dropped back into his chair. Probably not over second post. It was almost the tone of hope. Everybody will stay. Cry the ladies whose departure has been fixed. Mrs. Griffin, however, expressed the need for a little more light. Who was it she was in love with?
npu-ac1200-nf-nt-sns	2	s121-127105/ssb15/c20	005.wav	20.00	4.027	13.010	The story will tell, I took upon myself to reply. Oh, I can't wait for the story. The story won't tell, said Douglas, not in any literal vulgar way. Or is the pity done? Won't you tell Douglas? Well, if I don't know who she was in that way, I know who she was.
npu-ac1200-nf-nt-sns	2	s121-127105/ssb15/c20	006.wav	20.00	3.894	12.540	Let me stay here distinctly to have done with it that this narrative from an exact transcript of my own made much later is what I shall presently give. Poor Douglas, before his death, when it was in sight, committed to me the manuscript that reached him on the third of these days and that on the same spot
npu-ac1200-nf-nt-sns	2	s121-127105/ssb15/c20	007.wav	20.00	3.906	12.590	with immense effect. He began to read to our hushed little circles on the night of the fourth. The departing ladies who had said they would stay didn't, of course, thank heaven, stay. They departed in consequence of arrangements made. In a rage of curiosity as they professed, produced by the touches with
npu-ac1200-nf-nt-sns	2	s121-127105/ssb15/c20	008.wav	20.00	3.964	12.780	which he had already worked us up. The first of these touches conveyed that the written statement took at the tail at a point after it had, in a manner, begun. He had for his own town residence a big house filled with the spoils of travel and the trophies of the chase, but it worked at his country home.
npu-ac1200-nf-nt-sns	2	s121-127105/ssb15/c20	009.wav	20.00	3.816	12.280	old family placed an ethic that he wished her immediately to proceed. The awkward thing was that they had practically no other relations and that his own affairs took up all this time. There were plenty of people to help, but of course the young lady who should go down as governor would be in supreme authority. I
npu-ac1200-nf-nt-sns	2	s121-127105/ssb15/c20	010.wav	20.00	3.570	11.420	Don't ampetic me. She was young, untried, nervous. It was a vision of serious beauties and little company. A really great loneliness. Yes, but that's just the beauty of her passion. It was the beauty of it.
npu-ac1200-nf-nt-sns	2	s121-127105/ssb15/c20	011.wav	20.00	3.642	11.680	It sounded dull, it sounded strange, and all the more so because of his main condition, which was, she promised to do this, and she mentioned to me that when for a moment this burdened, delighted, he held her hand, thanking her for the sacrifice.
npu-ac1200-nf-nt-sns	2	s121-127105/ssb5/c20	000.wav	20.00	4.253	13.600	It was an observation that was conducted not in any way that may have been done. But by the heavy-denture, in the course of that, it was not a retention. Someone else was doing it, and it was still very effective, which I thought was not a quality. He tried one of the women. He just now noticed the first. He looked at you.
npu-ac1200-nf-nt-sns	2	s121-127105/ssb5/c20	001.wav	20.00	3.714	11.940	In the center of the city of Norwood and Spokane, there was a unanimous roll of this and much reproach after which it in preoccupied way explained the story written by George White to my man and enclosed the keys, which was sent out of the packet behind it.
npu-ac1200-nf-nt-sns	2	s121-127105/ssb5/c20	002.wav	20.00	3.673	11.780	The other was just a group of the child. To this is answer was false. Oh, thank God, now. And is the record yours? In her fire again, a woman. She has been dead for 20 years. She's not indicated in question before she died.
npu-ac1200-nf-nt-sns	2	s121-127105/ssb5/c20	003.wav	20.00	2.364	7.300	You are
npu-ac1200-nf-nt-sns	2	s121-127105/ssb5/c20	004.wav	20.00	2.534	7.910	The other one was in the mouth way.
npu-ac1200-nf-nt-sns	2	s121-127105/ssb5/c20	005.wav	20.00	4.072	13.180	The story won't tell. I don't know what my culture of life is. Oh, I can't wait for the story. The story won't tell. But that's not in any literal mold away. Or the thing that won't you tell Douglas? What? Because I don't know who she was in love with. I know who she was.
npu-ac1200-nf-nt-sns	2	s121-127105/ssb5/c20	006.wav	20.00	4.069	13.010	Let me stay here to please please, and have done with it. Let this narrative, the moment in that transcript of my own made much later, is what I shall presently give. For the court has said, when it was assigned, committed to me the manuscript that reached him on the third of his days, and that on the same spot,
npu-ac1200-nf-nt-sns	2	s121-127105/ssb5/c20	007.wav	20.00	3.767	12.100	with an accent, he began to reach our harsh typical, indignity, form. The departing raiding is a result of the same business corps, thank heavens, they say, in consequence of a range of things. In a range of curiosity, as they present, produced by the touches
npu-ac1200-nf-nt-sns	2	s121-127105/ssb5/c20	008.wav	20.00	3.884	12.500	which he had already worked on. The source of these papers conveyed that the written statement took up the tale at a point after it had in a manner begun. We had to go into our residence a big house filled with the soiled shovel and the trophies of the shape. But it wasn't until two years ago.
npu-ac1200-nf-nt-sns	2	s121-127105/ssb5/c20	009.wav	20.00	3.860	12.420	an old family place in Amnesty that he wished for immediately to be seen. The awkward thing was that they had practically no other relations and that his own affairs took up all his power. There were plenty of people to help, but of course the young ladies who should go down as governors would be extremely important.
npu-ac1200-nf-nt-sns	2	s121-127105/ssb5/c20	010.wav	20.00	3.587	11.510	Don't tell me she was young, I'm trying to be urban. It was the vision of theory and vision of the company. It really brings me to this. She had a passion for this. She had a passion for this. She was the best.
npu-ac1200-nf-nt-sns	2	s121-127105/ssb5/c20	011.wav	20.00	3.684	11.850	It's out of doubt, and all the more so because of his main position, which was, she's always used it. And she mentioned to me that when she was working, this burden, the light, held her hand, and she was like, she always used it.
npu	2	s121-127105/clean/c20	002.wav	20.00	5.238	17.020	The others resented postponement, but it was just his scruples that charmed me.  To this his answer was prompt.  Oh, thank God, no.  And is the record yours?  He hung fire again. A woman's.  She has been dead these twenty years.  She sent me the pages in question before she died.
npu	2	s121-127105/clean/c20	003.wav	20.00	5.445	17.750	She was the most agreeable woman I've ever known in her position.  She would have been worthy of any whatever.  It wasn't simply that she said so, but that I knew she hadn't.  I was sure I could see.  You'll easily judge why when you hear, because the thing had been such a scare.  He continued to fix me.  You are a criminal.
npu	2	s121-127105/clean/c20	004.wav	20.00	5.110	16.390	cute. He quitted the fire and dropped back into his chair. Probably not till the second  post. It was almost the tone of hope. Everybody will stay. Cryed the ladies, whose departure  had been fixed. Mrs. Griffin, however, expressed the need for a little more light. Who was  it she was in love with?
npu	2	s121-127105/clean/c20	005.wav	20.00	5.388	17.560	The story will tell, I took upon myself to reply.  "Oh, I can't wait for the story.  The story won't tell," said Douglas, "not in any literal vulgar way.  More's the pity, then.  Won't you tell, Douglas?"  "Well, if I don't know who she was in love with, I know who he was."
npu	2	s121-127105/clean/c20	006.wav	20.00	4.984	16.120	Let me say here distinctly to have done with it that this narrative, from an exact transcript of my own made much later, is what I shall presently give.  Poor Douglas, before his death, when it was in sight, committed to me the manuscript that reached him on the third of these days and that, on the same spot,
npu	2	s121-127105/clean/c20	007.wav	20.00	5.014	16.220	with immense effect. He began to read to our hushed little circle on the night of the fourth.  The departing ladies who had said they would stay didn't, of course. Thank heaven, stay.  They departed in consequence of arrangements made. In a rage of curiosity as they professed,  produced by the touches with
npu	2	s121-127105/clean/c20	008.wav	20.00	8.438	26.990	which he had already worked us up. The first of these touches conveyed that the written  statement took up the tale at a point after it had, in a manner, begun. He had for his  own town residence a big house filled with the spoils of travel and the trophies of the  chase, but it was to his country home.
npu	2	s121-127105/clean/c20	009.wav	20.00	4.972	16.130	old family place in Essex that he wished her immediately to proceed. The awkward thing  was that they had practically no other relations, and that his own affairs took up all his time.  There were plenty of people to help, but of course the young lady who should go down as  governess would be in supreme authority. I
npu	2	s121-127105/clean/c20	010.wav	20.00	4.505	14.490	Don't anticipate. She was young, untried, nervous. It was a vision of serious duties  in little company, of really great loneliness. Yes, but that's just the beauty of her passion.  It was the beauty of it.
npu	2	s121-127105/clean/c20	011.wav	20.00	5.190	16.830	It sounded dull, it sounded strange, and all the more so because of his main condition,  which was—she promised to do this, and she mentioned to me that when for a moment disburdened,  delighted, he held her hand, thanking her for the sacrifice.  She also said, "I'm sorry, I'm sorry, I'm sorry."
npu	2	s121-127105/ssb15/c20	000.wav	20.00	5.220	16.940	It was this observation that drew from Douglas, not immediately, but later in the evening.  A reply that had the interesting consequence to which I call attention.  Someone else told a story not particularly effective, which I thought he was not following.  Tried one of the women. He took no notice of her. He looked at me.  But it is true.
npu	2	s121-127105/ssb15/c20	001.wav	20.00	5.172	16.630	Instead of me, he saw what he spoke of.  There was a unanimous groan at first, and much reproach.  After which, in his preoccupied way, he explained,  "The story's written.  I could write to my man and then close the key.  He could send down the packet if he finds it."
npu	2	s121-127105/ssb15/c20	002.wav	20.00	5.159	16.730	The others were sent at postponement, but it was just a group of the charm teams.  To this, his answer was prompt, "Oh, thank God now, and is the record yours?"  He hung a pyre again, a woman.  She has been dead these 20 years.  She sent me the pages in question before she died.
npu	2	s121-127105/ssb15/c20	003.wav	20.00	5.438	17.560	She was the most agreeable woman I've ever known in her position.  She would have been worthy of any whatever.  God knows simply that she said so, but that I knew she hadn't.  I was sure I could see.  You'll easily judge why we're here, because the thing has been such a scare,  he continued to fix me.  You are a...
npu	2	s121-127105/ssb15/c20	004.wav	20.00	5.023	16.290	He quitted the fire and dropped back into his chair.  Probably not over second post.  It was almost the tone of hope. Everybody will stay.  Cry the ladies whose departure has been fixed.  Mrs. Griffin, however, expressed the need for a little more light.  Who was it she was in love with?
npu	2	s121-127105/ssb15/c20	005.wav	20.00	5.441	17.720	"The story will tell," I took upon myself to reply.  "Oh, I can't wait for the story.  The story won't tell," said Douglas,  "not in any literal vulgar way.  Or is the pity done?  Won't you tell Douglas?"  Well, if I don't know who she was in that way,  I know who she was.
npu	2	s121-127105/ssb15/c20	006.wav	20.00	5.011	16.210	Let me stay here distinctly to have done with it, that this narrative, from an exact transcript of my own made much later, is what I shall presently give.  Poor Douglas, before his death, when it was in sight, committed to me the manuscript that reached him on the third of these days and that, on the same spot,
npu	2	s121-127105/ssb15/c20	007.wav	20.00	14.329	46.980	with immense effect. He began to read to our hushed little circles on the night of the  fourth. The departing ladies who had said they would stay didn't, of course, thank heaven,  stay. They departed in consequence of arrangements made. In a rage of curiosity as they professed,  produced by the touches with the...
npu	2	s121-127105/ssb15/c20	008.wav	20.00	5.105	16.540	which he had already worked us up.  The first of these touches conveyed that the written statement took up the tale at a point  after it had, in a manner, begun.  He had for his own town residence a big house filled with the spoils of travel and the trophies  of the chase, but it worked at his country home.
npu	2	s121-127105/ssb15/c20	009.wav	20.00	5.392	17.550	old family place in ethics that he wished her immediately to proceed. The awkward thing  was that they had practically no other relations and that his own affairs took up all his time.  There were plenty of people to help, but of course the young lady who should go down as  governance would be in supreme authority. I believe that the young lady who should go  down as governance would be in supreme authority.
npu	2	s121-127105/ssb15/c20	010.wav	20.00	4.753	15.320	Don't ampetic me.  She was young, untried, nervous.  It was a vision of serious beauties and little company.  A really great loneliness.  Yes, but that's just the beauty of her passion.  It was the beauty of it.
npu	2	s121-127105/ssb15/c20	011.wav	20.00	4.686	15.110	It sounded dull, it sounded strange, and all the more so because of his main condition,  which was, she promised to do this, and she mentioned to me that when for a moment this  burdened, delighted, he held her hand, thanking her for the sacrifice.
npu	2	s121-127105/ssb5/c20	000.wav	20.00	4.465	14.310	[inaudible]
npu	2	s121-127105/ssb5/c20	001.wav	20.00	8.934	28.790	In the center of the city's poverty spoke of, there was a unanimous roll of this, and much approach, after which, in preoccupied way, he explained, "The story's bitten. I call it right to my man and then close the keys."  Please, please put that down the heck if you find it.
npu	2	s121-127105/ssb5/c20	002.wav	20.00	5.078	16.470	The other was that one.  But it was just a group of the child.  To this is answer was false.  Oh, thank god now.  And is the record yours?  In her fire again, a woman.  She has been dead for 20 years.  She's not indicated in question before she died.
npu	2	s121-127105/ssb5/c20	003.wav	20.00	3.427	10.740	[Side note]
npu	2	s121-127105/ssb5/c20	004.wav	20.00	3.522	11.110	[Motor]
npu	2	s121-127105/ssb5/c20	005.wav	20.00	5.464	17.830	The story won't tell. I don't know what my culture of life is.  Oh, I can't wait for the story. The story won't tell.  But that's not in any literal mold away.  Or the thing that won't.  Won't you tell Douglas?  What?  Because I don't know who she was in Love with.  I know who she was.
npu	2	s121-127105/ssb5/c20	006.wav	20.00	5.228	17.010	Let me stay here to please please have done with it.  Let this narrative, the moment in that transcript of my own made much greater,  is what I shall presently give.  For doctor, the Lord has said when it was his mind,  committed to me the manuscript that reached him on the third of his days,  and that on the same spot,
npu	2	s121-127105/ssb5/c20	007.wav	20.00	4.926	15.950	with an accent, he began to lead to a harsh typical of the '94.  The departing ratings of it said they would stay in the core,  thank heavens, they say,  in consequence of a range of things.  In a range of curiosity, as they present,  produced by the touches
npu	2	s121-127105/ssb5/c20	008.wav	20.00	5.069	16.370	which he had already worked on.  The source of these papers conveyed that the existing statement took up the tale at a point after it had, in a manner,  begun with the fact that the Gold Cow residents were big-out filled with the soiled gravel and the trophies of the shape.  But it wasn't until two years ago.
npu	2	s121-127105/ssb5/c20	009.wav	20.00	5.131	16.640	an old family place in Amnesty that he wished for immediately to be seen.  The awkward thing was that they had practically no other relations,  and that his own affairs took up all his power.  There were plenty of people to help,  but of course the young ladies who should go down as governors  would be a real quality.
npu	2	s121-127105/ssb5/c20	010.wav	20.00	4.718	15.210	Don't tell me she was young, I'm trying to be urban.  It was a vision of a theory of the future of the company.  It really was my dream.  She had perfected the vision of her passion.  It was the dream of a company.
npu	2	s121-127105/ssb5/c20	011.wav	20.00	4.829	15.570	It's out of doubt, and out of strange, and all the more so because of his main position, which was, she's all excuses.  And she mentioned to me that when she reported this burden, the likely cause, she held her hand, and told me that that's why she was so happy.
